日期,收盘,开盘,高,低,交易量,涨跌幅
1999-10-6,"1,325.40","1,301.35","1,325.46","1,301.35",-,1.85%
1999-10-7,"1,317.64","1,325.40","1,328.05","1,314.13",-,-0.59%
1999-10-8,"1,336.02","1,317.64","1,336.61","1,311.88",-,1.39%
1999-10-11,"1,335.21","1,336.02","1,339.23","1,332.96",-,-0.06%
1999-10-12,"1,313.04","1,335.21","1,335.21","1,311.80",-,-1.66%
1999-10-13,"1,285.55","1,313.04","1,313.04","1,282.80",-,-2.09%
1999-10-14,"1,283.42","1,285.55","1,289.63","1,267.62",-,-0.17%
1999-10-15,"1,247.41","1,283.42","1,283.42","1,245.39",-,-2.81%
1999-10-18,"1,254.13","1,247.41","1,254.13","1,233.70",-,0.54%
1999-10-19,"1,261.32","1,254.13","1,279.32","1,254.13",-,0.57%
1999-10-20,"1,289.43","1,261.32","1,289.44","1,261.32",-,2.23%
1999-10-21,"1,283.61","1,289.43","1,289.43","1,265.61",-,-0.45%
1999-10-22,"1,301.65","1,283.61","1,308.81","1,283.61",-,1.41%
1999-10-25,"1,293.63","1,301.65","1,301.68","1,286.07",-,-0.62%
1999-10-26,"1,281.91","1,293.63","1,303.46","1,281.86",-,-0.91%
1999-10-27,"1,296.71","1,281.91","1,299.39","1,280.48",-,1.15%
1999-10-28,"1,342.44","1,296.71","1,342.47","1,296.71",-,3.53%
1999-10-29,"1,362.93","1,342.44","1,373.17","1,342.44",-,1.53%
1999-11-1,"1,354.12","1,362.93","1,367.30","1,354.05",-,-0.65%
1999-11-2,"1,347.74","1,354.12","1,369.32","1,346.41",-,-0.47%
1999-11-3,"1,354.93","1,347.74","1,360.33","1,347.74",-,0.53%
1999-11-4,"1,362.64","1,354.93","1,369.41","1,354.93",-,0.57%
1999-11-5,"1,370.23","1,362.64","1,387.48","1,362.64",-,0.56%
1999-11-8,"1,377.01","1,370.23","1,380.78","1,365.87",-,0.49%
1999-11-9,"1,365.28","1,377.01","1,383.81","1,361.45",-,-0.85%
1999-11-10,"1,373.46","1,365.28","1,379.18","1,359.98",-,0.60%
1999-11-11,"1,381.46","1,373.46","1,382.12","1,372.19",-,0.58%
1999-11-12,"1,396.06","1,381.46","1,396.12","1,368.54",-,1.06%
1999-11-15,"1,394.39","1,396.06","1,398.58","1,392.28",-,-0.12%
1999-11-16,"1,420.07","1,394.39","1,420.36","1,394.39",-,1.84%
1999-11-17,"1,410.71","1,420.07","1,423.44","1,410.69",-,-0.66%
1999-11-18,"1,424.94","1,410.71","1,425.31","1,410.71",-,1.01%
1999-11-19,"1,422.00","1,424.94","1,424.94","1,417.54",-,-0.21%
1999-11-22,"1,420.94","1,422.00","1,425.00","1,412.40",-,-0.07%
1999-11-23,"1,404.64","1,420.94","1,423.91","1,402.20",-,-1.15%
1999-11-24,"1,417.08","1,404.64","1,419.71","1,399.17",-,0.89%
1999-11-26,"1,416.62","1,417.08","1,425.24","1,416.14",-,-0.03%
1999-11-29,"1,407.83","1,416.62","1,416.62","1,404.15",-,-0.62%
1999-11-30,"1,388.91","1,407.83","1,410.59","1,386.95",-,-1.34%
1999-12-1,"1,397.72","1,388.91","1,400.12","1,387.38",-,0.63%
1999-12-2,"1,409.04","1,397.72","1,409.04","1,397.72",-,0.81%
1999-12-3,"1,433.30","1,409.04","1,447.42","1,409.04",-,1.72%
1999-12-6,"1,423.33","1,433.30","1,434.15","1,418.25",-,-0.70%
1999-12-7,"1,409.17","1,423.33","1,426.81","1,409.17",-,-0.99%
1999-12-8,"1,403.88","1,409.17","1,415.66","1,403.88",-,-0.38%
1999-12-9,"1,408.11","1,403.88","1,418.43","1,391.47",-,0.30%
1999-12-10,"1,417.04","1,408.11","1,421.58","1,405.65",-,0.63%
1999-12-13,"1,415.22","1,417.04","1,421.58","1,410.10",-,-0.13%
1999-12-14,"1,403.17","1,415.22","1,418.30","1,401.59",-,-0.85%
1999-12-15,"1,413.33","1,403.17","1,417.40","1,396.20",-,0.72%
1999-12-16,"1,418.78","1,413.32","1,423.11","1,408.35",-,0.39%
1999-12-17,"1,421.03","1,418.78","1,431.77","1,418.78",-,0.16%
1999-12-20,"1,418.09","1,421.03","1,429.16","1,411.10",-,-0.21%
1999-12-21,"1,433.43","1,418.09","1,436.47","1,414.80",-,1.08%
1999-12-22,"1,436.13","1,433.43","1,440.02","1,429.13",-,0.19%
1999-12-23,"1,458.34","1,436.13","1,461.44","1,436.13",-,1.55%
1999-12-27,"1,457.10","1,458.34","1,463.19","1,450.83",-,-0.09%
1999-12-28,"1,457.66","1,457.09","1,462.68","1,452.78",-,0.04%
1999-12-29,"1,463.46","1,457.66","1,467.47","1,457.66",-,0.40%
1999-12-30,"1,464.47","1,463.46","1,473.10","1,462.60",-,0.07%
1999-12-31,"1,469.25","1,464.47","1,472.42","1,458.19",-,0.33%
2000-1-3,"1,455.22","1,469.25","1,478.00","1,438.36",-,-0.95%
2000-1-4,"1,399.42","1,455.22","1,455.22","1,397.43",-,-3.83%
2000-1-5,"1,402.11","1,399.42","1,413.27","1,377.68",-,0.19%
2000-1-6,"1,403.45","1,402.11","1,411.90","1,392.10",-,0.10%
2000-1-7,"1,441.47","1,403.45","1,441.47","1,400.73",-,2.71%
2000-1-10,"1,457.60","1,441.47","1,464.36","1,441.47",-,1.12%
2000-1-11,"1,438.56","1,457.60","1,458.66","1,434.42",-,-1.31%
2000-1-12,"1,432.25","1,438.56","1,442.60","1,427.08",-,-0.44%
2000-1-13,"1,449.68","1,432.25","1,454.20","1,432.25",-,1.22%
2000-1-14,"1,465.15","1,449.68","1,473.00","1,449.68",-,1.07%
2000-1-18,"1,455.14","1,465.15","1,465.15","1,451.30",-,-0.68%
2000-1-19,"1,455.90","1,455.14","1,461.39","1,448.68",-,0.05%
2000-1-20,"1,445.57","1,455.90","1,465.71","1,438.54",-,-0.71%
2000-1-21,"1,441.36","1,445.57","1,453.18","1,439.60",-,-0.29%
2000-1-24,"1,401.53","1,441.36","1,454.09","1,395.42",-,-2.76%
2000-1-25,"1,410.03","1,401.53","1,414.26","1,388.49",-,0.61%
2000-1-26,"1,404.09","1,410.03","1,412.73","1,400.16",-,-0.42%
2000-1-27,"1,398.56","1,404.09","1,418.86","1,370.99",-,-0.39%
2000-1-28,"1,360.16","1,398.56","1,398.56","1,356.20",-,-2.75%
2000-1-31,"1,394.46","1,360.16","1,394.48","1,350.14",-,2.52%
2000-2-1,"1,409.28","1,394.46","1,412.49","1,384.79",-,1.06%
2000-2-2,"1,409.12","1,409.28","1,420.61","1,403.49",-,-0.01%
2000-2-3,"1,424.97","1,409.12","1,425.78","1,398.52",-,1.12%
2000-2-4,"1,424.37","1,424.97","1,435.91","1,420.63",-,-0.04%
2000-2-7,"1,424.24","1,424.37","1,427.15","1,413.33",-,-0.01%
2000-2-8,"1,441.72","1,424.24","1,441.83","1,424.24",-,1.23%
2000-2-9,"1,411.71","1,441.72","1,444.55","1,411.65",-,-2.08%
2000-2-10,"1,416.83","1,411.70","1,422.10","1,406.43",-,0.36%
2000-2-11,"1,387.12","1,416.83","1,416.83","1,378.89",-,-2.10%
2000-2-14,"1,389.94","1,387.12","1,394.93","1,380.53",-,0.20%
2000-2-15,"1,402.05","1,389.94","1,407.72","1,376.25",-,0.87%
2000-2-16,"1,387.67","1,402.05","1,404.55","1,385.58",-,-1.03%
2000-2-17,"1,388.26","1,387.67","1,399.88","1,380.07",-,0.04%
2000-2-18,"1,346.09","1,388.26","1,388.59","1,345.32",-,-3.04%
2000-2-22,"1,352.17","1,346.09","1,358.11","1,331.88",-,0.45%
2000-2-23,"1,360.69","1,352.17","1,370.11","1,342.44",-,0.63%
2000-2-24,"1,353.43","1,360.69","1,364.80","1,329.88",-,-0.53%
2000-2-25,"1,333.36","1,353.43","1,362.14","1,329.15",-,-1.48%
2000-2-28,"1,348.05","1,333.36","1,360.82","1,325.07",-,1.10%
2000-2-29,"1,366.42","1,348.05","1,369.63","1,348.05",-,1.36%
2000-3-1,"1,379.19","1,366.42","1,383.46","1,366.42",-,0.93%
2000-3-2,"1,381.76","1,379.19","1,386.56","1,370.35",-,0.19%
2000-3-3,"1,409.17","1,381.76","1,410.88","1,381.76",-,1.98%
2000-3-6,"1,391.28","1,409.17","1,409.74","1,384.75",-,-1.27%
2000-3-7,"1,355.62","1,391.28","1,399.21","1,349.99",-,-2.56%
2000-3-8,"1,366.70","1,355.62","1,373.79","1,346.62",-,0.82%
2000-3-9,"1,401.69","1,366.70","1,401.82","1,357.88",-,2.56%
2000-3-10,"1,395.07","1,401.69","1,413.46","1,392.07",-,-0.47%
2000-3-13,"1,383.62","1,395.07","1,398.39","1,364.84",-,-0.82%
2000-3-14,"1,359.15","1,383.62","1,395.15","1,359.15",-,-1.77%
2000-3-15,"1,392.14","1,359.15","1,397.99","1,356.99",-,2.43%
2000-3-16,"1,458.47","1,392.15","1,458.47","1,392.15",-,4.76%
2000-3-17,"1,464.47","1,458.47","1,477.33","1,453.32",-,0.41%
2000-3-20,"1,456.63","1,464.47","1,470.30","1,448.49",-,-0.54%
2000-3-21,"1,493.87","1,456.63","1,493.92","1,446.06",-,2.56%
2000-3-22,"1,500.64","1,493.87","1,505.08","1,487.33",-,0.45%
2000-3-23,"1,527.35","1,500.64","1,532.50","1,492.39",-,1.78%
2000-3-24,"1,527.46","1,527.35","1,552.87","1,516.83",-,0.01%
2000-3-27,"1,523.86","1,527.46","1,534.63","1,518.46",-,-0.24%
2000-3-28,"1,507.73","1,523.86","1,527.36","1,507.09",-,-1.06%
2000-3-29,"1,508.52","1,507.73","1,521.45","1,497.45",-,0.05%
2000-3-30,"1,487.92","1,508.52","1,517.38","1,474.63",-,-1.37%
2000-3-31,"1,498.58","1,487.92","1,519.81","1,484.38",-,0.72%
2000-4-3,"1,505.97","1,498.58","1,507.19","1,486.96",-,0.49%
2000-4-4,"1,494.73","1,505.98","1,526.45","1,416.41",-,-0.75%
2000-4-5,"1,487.37","1,494.73","1,506.55","1,478.05",-,-0.49%
2000-4-6,"1,501.34","1,487.37","1,511.76","1,487.37",-,0.94%
2000-4-7,"1,516.35","1,501.34","1,518.68","1,501.34",-,1.00%
2000-4-10,"1,504.46","1,516.35","1,527.19","1,503.35",-,-0.78%
2000-4-11,"1,500.59","1,504.46","1,512.80","1,486.78",-,-0.26%
2000-4-12,"1,467.17","1,500.59","1,509.08","1,466.15",-,-2.23%
2000-4-13,"1,440.51","1,467.17","1,477.52","1,439.34",-,-1.82%
2000-4-14,"1,356.56","1,440.51","1,440.51","1,339.40",-,-5.83%
2000-4-17,"1,401.44","1,356.56","1,401.53","1,346.50",-,3.31%
2000-4-18,"1,441.61","1,401.44","1,441.61","1,397.81",-,2.87%
2000-4-19,"1,427.47","1,441.61","1,447.69","1,424.26",-,-0.98%
2000-4-20,"1,434.54","1,427.47","1,435.49","1,422.08",-,0.50%
2000-4-24,"1,429.86","1,434.54","1,434.54","1,407.13",-,-0.33%
2000-4-25,"1,477.44","1,429.86","1,477.67","1,429.86",-,3.33%
2000-4-26,"1,460.99","1,477.44","1,482.94","1,456.98",-,-1.11%
2000-4-27,"1,464.92","1,460.99","1,469.21","1,434.81",-,0.27%
2000-4-28,"1,452.43","1,464.92","1,473.62","1,448.15",-,-0.85%
2000-5-1,"1,468.25","1,452.43","1,481.51","1,452.43",-,1.09%
2000-5-2,"1,446.29","1,468.25","1,468.25","1,445.22",-,-1.50%
2000-5-3,"1,415.10","1,446.29","1,446.29","1,398.36",-,-2.16%
2000-5-4,"1,409.57","1,415.10","1,420.99","1,404.94",-,-0.39%
2000-5-5,"1,432.63","1,409.57","1,436.03","1,405.08",-,1.64%
2000-5-8,"1,424.17","1,432.63","1,432.63","1,417.05",-,-0.59%
2000-5-9,"1,412.14","1,424.17","1,430.28","1,401.85",-,-0.84%
2000-5-10,"1,383.05","1,412.14","1,412.14","1,375.14",-,-2.06%
2000-5-11,"1,407.81","1,383.05","1,410.26","1,383.05",-,1.79%
2000-5-12,"1,420.96","1,407.81","1,430.13","1,407.81",-,0.93%
2000-5-15,"1,452.36","1,420.96","1,452.39","1,416.54",-,2.21%
2000-5-16,"1,466.04","1,452.36","1,470.40","1,450.76",-,0.94%
2000-5-17,"1,447.80","1,466.04","1,466.04","1,441.67",-,-1.24%
2000-5-18,"1,437.21","1,447.80","1,458.04","1,436.59",-,-0.73%
2000-5-19,"1,406.95","1,437.21","1,437.21","1,401.74",-,-2.11%
2000-5-22,"1,400.72","1,406.95","1,410.55","1,368.73",-,-0.44%
2000-5-23,"1,373.86","1,400.72","1,403.77","1,373.43",-,-1.92%
2000-5-24,"1,399.05","1,373.86","1,401.75","1,361.09",-,1.83%
2000-5-25,"1,381.52","1,399.05","1,411.65","1,373.93",-,-1.25%
2000-5-26,"1,378.02","1,381.52","1,391.42","1,369.75",-,-0.25%
2000-5-30,"1,422.45","1,378.02","1,422.45","1,378.02",-,3.22%
2000-5-31,"1,420.60","1,422.44","1,434.49","1,415.50",-,-0.13%
2000-6-1,"1,448.81","1,420.60","1,448.81","1,420.60",-,1.99%
2000-6-2,"1,477.26","1,448.81","1,483.23","1,448.81",-,1.96%
2000-6-5,"1,467.63","1,477.26","1,477.28","1,464.68",-,-0.65%
2000-6-6,"1,457.84","1,467.63","1,471.36","1,454.74",-,-0.67%
2000-6-7,"1,471.36","1,457.84","1,474.64","1,455.06",-,0.93%
2000-6-8,"1,461.67","1,471.36","1,475.65","1,456.49",-,-0.66%
2000-6-9,"1,456.95","1,461.67","1,472.67","1,454.96",-,-0.32%
2000-6-12,"1,446.00","1,456.95","1,462.93","1,445.99",-,-0.75%
2000-6-13,"1,469.44","1,446.00","1,470.42","1,442.38",-,1.62%
2000-6-14,"1,470.54","1,469.44","1,483.62","1,467.71",-,0.07%
2000-6-15,"1,478.73","1,470.54","1,482.04","1,464.62",-,0.56%
2000-6-16,"1,464.46","1,478.73","1,480.77","1,460.42",-,-0.97%
2000-6-19,"1,486.00","1,464.46","1,488.93","1,459.05",-,1.47%
2000-6-20,"1,475.95","1,486.00","1,487.32","1,470.18",-,-0.68%
2000-6-21,"1,479.13","1,475.95","1,482.19","1,468.00",-,0.22%
2000-6-22,"1,452.18","1,479.13","1,479.13","1,448.03",-,-1.82%
2000-6-23,"1,441.48","1,452.18","1,459.94","1,438.31",-,-0.74%
2000-6-26,"1,455.31","1,441.48","1,459.66","1,441.48",-,0.96%
2000-6-27,"1,450.55","1,455.31","1,463.35","1,450.55",-,-0.33%
2000-6-28,"1,454.82","1,450.55","1,467.63","1,450.55",-,0.29%
2000-6-29,"1,442.39","1,454.82","1,455.14","1,434.63",-,-0.85%
2000-6-30,"1,454.60","1,442.39","1,454.68","1,438.71",-,0.85%
2000-7-3,"1,469.54","1,454.60","1,469.58","1,450.85",-,1.03%
2000-7-5,"1,446.23","1,469.54","1,469.54","1,442.45",-,-1.59%
2000-7-6,"1,456.67","1,446.23","1,461.65","1,439.56",-,0.72%
2000-7-7,"1,478.90","1,456.67","1,484.12","1,456.67",-,1.53%
2000-7-10,"1,475.62","1,478.90","1,486.56","1,474.76",-,-0.22%
2000-7-11,"1,480.88","1,475.62","1,488.77","1,470.48",-,0.36%
2000-7-12,"1,492.92","1,480.88","1,497.69","1,480.88",-,0.81%
2000-7-13,"1,495.84","1,492.92","1,501.39","1,489.65",-,0.20%
2000-7-14,"1,509.98","1,495.84","1,509.99","1,494.56",-,0.95%
2000-7-17,"1,510.49","1,509.98","1,517.32","1,505.26",-,0.03%
2000-7-18,"1,493.74","1,510.49","1,510.49","1,491.35",-,-1.11%
2000-7-19,"1,481.96","1,493.74","1,495.63","1,479.92",-,-0.79%
2000-7-20,"1,495.57","1,481.96","1,501.92","1,481.96",-,0.92%
2000-7-21,"1,480.19","1,495.57","1,495.57","1,477.91",-,-1.03%
2000-7-24,"1,464.29","1,480.19","1,485.88","1,463.80",-,-1.07%
2000-7-25,"1,474.47","1,464.29","1,476.23","1,464.29",-,0.70%
2000-7-26,"1,452.42","1,474.47","1,474.47","1,452.42",-,-1.50%
2000-7-27,"1,449.62","1,452.42","1,464.91","1,445.33",-,-0.19%
2000-7-28,"1,419.89","1,449.62","1,456.68","1,413.89",-,-2.05%
2000-7-31,"1,430.83","1,419.89","1,437.65","1,418.71",-,0.77%
2000-8-1,"1,438.10","1,430.83","1,443.54","1,428.96",-,0.51%
2000-8-2,"1,438.70","1,438.10","1,451.59","1,433.49",-,0.04%
2000-8-3,"1,452.56","1,438.70","1,454.19","1,425.43",-,0.96%
2000-8-4,"1,462.93","1,452.56","1,462.93","1,451.31",-,0.71%
2000-8-7,"1,479.32","1,462.93","1,480.80","1,460.72",-,1.12%
2000-8-8,"1,482.80","1,479.32","1,484.52","1,472.61",-,0.24%
2000-8-9,"1,472.87","1,482.80","1,490.33","1,471.16",-,-0.67%
2000-8-10,"1,460.25","1,472.87","1,475.15","1,459.89",-,-0.86%
2000-8-11,"1,471.84","1,460.25","1,475.72","1,453.06",-,0.79%
2000-8-14,"1,491.56","1,471.84","1,491.64","1,468.56",-,1.34%
2000-8-15,"1,484.43","1,491.56","1,493.12","1,482.74",-,-0.48%
2000-8-16,"1,479.85","1,484.43","1,496.09","1,475.74",-,-0.31%
2000-8-17,"1,496.07","1,479.85","1,499.32","1,479.85",-,1.10%
2000-8-18,"1,491.72","1,496.07","1,499.47","1,488.99",-,-0.29%
2000-8-21,"1,499.48","1,491.72","1,502.84","1,491.13",-,0.52%
2000-8-22,"1,498.13","1,499.48","1,508.45","1,497.42",-,-0.09%
2000-8-23,"1,505.97","1,498.13","1,507.20","1,489.52",-,0.52%
2000-8-24,"1,508.31","1,505.97","1,511.16","1,501.25",-,0.16%
2000-8-25,"1,506.45","1,508.31","1,513.47","1,505.09",-,-0.12%
2000-8-28,"1,514.09","1,506.45","1,523.95","1,506.45",-,0.51%
2000-8-29,"1,509.84","1,514.09","1,514.81","1,505.46",-,-0.28%
2000-8-30,"1,502.59","1,509.84","1,510.49","1,500.09",-,-0.48%
2000-8-31,"1,517.68","1,502.59","1,525.21","1,502.59",-,1.00%
2000-9-1,"1,520.77","1,517.68","1,530.09","1,515.53",-,0.20%
2000-9-5,"1,507.08","1,520.77","1,520.77","1,504.21",-,-0.90%
2000-9-6,"1,492.25","1,507.08","1,512.61","1,492.12",-,-0.98%
2000-9-7,"1,502.51","1,492.25","1,505.34","1,492.25",-,0.69%
2000-9-8,"1,494.50","1,502.51","1,502.51","1,489.88",-,-0.53%
2000-9-11,"1,489.26","1,494.50","1,506.76","1,483.01",-,-0.35%
2000-9-12,"1,481.99","1,489.26","1,496.93","1,479.67",-,-0.49%
2000-9-13,"1,484.91","1,481.99","1,487.45","1,473.61",-,0.20%
2000-9-14,"1,480.87","1,484.91","1,494.16","1,476.73",-,-0.27%
2000-9-15,"1,465.81","1,480.87","1,480.96","1,460.22",-,-1.02%
2000-9-18,"1,444.51","1,465.81","1,467.77","1,441.92",-,-1.45%
2000-9-19,"1,459.90","1,444.51","1,461.16","1,444.51",-,1.07%
2000-9-20,"1,451.34","1,459.90","1,460.49","1,430.95",-,-0.59%
2000-9-21,"1,449.05","1,451.34","1,452.77","1,436.30",-,-0.16%
2000-9-22,"1,448.72","1,449.05","1,449.05","1,421.88",-,-0.02%
2000-9-25,"1,439.03","1,448.72","1,457.42","1,435.93",-,-0.67%
2000-9-26,"1,427.21","1,439.03","1,448.04","1,425.25",-,-0.82%
2000-9-27,"1,426.57","1,427.21","1,437.22","1,419.44",-,-0.04%
2000-9-28,"1,458.29","1,426.57","1,461.69","1,425.78",-,2.22%
2000-9-29,"1,436.51","1,458.29","1,458.29","1,436.29",-,-1.49%
2000-10-2,"1,436.23","1,436.52","1,445.60","1,429.83",-,-0.02%
2000-10-3,"1,426.46","1,436.23","1,454.82","1,425.28",-,-0.68%
2000-10-4,"1,434.32","1,426.46","1,439.99","1,416.31",-,0.55%
2000-10-5,"1,436.28","1,434.32","1,444.17","1,431.80",-,0.14%
2000-10-6,"1,408.99","1,436.28","1,443.30","1,397.06",-,-1.90%
2000-10-9,"1,402.03","1,408.99","1,409.69","1,392.48",-,-0.49%
2000-10-10,"1,387.02","1,402.03","1,408.83","1,383.85",-,-1.07%
2000-10-11,"1,364.59","1,387.02","1,387.02","1,349.67",-,-1.62%
2000-10-12,"1,329.78","1,364.59","1,374.93","1,328.06",-,-2.55%
2000-10-13,"1,374.17","1,329.78","1,374.17","1,327.08",-,3.34%
2000-10-16,"1,374.62","1,374.17","1,379.48","1,365.06",-,0.03%
2000-10-17,"1,349.97","1,374.62","1,380.99","1,342.34",-,-1.79%
2000-10-18,"1,342.13","1,349.97","1,356.65","1,305.79",-,-0.58%
2000-10-19,"1,388.76","1,342.13","1,389.93","1,342.13",-,3.47%
2000-10-20,"1,396.93","1,388.76","1,408.47","1,382.19",-,0.59%
2000-10-23,"1,395.78","1,396.93","1,406.96","1,387.75",-,-0.08%
2000-10-24,"1,398.13","1,395.78","1,415.64","1,388.13",-,0.17%
2000-10-25,"1,364.90","1,398.13","1,398.13","1,362.21",-,-2.38%
2000-10-26,"1,364.44","1,364.90","1,372.72","1,337.81",-,-0.03%
2000-10-27,"1,379.58","1,364.44","1,384.57","1,364.13",-,1.11%
2000-10-30,"1,398.66","1,379.58","1,406.36","1,376.86",-,1.38%
2000-10-31,"1,429.40","1,398.66","1,432.22","1,398.66",-,2.20%
2000-11-1,"1,421.22","1,429.40","1,429.60","1,410.45",-,-0.57%
2000-11-2,"1,428.32","1,421.22","1,433.40","1,421.22",-,0.50%
2000-11-3,"1,426.69","1,428.32","1,433.21","1,420.92",-,-0.11%
2000-11-6,"1,432.19","1,428.76","1,438.46","1,427.72",-,0.39%
2000-11-7,"1,431.87","1,432.19","1,436.22","1,423.26",-,-0.02%
2000-11-8,"1,409.28","1,431.87","1,437.28","1,408.78",-,-1.58%
2000-11-9,"1,400.14","1,409.28","1,409.28","1,369.68",-,-0.65%
2000-11-10,"1,365.98","1,400.14","1,400.14","1,365.97",-,-2.44%
2000-11-13,"1,351.26","1,365.98","1,365.98","1,328.62",-,-1.08%
2000-11-14,"1,382.95","1,351.26","1,390.06","1,351.26",-,2.35%
2000-11-15,"1,389.81","1,382.95","1,395.96","1,374.75",-,0.50%
2000-11-16,"1,372.32","1,389.81","1,394.76","1,370.39",-,-1.26%
2000-11-17,"1,367.72","1,372.32","1,384.85","1,355.55",-,-0.34%
2000-11-20,"1,342.62","1,367.72","1,367.72","1,341.67",-,-1.84%
2000-11-21,"1,347.35","1,342.62","1,355.87","1,333.62",-,0.35%
2000-11-22,"1,322.36","1,347.35","1,347.35","1,321.89",-,-1.85%
2000-11-24,"1,341.77","1,322.36","1,343.83","1,322.36",-,1.47%
2000-11-27,"1,348.97","1,341.77","1,362.50","1,341.77",-,0.54%
2000-11-28,"1,336.09","1,348.97","1,358.81","1,334.97",-,-0.95%
2000-11-29,"1,341.93","1,336.09","1,352.38","1,329.28",-,0.44%
2000-11-30,"1,314.95","1,341.91","1,341.91","1,294.90",-,-2.01%
2000-12-1,"1,315.23","1,314.95","1,334.67","1,307.02",-,0.02%
2000-12-4,"1,324.97","1,315.18","1,332.06","1,310.23",-,0.74%
2000-12-5,"1,376.54","1,324.97","1,376.56","1,324.97",-,3.89%
2000-12-6,"1,351.46","1,376.54","1,376.54","1,346.15",-,-1.82%
2000-12-7,"1,343.55","1,351.46","1,353.50","1,339.26",-,-0.59%
2000-12-8,"1,369.89","1,343.55","1,380.33","1,343.55",-,1.96%
2000-12-11,"1,380.20","1,369.89","1,389.05","1,364.14",-,0.75%
2000-12-12,"1,371.18","1,380.20","1,380.27","1,370.27",-,-0.65%
2000-12-13,"1,359.99","1,371.18","1,385.82","1,358.48",-,-0.82%
2000-12-14,"1,340.93","1,359.99","1,359.99","1,340.48",-,-1.40%
2000-12-15,"1,312.15","1,340.93","1,340.93","1,305.38",-,-2.15%
2000-12-18,"1,322.74","1,312.15","1,332.32","1,312.15",-,0.81%
2000-12-19,"1,305.60","1,322.96","1,346.44","1,305.20",-,-1.30%
2000-12-20,"1,264.74","1,305.60","1,305.60","1,261.16",-,-3.13%
2000-12-21,"1,274.86","1,264.74","1,285.31","1,254.07",-,0.80%
2000-12-22,"1,305.95","1,274.86","1,305.97","1,274.86",-,2.44%
2000-12-26,"1,315.19","1,305.97","1,315.94","1,301.64",-,0.71%
2000-12-27,"1,328.92","1,315.19","1,332.03","1,310.96",-,1.04%
2000-12-28,"1,334.22","1,328.92","1,335.93","1,325.78",-,0.40%
2000-12-29,"1,320.28","1,334.22","1,340.10","1,317.51",-,-1.04%
2001-1-2,"1,283.27","1,320.28","1,320.28","1,276.05",-,-2.80%
2001-1-3,"1,347.56","1,283.27","1,347.76","1,274.62",-,5.01%
2001-1-4,"1,333.34","1,347.56","1,350.24","1,329.14",-,-1.06%
2001-1-5,"1,298.35","1,333.34","1,334.77","1,294.95",-,-2.62%
2001-1-8,"1,295.86","1,298.35","1,298.35","1,276.29",-,-0.19%
2001-1-9,"1,300.80","1,295.86","1,311.72","1,295.14",-,0.38%
2001-1-10,"1,313.27","1,300.80","1,313.76","1,287.28",-,0.96%
2001-1-11,"1,326.82","1,313.27","1,332.19","1,309.72",-,1.03%
2001-1-12,"1,318.55","1,326.82","1,333.21","1,311.59",-,-0.62%
2001-1-16,"1,326.65","1,318.32","1,327.81","1,313.33",-,0.61%
2001-1-17,"1,329.47","1,326.65","1,346.92","1,325.41",-,0.21%
2001-1-18,"1,347.97","1,329.89","1,352.71","1,327.41",-,1.39%
2001-1-19,"1,342.54","1,347.97","1,354.55","1,336.74",-,-0.40%
2001-1-22,"1,342.90","1,342.54","1,353.62","1,333.84",-,0.03%
2001-1-23,"1,360.40","1,342.90","1,362.90","1,339.63",-,1.30%
2001-1-24,"1,364.30","1,360.40","1,369.75","1,357.28",-,0.29%
2001-1-25,"1,357.51","1,364.30","1,367.35","1,354.63",-,-0.50%
2001-1-26,"1,354.95","1,357.51","1,357.51","1,342.75",-,-0.19%
2001-1-29,"1,364.17","1,354.92","1,365.54","1,350.36",-,0.68%
2001-1-30,"1,373.73","1,364.17","1,375.68","1,356.20",-,0.70%
2001-1-31,"1,366.01","1,373.73","1,383.37","1,364.66",-,-0.56%
2001-2-1,"1,373.47","1,366.01","1,373.50","1,359.34",-,0.55%
2001-2-2,"1,349.47","1,373.47","1,376.38","1,348.72",-,-1.75%
2001-2-5,"1,354.31","1,349.47","1,354.56","1,344.48",-,0.36%
2001-2-6,"1,352.26","1,354.31","1,363.55","1,350.04",-,-0.15%
2001-2-7,"1,340.89","1,352.26","1,352.26","1,334.26",-,-0.84%
2001-2-8,"1,332.53","1,341.10","1,350.32","1,332.42",-,-0.62%
2001-2-9,"1,314.76","1,332.53","1,332.53","1,309.98",-,-1.33%
2001-2-12,"1,330.31","1,314.76","1,330.96","1,313.64",-,1.18%
2001-2-13,"1,318.80","1,330.31","1,336.62","1,317.51",-,-0.87%
2001-2-14,"1,315.92","1,318.80","1,320.73","1,304.72",-,-0.22%
2001-2-15,"1,326.61","1,315.92","1,331.29","1,315.92",-,0.81%
2001-2-16,"1,301.53","1,326.61","1,326.61","1,293.18",-,-1.89%
2001-2-20,"1,278.94","1,301.53","1,307.16","1,278.44",-,-1.74%
2001-2-21,"1,255.27","1,278.94","1,282.97","1,253.16",-,-1.85%
2001-2-22,"1,252.82","1,255.27","1,259.94","1,228.33",-,-0.20%
2001-2-23,"1,245.86","1,252.82","1,252.82","1,215.44",-,-0.56%
2001-2-26,"1,267.65","1,245.86","1,267.69","1,241.71",-,1.75%
2001-2-27,"1,257.94","1,267.65","1,272.76","1,252.26",-,-0.77%
2001-2-28,"1,239.94","1,257.94","1,263.47","1,229.65",-,-1.43%
2001-3-1,"1,241.23","1,239.94","1,241.36","1,214.50",-,0.10%
2001-3-2,"1,234.18","1,241.23","1,251.01","1,219.74",-,-0.57%
2001-3-5,"1,241.41","1,234.18","1,242.55","1,234.04",-,0.59%
2001-3-6,"1,253.80","1,241.41","1,267.42","1,241.41",-,1.00%
2001-3-7,"1,261.89","1,253.80","1,263.86","1,253.80",-,0.65%
2001-3-8,"1,264.74","1,261.89","1,266.50","1,257.60",-,0.23%
2001-3-9,"1,233.42","1,264.74","1,264.74","1,228.42",-,-2.48%
2001-3-12,"1,180.16","1,233.42","1,233.42","1,176.78",-,-4.32%
2001-3-13,"1,197.66","1,180.16","1,197.83","1,171.50",-,1.48%
2001-3-14,"1,166.71","1,197.66","1,197.66","1,155.35",-,-2.58%
2001-3-15,"1,173.56","1,166.71","1,182.04","1,166.71",-,0.59%
2001-3-16,"1,150.53","1,173.56","1,173.56","1,148.64",-,-1.96%
2001-3-19,"1,170.81","1,150.53","1,173.50","1,147.18",-,1.76%
2001-3-20,"1,142.62","1,170.81","1,180.56","1,142.19",-,-2.41%
2001-3-21,"1,122.14","1,142.62","1,149.39","1,118.74",-,-1.79%
2001-3-22,"1,117.58","1,122.14","1,124.27","1,081.19",-,-0.41%
2001-3-23,"1,139.83","1,117.58","1,141.83","1,117.58",-,1.99%
2001-3-26,"1,152.69","1,139.83","1,160.02","1,139.83",-,1.13%
2001-3-27,"1,182.17","1,152.69","1,183.35","1,150.96",-,2.56%
2001-3-28,"1,153.29","1,182.17","1,182.17","1,147.83",-,-2.44%
2001-3-29,"1,147.95","1,153.29","1,161.69","1,136.26",-,-0.46%
2001-3-30,"1,160.33","1,147.95","1,162.80","1,143.83",-,1.08%
2001-4-2,"1,145.87","1,160.33","1,169.51","1,137.51",-,-1.25%
2001-4-3,"1,106.46","1,145.87","1,145.87","1,100.19",-,-3.44%
2001-4-4,"1,103.25","1,106.46","1,117.50","1,091.99",-,-0.29%
2001-4-5,"1,151.44","1,103.25","1,151.47","1,103.25",-,4.37%
2001-4-6,"1,128.43","1,151.44","1,151.44","1,119.29",-,-2.00%
2001-4-9,"1,137.59","1,128.43","1,146.13","1,126.38",-,0.81%
2001-4-10,"1,168.38","1,137.59","1,173.92","1,137.59",-,2.71%
2001-4-11,"1,165.89","1,168.38","1,182.24","1,160.26",-,-0.21%
2001-4-12,"1,183.50","1,165.89","1,183.51","1,157.73",-,1.51%
2001-4-16,"1,179.68","1,183.50","1,184.64","1,167.38",-,-0.32%
2001-4-17,"1,191.81","1,179.68","1,192.25","1,168.90",-,1.03%
2001-4-18,"1,238.16","1,191.81","1,248.42","1,191.81",-,3.89%
2001-4-19,"1,253.69","1,238.16","1,253.71","1,233.39",-,1.25%
2001-4-20,"1,242.98","1,253.70","1,253.70","1,234.41",-,-0.85%
2001-4-23,"1,224.36","1,242.98","1,242.98","1,217.47",-,-1.50%
2001-4-24,"1,209.47","1,224.36","1,233.54","1,208.89",-,-1.22%
2001-4-25,"1,228.75","1,209.47","1,232.36","1,207.38",-,1.59%
2001-4-26,"1,234.52","1,228.75","1,248.30","1,228.75",-,0.47%
2001-4-27,"1,253.05","1,234.52","1,253.07","1,234.52",-,1.50%
2001-4-30,"1,249.46","1,253.05","1,269.30","1,243.99",-,-0.29%
2001-5-1,"1,266.44","1,249.46","1,266.47","1,243.55",-,1.36%
2001-5-2,"1,267.43","1,266.44","1,272.93","1,257.70",-,0.08%
2001-5-3,"1,248.58","1,267.43","1,267.43","1,239.88",-,-1.49%
2001-5-4,"1,266.61","1,248.58","1,267.51","1,232.00",-,1.44%
2001-5-7,"1,263.51","1,266.61","1,270.00","1,259.19",-,-0.24%
2001-5-8,"1,261.20","1,266.71","1,267.01","1,253.00",-,-0.18%
2001-5-9,"1,255.54","1,261.20","1,261.65","1,247.83",-,-0.45%
2001-5-10,"1,255.18","1,255.54","1,268.14","1,254.56",-,-0.03%
2001-5-11,"1,245.67","1,255.18","1,259.84","1,240.79",-,-0.76%
2001-5-14,"1,248.92","1,245.67","1,249.68","1,241.02",-,0.26%
2001-5-15,"1,249.44","1,248.92","1,257.45","1,245.36",-,0.04%
2001-5-16,"1,284.99","1,249.44","1,286.39","1,243.02",-,2.85%
2001-5-17,"1,288.49","1,284.99","1,296.48","1,282.65",-,0.27%
2001-5-18,"1,291.96","1,288.49","1,292.06","1,281.15",-,0.27%
2001-5-21,"1,312.83","1,291.96","1,312.95","1,287.87",-,1.62%
2001-5-22,"1,309.38","1,312.83","1,315.93","1,306.89",-,-0.26%
2001-5-23,"1,289.05","1,309.38","1,309.38","1,288.70",-,-1.55%
2001-5-24,"1,293.17","1,289.05","1,295.04","1,281.22",-,0.32%
2001-5-25,"1,277.89","1,293.17","1,293.17","1,276.42",-,-1.18%
2001-5-29,"1,267.93","1,277.89","1,278.42","1,265.41",-,-0.78%
2001-5-30,"1,248.08","1,267.93","1,267.93","1,245.96",-,-1.57%
2001-5-31,"1,255.82","1,248.08","1,261.91","1,248.07",-,0.62%
2001-6-1,"1,260.67","1,255.82","1,265.34","1,246.88",-,0.39%
2001-6-4,"1,267.11","1,260.67","1,267.17","1,256.36",-,0.51%
2001-6-5,"1,283.57","1,267.11","1,286.62","1,267.11",-,1.30%
2001-6-6,"1,270.03","1,283.57","1,283.85","1,269.01",-,-1.05%
2001-6-7,"1,276.96","1,270.03","1,277.08","1,265.08",-,0.55%
2001-6-8,"1,264.96","1,276.96","1,277.11","1,259.99",-,-0.94%
2001-6-11,"1,254.39","1,264.96","1,264.96","1,249.23",-,-0.84%
2001-6-12,"1,255.85","1,254.39","1,261.00","1,235.75",-,0.12%
2001-6-13,"1,241.60","1,255.85","1,259.75","1,241.59",-,-1.13%
2001-6-14,"1,219.87","1,241.60","1,241.60","1,218.90",-,-1.75%
2001-6-15,"1,214.36","1,219.87","1,221.50","1,203.03",-,-0.45%
2001-6-18,"1,208.43","1,214.36","1,221.23","1,208.33",-,-0.49%
2001-6-19,"1,212.58","1,208.43","1,226.11","1,207.71",-,0.34%
2001-6-20,"1,223.14","1,212.58","1,225.61","1,210.07",-,0.87%
2001-6-21,"1,237.04","1,223.14","1,240.24","1,220.25",-,1.14%
2001-6-22,"1,225.35","1,237.04","1,237.73","1,221.41",-,-0.95%
2001-6-25,"1,218.60","1,225.35","1,231.50","1,213.60",-,-0.55%
2001-6-26,"1,216.76","1,218.60","1,220.70","1,204.64",-,-0.15%
2001-6-27,"1,211.07","1,216.76","1,219.92","1,207.29",-,-0.47%
2001-6-28,"1,226.20","1,211.07","1,234.44","1,211.07",-,1.25%
2001-6-29,"1,224.38","1,226.20","1,237.29","1,221.14",-,-0.15%
2001-7-2,"1,236.72","1,224.42","1,239.78","1,224.03",-,1.01%
2001-7-3,"1,234.45","1,236.71","1,236.71","1,229.43",-,-0.18%
2001-7-5,"1,219.24","1,234.45","1,234.45","1,219.15",-,-1.23%
2001-7-6,"1,190.59","1,219.24","1,219.24","1,188.74",-,-2.35%
2001-7-9,"1,198.78","1,190.59","1,201.76","1,189.75",-,0.69%
2001-7-10,"1,181.52","1,198.78","1,203.43","1,179.93",-,-1.44%
2001-7-11,"1,180.18","1,181.52","1,184.93","1,168.46",-,-0.11%
2001-7-12,"1,208.14","1,180.18","1,210.25","1,180.18",-,2.37%
2001-7-13,"1,215.68","1,208.14","1,218.54","1,203.61",-,0.62%
2001-7-16,"1,202.45","1,215.68","1,219.63","1,200.05",-,-1.09%
2001-7-17,"1,214.44","1,202.45","1,215.36","1,196.14",-,1.00%
2001-7-18,"1,207.71","1,214.44","1,214.44","1,198.33",-,-0.55%
2001-7-19,"1,215.02","1,207.71","1,225.04","1,205.80",-,0.61%
2001-7-20,"1,210.85","1,215.02","1,215.69","1,207.04",-,-0.34%
2001-7-23,"1,191.03","1,210.85","1,215.22","1,190.50",-,-1.64%
2001-7-24,"1,171.65","1,191.03","1,191.03","1,165.54",-,-1.63%
2001-7-25,"1,190.49","1,171.65","1,190.52","1,171.28",-,1.61%
2001-7-26,"1,202.93","1,190.49","1,204.18","1,182.65",-,1.04%
2001-7-27,"1,205.82","1,202.93","1,209.26","1,195.99",-,0.24%
2001-7-30,"1,204.52","1,205.82","1,209.05","1,200.41",-,-0.11%
2001-7-31,"1,211.23","1,204.52","1,222.74","1,204.52",-,0.56%
2001-8-1,"1,215.93","1,211.23","1,223.04","1,211.23",-,0.39%
2001-8-2,"1,220.75","1,215.93","1,226.27","1,215.31",-,0.40%
2001-8-3,"1,214.35","1,220.75","1,220.75","1,205.31",-,-0.52%
2001-8-6,"1,200.48","1,214.35","1,214.35","1,197.35",-,-1.14%
2001-8-7,"1,204.40","1,200.47","1,207.56","1,195.64",-,0.33%
2001-8-8,"1,183.53","1,204.40","1,206.79","1,181.27",-,-1.73%
2001-8-9,"1,183.43","1,183.53","1,184.71","1,174.68",-,-0.01%
2001-8-10,"1,190.16","1,183.43","1,193.33","1,169.55",-,0.57%
2001-8-13,"1,191.29","1,190.16","1,193.82","1,185.12",-,0.09%
2001-8-14,"1,186.73","1,191.29","1,198.79","1,184.26",-,-0.38%
2001-8-15,"1,178.02","1,186.73","1,191.21","1,177.61",-,-0.73%
2001-8-16,"1,181.66","1,178.02","1,181.80","1,166.08",-,0.31%
2001-8-17,"1,161.97","1,181.66","1,181.66","1,156.07",-,-1.67%
2001-8-20,"1,171.41","1,161.97","1,171.41","1,160.94",-,0.81%
2001-8-21,"1,157.26","1,171.41","1,179.85","1,156.56",-,-1.21%
2001-8-22,"1,165.31","1,157.26","1,168.56","1,153.34",-,0.70%
2001-8-23,"1,162.09","1,165.31","1,169.86","1,160.96",-,-0.28%
2001-8-24,"1,184.93","1,162.09","1,185.15","1,162.09",-,1.97%
2001-8-27,"1,179.21","1,184.93","1,186.85","1,178.07",-,-0.48%
2001-8-28,"1,161.51","1,179.21","1,179.66","1,161.17",-,-1.50%
2001-8-29,"1,148.56","1,161.51","1,166.97","1,147.38",-,-1.11%
2001-8-30,"1,129.03","1,148.60","1,151.75","1,124.87",-,-1.70%
2001-8-31,"1,133.58","1,129.03","1,141.83","1,126.38",-,0.40%
2001-9-4,"1,132.94","1,133.58","1,155.40","1,129.06",-,-0.06%
2001-9-5,"1,131.74","1,132.94","1,135.52","1,114.86",-,-0.11%
2001-9-6,"1,106.40","1,131.74","1,131.74","1,105.83",-,-2.24%
2001-9-7,"1,085.78","1,106.40","1,106.40","1,082.12",-,-1.86%
2001-9-10,"1,092.54","1,085.78","1,096.94","1,073.15",-,0.62%
2001-9-17,"1,038.77","1,092.54","1,092.54","1,037.46",-,-4.92%
2001-9-18,"1,032.74","1,038.77","1,046.42","1,029.25",-,-0.58%
2001-9-19,"1,016.10","1,032.74","1,038.91",984.62,-,-1.61%
2001-9-20,984.54,"1,016.10","1,016.10",984.49,-,-3.11%
2001-9-21,965.80,984.54,984.54,944.75,-,-1.90%
2001-9-24,"1,003.45",965.80,"1,008.44",965.80,-,3.90%
2001-9-25,"1,012.27","1,003.45","1,017.14",998.33,-,0.88%
2001-9-26,"1,007.04","1,012.27","1,020.29","1,002.62",-,-0.52%
2001-9-27,"1,018.61","1,007.04","1,018.92",998.24,-,1.15%
2001-9-28,"1,040.94","1,018.61","1,040.94","1,018.61",-,2.19%
2001-10-1,"1,038.55","1,040.94","1,040.94","1,026.76",-,-0.23%
2001-10-2,"1,051.33","1,038.55","1,051.33","1,034.47",-,1.23%
2001-10-3,"1,072.28","1,051.33","1,075.38","1,041.48",-,1.99%
2001-10-4,"1,069.63","1,072.28","1,084.12","1,067.82",-,-0.25%
2001-10-5,"1,071.38","1,069.62","1,072.35","1,053.50",-,0.16%
2001-10-8,"1,062.44","1,071.37","1,071.37","1,056.88",-,-0.83%
2001-10-9,"1,056.75","1,062.44","1,063.37","1,053.83",-,-0.54%
2001-10-10,"1,080.99","1,056.75","1,081.62","1,052.76",-,2.29%
2001-10-11,"1,097.43","1,080.99","1,099.16","1,080.99",-,1.52%
2001-10-12,"1,091.65","1,097.43","1,097.43","1,072.15",-,-0.53%
2001-10-15,"1,089.98","1,091.65","1,091.65","1,078.19",-,-0.15%
2001-10-16,"1,097.54","1,089.98","1,101.66","1,087.13",-,0.69%
2001-10-17,"1,077.09","1,097.54","1,107.12","1,076.57",-,-1.86%
2001-10-18,"1,068.61","1,077.09","1,077.94","1,064.54",-,-0.79%
2001-10-19,"1,073.48","1,068.61","1,075.52","1,057.24",-,0.46%
2001-10-22,"1,089.90","1,073.48","1,090.57","1,070.79",-,1.53%
2001-10-23,"1,084.78","1,089.90","1,098.99","1,081.53",-,-0.47%
2001-10-24,"1,085.20","1,084.78","1,090.26","1,079.98",-,0.04%
2001-10-25,"1,100.09","1,085.20","1,100.09","1,065.64",-,1.37%
2001-10-26,"1,104.61","1,100.09","1,110.61","1,094.24",-,0.41%
2001-10-29,"1,078.30","1,104.61","1,104.61","1,078.30",-,-2.38%
2001-10-30,"1,059.79","1,078.30","1,078.30","1,053.61",-,-1.72%
2001-10-31,"1,059.78","1,059.79","1,074.79","1,057.55",-,-0.00%
2001-11-1,"1,084.10","1,059.78","1,085.61","1,054.31",-,2.29%
2001-11-2,"1,087.20","1,084.10","1,089.63","1,075.58",-,0.29%
2001-11-5,"1,102.84","1,087.20","1,106.72","1,087.20",-,1.44%
2001-11-6,"1,118.86","1,102.84","1,119.73","1,095.36",-,1.45%
2001-11-7,"1,115.80","1,118.86","1,126.62","1,112.98",-,-0.27%
2001-11-8,"1,118.54","1,115.80","1,135.75","1,115.42",-,0.25%
2001-11-9,"1,120.31","1,118.54","1,123.02","1,111.13",-,0.16%
2001-11-12,"1,118.33","1,120.31","1,121.71","1,098.32",-,-0.18%
2001-11-13,"1,139.09","1,118.33","1,139.14","1,118.33",-,1.86%
2001-11-14,"1,141.21","1,139.09","1,148.28","1,132.87",-,0.19%
2001-11-15,"1,142.24","1,141.21","1,146.46","1,135.06",-,0.09%
2001-11-16,"1,138.65","1,142.24","1,143.52","1,129.92",-,-0.31%
2001-11-19,"1,151.06","1,138.65","1,151.06","1,138.65",-,1.09%
2001-11-20,"1,142.66","1,151.06","1,152.45","1,142.17",-,-0.73%
2001-11-21,"1,137.03","1,142.66","1,142.66","1,129.78",-,-0.49%
2001-11-23,"1,150.34","1,137.03","1,151.05","1,135.90",-,1.17%
2001-11-26,"1,157.42","1,150.34","1,157.88","1,146.17",-,0.62%
2001-11-27,"1,149.50","1,157.42","1,163.38","1,140.81",-,-0.68%
2001-11-28,"1,128.52","1,149.50","1,149.50","1,128.29",-,-1.83%
2001-11-29,"1,140.20","1,128.52","1,140.40","1,125.51",-,1.03%
2001-11-30,"1,139.45","1,140.20","1,143.57","1,135.89",-,-0.07%
2001-12-3,"1,129.90","1,139.45","1,139.45","1,125.78",-,-0.84%
2001-12-4,"1,144.80","1,129.90","1,144.80","1,128.86",-,1.32%
2001-12-5,"1,170.35","1,143.77","1,173.62","1,143.77",-,2.23%
2001-12-6,"1,167.10","1,170.35","1,173.35","1,164.43",-,-0.28%
2001-12-7,"1,158.31","1,167.10","1,167.10","1,152.66",-,-0.75%
2001-12-10,"1,139.93","1,158.31","1,158.31","1,139.66",-,-1.59%
2001-12-11,"1,136.76","1,139.93","1,150.89","1,134.32",-,-0.28%
2001-12-12,"1,137.07","1,136.76","1,141.58","1,126.01",-,0.03%
2001-12-13,"1,119.38","1,137.07","1,137.07","1,117.85",-,-1.56%
2001-12-14,"1,123.09","1,119.38","1,128.28","1,114.53",-,0.33%
2001-12-17,"1,134.36","1,123.09","1,137.30","1,122.66",-,1.00%
2001-12-18,"1,142.92","1,134.36","1,145.10","1,134.36",-,0.75%
2001-12-19,"1,149.56","1,142.92","1,152.44","1,134.75",-,0.58%
2001-12-20,"1,139.93","1,149.56","1,151.42","1,139.93",-,-0.84%
2001-12-21,"1,144.89","1,139.93","1,147.46","1,139.93",-,0.44%
2001-12-24,"1,144.65","1,144.89","1,147.83","1,144.62",-,-0.02%
2001-12-26,"1,149.37","1,144.65","1,159.18","1,144.65",-,0.41%
2001-12-27,"1,157.13","1,149.37","1,157.13","1,149.37",-,0.68%
2001-12-28,"1,161.02","1,157.13","1,164.64","1,157.13",-,0.34%
2001-12-31,"1,148.08","1,161.02","1,161.16","1,148.04",-,-1.11%
2002-1-2,"1,154.67","1,148.08","1,154.67","1,136.23",-,0.57%
2002-1-3,"1,165.27","1,154.67","1,165.27","1,154.01",-,0.92%
2002-1-4,"1,172.51","1,165.27","1,176.55","1,163.42",-,0.62%
2002-1-7,"1,164.89","1,172.51","1,176.97","1,163.55",-,-0.65%
2002-1-8,"1,160.71","1,164.89","1,167.60","1,157.46",-,-0.36%
2002-1-9,"1,155.14","1,160.71","1,174.26","1,151.89",-,-0.48%
2002-1-10,"1,156.55","1,155.14","1,159.93","1,150.85",-,0.12%
2002-1-11,"1,145.60","1,156.55","1,159.41","1,145.45",-,-0.95%
2002-1-14,"1,138.41","1,145.60","1,145.60","1,138.15",-,-0.63%
2002-1-15,"1,146.19","1,138.41","1,148.81","1,136.88",-,0.68%
2002-1-16,"1,127.57","1,146.19","1,146.19","1,127.49",-,-1.62%
2002-1-17,"1,138.88","1,127.57","1,139.27","1,127.57",-,1.00%
2002-1-18,"1,127.58","1,138.88","1,138.88","1,124.45",-,-0.99%
2002-1-22,"1,119.31","1,127.58","1,135.26","1,117.91",-,-0.73%
2002-1-23,"1,128.18","1,119.31","1,131.94","1,117.43",-,0.79%
2002-1-24,"1,132.15","1,128.18","1,139.50","1,128.18",-,0.35%
2002-1-25,"1,133.28","1,132.15","1,138.31","1,127.82",-,0.10%
2002-1-28,"1,133.06","1,133.28","1,138.63","1,126.66",-,-0.02%
2002-1-29,"1,100.64","1,133.06","1,137.47","1,098.74",-,-2.86%
2002-1-30,"1,113.57","1,100.64","1,113.79","1,081.66",-,1.17%
2002-1-31,"1,130.20","1,113.57","1,130.21","1,113.30",-,1.49%
2002-2-1,"1,122.20","1,130.20","1,130.20","1,118.51",-,-0.71%
2002-2-4,"1,094.44","1,122.20","1,122.20","1,092.25",-,-2.47%
2002-2-5,"1,090.02","1,094.44","1,100.96","1,082.58",-,-0.40%
2002-2-6,"1,083.51","1,090.02","1,093.58","1,077.78",-,-0.60%
2002-2-7,"1,080.17","1,083.51","1,094.03","1,078.44",-,-0.31%
2002-2-8,"1,096.22","1,080.17","1,096.30","1,079.91",-,1.49%
2002-2-11,"1,111.94","1,096.22","1,112.01","1,094.68",-,1.43%
2002-2-12,"1,107.50","1,111.94","1,112.68","1,102.98",-,-0.40%
2002-2-13,"1,118.51","1,107.50","1,120.56","1,107.50",-,0.99%
2002-2-14,"1,116.48","1,118.51","1,124.72","1,112.30",-,-0.18%
2002-2-15,"1,104.18","1,116.48","1,117.09","1,103.23",-,-1.10%
2002-2-19,"1,083.34","1,104.18","1,104.18","1,082.24",-,-1.89%
2002-2-20,"1,097.98","1,083.34","1,098.32","1,074.36",-,1.35%
2002-2-21,"1,080.95","1,097.98","1,101.50","1,080.24",-,-1.55%
2002-2-22,"1,089.84","1,080.95","1,093.93","1,074.39",-,0.82%
2002-2-25,"1,109.43","1,089.84","1,112.71","1,089.84",-,1.80%
2002-2-26,"1,109.38","1,109.43","1,115.05","1,101.72",-,-0.00%
2002-2-27,"1,109.89","1,109.38","1,123.06","1,102.26",-,0.05%
2002-2-28,"1,106.73","1,109.89","1,121.57","1,106.73",-,-0.28%
2002-3-1,"1,131.78","1,106.73","1,131.79","1,106.73",-,2.26%
2002-3-4,"1,153.84","1,131.78","1,153.84","1,130.93",-,1.95%
2002-3-5,"1,146.14","1,153.84","1,157.74","1,144.78",-,-0.67%
2002-3-6,"1,162.77","1,146.14","1,165.29","1,145.11",-,1.45%
2002-3-7,"1,157.54","1,162.77","1,167.94","1,150.69",-,-0.45%
2002-3-8,"1,164.31","1,157.54","1,172.76","1,157.54",-,0.58%
2002-3-11,"1,168.26","1,164.31","1,173.03","1,159.58",-,0.34%
2002-3-12,"1,165.58","1,168.26","1,168.26","1,154.34",-,-0.23%
2002-3-13,"1,154.09","1,165.58","1,165.58","1,151.01",-,-0.99%
2002-3-14,"1,153.04","1,154.09","1,157.83","1,151.08",-,-0.09%
2002-3-15,"1,166.16","1,153.04","1,166.48","1,153.04",-,1.14%
2002-3-18,"1,165.55","1,166.16","1,172.73","1,159.14",-,-0.05%
2002-3-19,"1,170.29","1,165.55","1,173.94","1,165.55",-,0.41%
2002-3-20,"1,151.85","1,170.29","1,170.29","1,151.61",-,-1.58%
2002-3-21,"1,153.59","1,151.85","1,155.10","1,139.48",-,0.15%
2002-3-22,"1,148.70","1,153.59","1,156.49","1,144.60",-,-0.42%
2002-3-25,"1,131.87","1,148.70","1,151.04","1,131.87",-,-1.47%
2002-3-26,"1,138.49","1,131.87","1,147.00","1,131.61",-,0.58%
2002-3-27,"1,144.58","1,138.49","1,146.95","1,135.33",-,0.53%
2002-3-28,"1,147.39","1,144.58","1,154.45","1,144.58",-,0.25%
2002-4-1,"1,146.54","1,147.39","1,147.84","1,132.87",-,-0.07%
2002-4-2,"1,136.76","1,146.54","1,146.54","1,135.71",-,-0.85%
2002-4-3,"1,125.40","1,136.76","1,138.85","1,119.68",-,-1.00%
2002-4-4,"1,126.34","1,125.40","1,130.45","1,120.06",-,0.08%
2002-4-5,"1,122.73","1,126.34","1,133.31","1,119.49",-,-0.32%
2002-4-8,"1,125.29","1,122.73","1,125.41","1,111.79",-,0.23%
2002-4-9,"1,117.80","1,125.29","1,128.29","1,116.73",-,-0.67%
2002-4-10,"1,130.47","1,117.80","1,131.76","1,117.80",-,1.13%
2002-4-11,"1,103.69","1,130.47","1,130.47","1,102.42",-,-2.37%
2002-4-12,"1,111.01","1,103.69","1,112.77","1,102.74",-,0.66%
2002-4-15,"1,102.55","1,111.01","1,114.86","1,099.41",-,-0.76%
2002-4-16,"1,128.37","1,102.55","1,129.40","1,102.55",-,2.34%
2002-4-17,"1,126.07","1,128.37","1,133.00","1,123.37",-,-0.20%
2002-4-18,"1,124.47","1,126.07","1,130.49","1,109.29",-,-0.14%
2002-4-19,"1,125.17","1,124.47","1,128.82","1,122.59",-,0.06%
2002-4-22,"1,107.83","1,125.17","1,125.17","1,105.62",-,-1.54%
2002-4-23,"1,100.96","1,107.83","1,111.17","1,098.94",-,-0.62%
2002-4-24,"1,093.14","1,100.96","1,108.46","1,092.51",-,-0.71%
2002-4-25,"1,091.48","1,093.14","1,094.36","1,084.81",-,-0.15%
2002-4-26,"1,076.32","1,091.48","1,096.77","1,076.31",-,-1.39%
2002-4-29,"1,065.45","1,076.32","1,078.95","1,063.62",-,-1.01%
2002-4-30,"1,076.92","1,065.45","1,082.62","1,063.46",-,1.08%
2002-5-1,"1,086.46","1,076.92","1,088.32","1,065.29",-,0.89%
2002-5-2,"1,084.56","1,086.46","1,091.42","1,079.46",-,-0.17%
2002-5-3,"1,073.43","1,084.56","1,084.56","1,068.89",-,-1.03%
2002-5-6,"1,052.67","1,073.43","1,075.96","1,052.65",-,-1.93%
2002-5-7,"1,049.49","1,052.67","1,058.67","1,048.96",-,-0.30%
2002-5-8,"1,088.85","1,049.49","1,088.92","1,049.49",-,3.75%
2002-5-9,"1,073.01","1,088.85","1,088.85","1,072.23",-,-1.45%
2002-5-10,"1,054.99","1,073.01","1,075.43","1,053.93",-,-1.68%
2002-5-13,"1,074.56","1,054.99","1,074.84","1,053.90",-,1.86%
2002-5-14,"1,097.28","1,074.56","1,097.71","1,074.56",-,2.11%
2002-5-15,"1,091.07","1,097.28","1,104.23","1,088.94",-,-0.57%
2002-5-16,"1,098.23","1,091.07","1,099.29","1,089.17",-,0.66%
2002-5-17,"1,106.59","1,098.23","1,106.59","1,096.77",-,0.76%
2002-5-20,"1,091.88","1,106.59","1,106.59","1,090.61",-,-1.33%
2002-5-21,"1,079.88","1,091.88","1,099.55","1,079.08",-,-1.10%
2002-5-22,"1,086.02","1,079.88","1,086.02","1,075.64",-,0.57%
2002-5-23,"1,097.08","1,086.02","1,097.10","1,080.55",-,1.02%
2002-5-24,"1,083.82","1,097.08","1,097.08","1,082.19",-,-1.21%
2002-5-28,"1,074.55","1,083.82","1,085.98","1,070.31",-,-0.86%
2002-5-29,"1,067.66","1,074.55","1,074.83","1,067.66",-,-0.64%
2002-5-30,"1,064.66","1,067.66","1,069.50","1,054.26",-,-0.28%
2002-5-31,"1,067.14","1,064.66","1,079.93","1,064.66",-,0.23%
2002-6-3,"1,040.68","1,067.14","1,070.74","1,039.90",-,-2.48%
2002-6-4,"1,040.69","1,040.68","1,046.06","1,030.52",-,0.00%
2002-6-5,"1,049.90","1,040.69","1,050.11","1,038.84",-,0.88%
2002-6-6,"1,029.15","1,049.90","1,049.90","1,026.91",-,-1.98%
2002-6-7,"1,027.53","1,029.15","1,033.02","1,012.49",-,-0.16%
2002-6-10,"1,030.74","1,027.53","1,038.18","1,025.45",-,0.31%
2002-6-11,"1,013.60","1,030.74","1,039.04","1,012.94",-,-1.66%
2002-6-12,"1,020.26","1,013.26","1,021.85","1,002.58",-,0.66%
2002-6-13,"1,009.56","1,020.26","1,023.47","1,008.12",-,-1.05%
2002-6-14,"1,007.27","1,009.56","1,009.56",981.63,-,-0.23%
2002-6-17,"1,036.17","1,007.27","1,036.17","1,007.27",-,2.87%
2002-6-18,"1,037.14","1,036.17","1,040.83","1,030.92",-,0.09%
2002-6-19,"1,019.99","1,037.14","1,037.61","1,017.88",-,-1.65%
2002-6-20,"1,006.29","1,019.99","1,023.33","1,004.59",-,-1.34%
2002-6-21,989.14,"1,006.29","1,006.29",985.65,-,-1.70%
2002-6-24,992.72,989.14,"1,002.11",970.85,-,0.36%
2002-6-25,976.14,992.72,"1,005.88",974.21,-,-1.67%
2002-6-26,973.53,976.14,977.43,952.92,-,-0.27%
2002-6-27,990.64,973.53,990.67,963.74,-,1.76%
2002-6-28,989.82,990.64,"1,001.79",988.31,-,-0.08%
2002-7-1,968.65,989.82,994.46,967.43,-,-2.14%
2002-7-2,948.09,968.65,968.65,945.54,-,-2.12%
2002-7-3,953.99,948.09,954.30,934.87,-,0.62%
2002-7-5,989.03,953.99,989.07,953.99,-,3.67%
2002-7-8,976.98,989.03,993.56,972.91,-,-1.22%
2002-7-9,952.83,976.98,979.63,951.71,-,-2.47%
2002-7-10,920.47,952.83,956.34,920.29,-,-3.40%
2002-7-11,927.37,920.47,929.16,900.94,-,0.75%
2002-7-12,921.39,927.37,934.31,913.71,-,-0.64%
2002-7-15,917.93,921.39,921.39,876.46,-,-0.38%
2002-7-16,900.94,917.93,918.65,897.13,-,-1.85%
2002-7-17,906.04,901.05,926.52,895.03,-,0.57%
2002-7-18,881.56,905.45,907.80,880.60,-,-2.70%
2002-7-19,847.75,881.56,881.56,842.07,-,-3.84%
2002-7-22,819.85,847.76,854.13,813.26,-,-3.29%
2002-7-23,797.70,819.85,827.69,796.13,-,-2.70%
2002-7-24,843.43,797.71,844.32,775.68,-,5.73%
2002-7-25,838.68,843.42,853.83,816.11,-,-0.56%
2002-7-26,852.84,838.68,852.85,835.92,-,1.69%
2002-7-29,898.96,852.84,898.96,852.84,-,5.41%
2002-7-30,902.78,898.96,909.81,884.70,-,0.42%
2002-7-31,911.62,902.78,911.64,889.88,-,0.98%
2002-8-1,884.66,911.62,911.62,882.48,-,-2.96%
2002-8-2,864.24,884.40,884.72,853.95,-,-2.31%
2002-8-5,834.60,864.24,864.24,833.44,-,-3.43%
2002-8-6,859.57,834.60,874.44,834.60,-,2.99%
2002-8-7,876.77,859.57,878.74,854.15,-,2.00%
2002-8-8,905.46,876.77,905.84,875.17,-,3.27%
2002-8-9,908.64,898.73,913.95,890.77,-,0.35%
2002-8-12,903.80,908.64,908.64,892.38,-,-0.53%
2002-8-13,884.21,903.80,911.71,883.62,-,-2.17%
2002-8-14,919.62,884.21,920.21,876.20,-,4.00%
2002-8-15,930.25,919.62,933.29,918.17,-,1.16%
2002-8-16,928.77,930.25,935.38,916.21,-,-0.16%
2002-8-19,950.70,928.77,951.17,927.21,-,2.36%
2002-8-20,937.43,950.70,950.70,931.86,-,-1.40%
2002-8-21,949.36,937.43,951.59,931.32,-,1.27%
2002-8-22,962.70,949.36,965.00,946.43,-,1.41%
2002-8-23,940.86,962.70,962.70,937.17,-,-2.27%
2002-8-26,947.95,940.86,950.80,930.42,-,0.75%
2002-8-27,934.82,947.95,955.82,930.36,-,-1.39%
2002-8-28,917.87,934.82,934.82,913.21,-,-1.81%
2002-8-29,917.80,917.87,924.59,903.33,-,-0.01%
2002-8-30,916.07,917.80,928.15,910.17,-,-0.19%
2002-9-3,878.02,916.07,916.07,877.51,-,-4.15%
2002-9-4,893.40,878.02,896.10,875.73,-,1.75%
2002-9-5,879.15,893.40,893.40,870.50,-,-1.60%
2002-9-6,893.92,879.15,899.07,879.15,-,1.68%
2002-9-9,902.96,893.92,907.34,882.92,-,1.01%
2002-9-10,909.58,902.96,909.89,900.50,-,0.73%
2002-9-11,909.45,910.63,924.02,908.47,-,-0.01%
2002-9-12,886.91,909.45,909.45,884.84,-,-2.48%
2002-9-13,889.81,886.91,892.75,877.05,-,0.33%
2002-9-16,891.10,889.81,891.84,878.91,-,0.14%
2002-9-17,873.52,891.10,902.68,872.38,-,-1.97%
2002-9-18,869.46,873.52,878.45,857.39,-,-0.46%
2002-9-19,843.32,869.46,869.46,843.09,-,-3.01%
2002-9-20,845.39,843.32,849.32,839.09,-,0.25%
2002-9-23,833.70,845.39,845.39,825.76,-,-1.38%
2002-9-24,819.29,833.70,833.70,817.38,-,-1.73%
2002-9-25,839.66,819.27,844.22,818.46,-,2.49%
2002-9-26,854.95,839.66,856.60,839.66,-,1.82%
2002-9-27,827.37,854.95,854.95,826.84,-,-3.23%
2002-9-30,815.28,827.37,827.37,800.20,-,-1.46%
2002-10-1,847.91,815.28,847.93,812.82,-,4.00%
2002-10-2,827.91,843.77,851.93,826.50,-,-2.36%
2002-10-3,818.95,827.91,840.02,817.25,-,-1.08%
2002-10-4,800.58,818.95,825.90,794.10,-,-2.24%
2002-10-7,785.28,800.58,808.21,782.96,-,-1.91%
2002-10-8,798.55,785.28,808.86,779.50,-,1.69%
2002-10-9,776.76,798.55,798.55,775.80,-,-2.73%
2002-10-10,803.92,776.76,806.51,768.63,-,3.50%
2002-10-11,835.32,803.92,843.27,803.92,-,3.91%
2002-10-14,841.44,835.32,844.39,828.37,-,0.73%
2002-10-15,881.27,841.44,881.27,841.44,-,4.73%
2002-10-16,860.02,881.27,881.27,856.28,-,-2.41%
2002-10-17,879.20,860.02,885.35,860.02,-,2.23%
2002-10-18,884.39,879.20,886.68,866.58,-,0.59%
2002-10-21,899.72,884.39,900.69,873.06,-,1.73%
2002-10-22,890.16,899.72,899.72,882.40,-,-1.06%
2002-10-23,896.14,890.16,896.14,873.82,-,0.67%
2002-10-24,882.50,896.14,902.94,879.00,-,-1.52%
2002-10-25,897.65,882.50,897.71,877.03,-,1.72%
2002-10-28,890.23,897.65,907.44,886.15,-,-0.83%
2002-10-29,882.15,890.23,890.64,867.91,-,-0.91%
2002-10-30,890.71,882.15,895.28,879.19,-,0.97%
2002-10-31,885.76,890.71,898.83,879.75,-,-0.56%
2002-11-1,900.96,885.76,903.42,877.71,-,1.72%
2002-11-4,908.35,900.96,924.58,900.96,-,0.82%
2002-11-5,915.39,908.35,915.83,904.91,-,0.78%
2002-11-6,923.76,915.39,925.66,905.00,-,0.91%
2002-11-7,902.65,923.76,923.76,898.68,-,-2.29%
2002-11-8,894.74,902.65,910.11,891.62,-,-0.88%
2002-11-11,876.19,894.74,894.74,874.63,-,-2.07%
2002-11-12,882.95,876.19,894.30,876.19,-,0.77%
2002-11-13,882.53,882.95,892.51,872.05,-,-0.05%
2002-11-14,904.27,882.53,904.27,882.53,-,2.46%
2002-11-15,909.83,904.27,910.21,895.35,-,0.61%
2002-11-18,900.36,909.83,915.91,899.48,-,-1.04%
2002-11-19,896.74,900.36,905.45,893.09,-,-0.40%
2002-11-20,914.15,896.74,915.01,894.93,-,1.94%
2002-11-21,933.76,914.15,935.13,914.15,-,2.15%
2002-11-22,930.55,933.76,937.28,928.41,-,-0.34%
2002-11-25,932.87,930.55,937.15,923.31,-,0.25%
2002-11-26,913.31,932.87,932.87,912.10,-,-2.10%
2002-11-27,938.87,913.31,940.41,913.31,-,2.80%
2002-11-29,936.31,938.87,941.82,935.58,-,-0.27%
2002-12-2,934.53,936.31,954.28,927.72,-,-0.19%
2002-12-3,920.75,934.53,934.53,918.73,-,-1.47%
2002-12-4,917.58,920.75,925.25,909.51,-,-0.34%
2002-12-5,906.55,917.58,921.49,905.90,-,-1.20%
2002-12-6,912.23,906.55,915.48,895.96,-,0.63%
2002-12-9,892.00,912.23,912.23,891.97,-,-2.22%
2002-12-10,904.45,892.00,904.95,892.00,-,1.40%
2002-12-11,904.96,904.45,909.94,896.48,-,0.06%
2002-12-12,901.58,904.96,908.37,897.00,-,-0.37%
2002-12-13,889.48,901.58,901.58,888.48,-,-1.34%
2002-12-16,910.40,889.48,910.42,889.48,-,2.35%
2002-12-17,902.99,910.40,911.22,901.74,-,-0.81%
2002-12-18,891.12,902.99,902.99,887.82,-,-1.31%
2002-12-19,884.25,890.02,899.19,880.32,-,-0.77%
2002-12-20,895.76,884.25,897.79,884.25,-,1.30%
2002-12-23,897.38,895.74,902.43,892.26,-,0.18%
2002-12-24,892.47,897.38,897.38,892.29,-,-0.55%
2002-12-26,889.66,892.47,903.89,887.48,-,-0.31%
2002-12-27,875.40,889.66,890.46,873.62,-,-1.60%
2002-12-30,879.39,875.40,882.10,870.23,-,0.46%
2002-12-31,879.82,879.39,881.93,869.45,-,0.05%
2003-1-2,909.03,879.82,909.03,879.82,-,3.32%
2003-1-3,908.59,909.03,911.25,903.07,-,-0.05%
2003-1-6,929.01,908.59,931.77,908.59,-,2.25%
2003-1-7,922.93,929.01,930.81,919.93,-,-0.65%
2003-1-8,909.93,922.93,922.93,908.32,-,-1.41%
2003-1-9,927.57,909.93,928.31,909.93,-,1.94%
2003-1-10,927.57,927.58,932.89,917.66,-,0.00%
2003-1-13,926.26,927.57,935.05,922.05,-,-0.14%
2003-1-14,931.66,926.26,931.66,921.72,-,0.58%
2003-1-15,918.22,931.66,932.59,916.70,-,-1.44%
2003-1-16,914.60,918.22,926.03,911.98,-,-0.39%
2003-1-17,901.78,914.60,914.60,899.02,-,-1.40%
2003-1-21,887.62,901.78,906.00,887.62,-,-1.57%
2003-1-22,878.36,887.62,889.74,877.64,-,-1.04%
2003-1-23,887.34,878.36,890.25,876.89,-,1.02%
2003-1-24,861.40,887.34,887.34,859.71,-,-2.92%
2003-1-27,847.48,861.40,863.95,844.25,-,-1.62%
2003-1-28,858.54,847.48,860.76,847.48,-,1.31%
2003-1-29,864.36,858.54,868.72,845.86,-,0.68%
2003-1-30,844.61,864.36,865.48,843.74,-,-2.28%
2003-1-31,855.70,844.61,858.33,840.34,-,1.31%
2003-2-3,860.32,855.70,864.64,855.70,-,0.54%
2003-2-4,848.20,860.32,860.32,840.19,-,-1.41%
2003-2-5,843.59,848.20,861.63,842.11,-,-0.54%
2003-2-6,838.15,843.59,844.23,833.25,-,-0.64%
2003-2-7,829.69,838.15,845.73,826.70,-,-1.01%
2003-2-10,835.97,829.69,837.16,823.53,-,0.76%
2003-2-11,829.20,835.97,843.02,825.09,-,-0.81%
2003-2-12,818.68,829.20,832.12,818.49,-,-1.27%
2003-2-13,817.37,818.68,821.25,806.29,-,-0.16%
2003-2-14,834.89,817.37,834.89,815.03,-,2.14%
2003-2-18,851.17,834.89,852.87,834.89,-,1.95%
2003-2-19,845.13,851.17,851.17,838.79,-,-0.71%
2003-2-20,837.10,845.13,849.37,836.56,-,-0.95%
2003-2-21,848.17,837.10,852.28,831.48,-,1.32%
2003-2-24,832.58,848.17,848.17,832.16,-,-1.84%
2003-2-25,838.57,832.58,839.55,818.54,-,0.72%
2003-2-26,827.55,838.57,840.10,826.68,-,-1.31%
2003-2-27,837.28,827.55,842.19,827.55,-,1.18%
2003-2-28,841.15,837.28,847.00,837.28,-,0.46%
2003-3-3,834.81,841.15,852.34,832.74,-,-0.75%
2003-3-4,821.99,834.81,835.43,821.96,-,-1.54%
2003-3-5,829.85,821.99,829.87,819.00,-,0.96%
2003-3-6,822.10,829.85,829.85,819.85,-,-0.93%
2003-3-7,828.89,822.10,829.55,811.23,-,0.83%
2003-3-10,807.48,828.89,828.89,806.57,-,-2.58%
2003-3-11,800.73,807.48,814.25,800.30,-,-0.84%
2003-3-12,804.19,800.73,804.19,788.90,-,0.43%
2003-3-13,831.90,804.19,832.02,804.19,-,3.45%
2003-3-14,833.27,831.89,841.39,828.26,-,0.16%
2003-3-17,862.79,833.27,862.79,827.17,-,3.54%
2003-3-18,866.45,862.79,866.94,857.36,-,0.42%
2003-3-19,874.02,866.45,874.99,861.21,-,0.87%
2003-3-20,875.67,874.02,879.60,859.01,-,0.19%
2003-3-21,895.79,875.84,895.90,875.84,-,2.30%
2003-3-24,864.23,895.79,895.79,862.02,-,-3.52%
2003-3-25,874.74,864.23,879.87,862.59,-,1.22%
2003-3-26,869.95,874.74,875.80,866.47,-,-0.55%
2003-3-27,868.52,869.95,874.15,858.09,-,-0.16%
2003-3-28,863.50,868.52,869.88,860.83,-,-0.58%
2003-3-31,848.18,863.50,863.50,843.68,-,-1.77%
2003-4-1,858.48,848.18,861.28,847.85,-,1.21%
2003-4-2,880.90,858.48,884.57,858.48,-,2.61%
2003-4-3,876.45,880.90,885.89,876.12,-,-0.51%
2003-4-4,878.85,876.45,882.73,874.23,-,0.27%
2003-4-7,879.93,878.85,904.89,878.85,-,0.12%
2003-4-8,878.29,879.93,883.11,874.68,-,-0.19%
2003-4-9,865.99,878.29,887.35,865.72,-,-1.40%
2003-4-10,871.58,865.99,871.78,862.76,-,0.65%
2003-4-11,868.30,871.58,883.34,865.92,-,-0.38%
2003-4-14,885.23,868.30,885.26,868.30,-,1.95%
2003-4-15,890.81,885.23,891.27,881.85,-,0.63%
2003-4-16,879.91,890.81,896.77,877.93,-,-1.22%
2003-4-17,893.58,879.91,893.83,879.20,-,1.55%
2003-4-21,892.01,893.58,898.01,888.17,-,-0.18%
2003-4-22,911.37,892.01,911.74,886.70,-,2.17%
2003-4-23,919.02,911.37,919.74,909.89,-,0.84%
2003-4-24,911.43,919.02,919.02,906.69,-,-0.83%
2003-4-25,898.81,911.43,911.43,897.52,-,-1.38%
2003-4-28,914.84,898.81,918.15,898.81,-,1.78%
2003-4-29,917.84,914.84,924.24,911.10,-,0.33%
2003-4-30,916.92,917.84,922.01,911.70,-,-0.10%
2003-5-1,916.30,916.92,919.68,902.83,-,-0.07%
2003-5-2,930.08,916.30,930.56,912.35,-,1.50%
2003-5-5,926.55,930.08,933.88,924.55,-,-0.38%
2003-5-6,934.39,926.55,939.61,926.38,-,0.85%
2003-5-7,929.62,934.39,937.22,926.41,-,-0.51%
2003-5-8,920.27,929.62,929.62,919.72,-,-1.01%
2003-5-9,933.41,920.27,933.77,920.27,-,1.43%
2003-5-12,945.11,933.41,946.84,929.30,-,1.25%
2003-5-13,942.30,945.11,947.51,938.91,-,-0.30%
2003-5-14,939.28,942.30,947.29,935.24,-,-0.32%
2003-5-15,946.67,939.28,948.23,938.79,-,0.79%
2003-5-16,944.30,946.67,948.65,938.60,-,-0.25%
2003-5-19,920.77,944.30,944.30,920.23,-,-2.49%
2003-5-20,919.73,920.77,925.34,912.05,-,-0.11%
2003-5-21,923.42,919.73,923.85,914.91,-,0.40%
2003-5-22,931.87,923.42,935.30,922.54,-,0.92%
2003-5-23,933.22,931.87,935.20,927.42,-,0.14%
2003-5-27,951.48,933.22,952.76,927.33,-,1.96%
2003-5-28,953.22,951.48,959.39,950.12,-,0.18%
2003-5-29,949.64,953.22,962.08,946.23,-,-0.38%
2003-5-30,963.59,949.64,965.38,949.64,-,1.47%
2003-6-2,967.00,963.59,979.11,963.59,-,0.35%
2003-6-3,971.56,967.00,973.02,964.47,-,0.47%
2003-6-4,986.24,971.56,987.85,970.72,-,1.51%
2003-6-5,990.14,986.24,990.14,978.13,-,0.40%
2003-6-6,987.76,990.14,"1,007.69",986.01,-,-0.24%
2003-6-9,975.93,987.76,987.76,972.59,-,-1.20%
2003-6-10,984.84,975.93,984.84,975.93,-,0.91%
2003-6-11,997.48,984.84,997.48,981.61,-,1.28%
2003-6-12,998.51,997.48,"1,002.74",991.27,-,0.10%
2003-6-13,988.61,998.51,"1,000.92",984.27,-,-0.99%
2003-6-16,"1,010.74",988.61,"1,010.86",988.61,-,2.24%
2003-6-17,"1,011.66","1,010.74","1,015.33","1,007.04",-,0.09%
2003-6-18,"1,010.09","1,011.66","1,015.12","1,004.61",-,-0.16%
2003-6-19,994.70,"1,010.09","1,011.22",993.08,-,-1.52%
2003-6-20,995.69,994.70,"1,002.09",993.36,-,0.10%
2003-6-23,981.64,995.69,995.69,977.40,-,-1.41%
2003-6-24,983.45,981.64,987.84,979.08,-,0.18%
2003-6-25,975.32,983.45,991.64,974.86,-,-0.83%
2003-6-26,985.82,975.32,986.53,973.80,-,1.08%
2003-6-27,976.22,985.82,988.88,974.29,-,-0.97%
2003-6-30,974.50,976.22,983.61,973.60,-,-0.18%
2003-7-1,982.32,974.50,983.26,962.10,-,0.80%
2003-7-2,993.75,982.32,993.78,982.32,-,1.16%
2003-7-3,985.70,993.75,995.00,983.34,-,-0.81%
2003-7-7,"1,004.42",985.70,"1,005.56",985.70,-,1.90%
2003-7-8,"1,007.84","1,004.42","1,008.92",998.73,-,0.34%
2003-7-9,"1,002.21","1,007.84","1,010.43",998.17,-,-0.56%
2003-7-10,988.70,"1,002.21","1,002.21",983.63,-,-1.35%
2003-7-11,998.14,988.70,"1,000.86",988.70,-,0.95%
2003-7-14,"1,003.86",998.14,"1,015.41",998.14,-,0.57%
2003-7-15,"1,000.42","1,003.86","1,009.61",996.67,-,-0.34%
2003-7-16,994.09,"1,000.42","1,003.47",989.30,-,-0.63%
2003-7-17,981.73,994.00,994.00,978.60,-,-1.24%
2003-7-18,993.32,981.73,994.25,981.71,-,1.18%
2003-7-21,978.80,993.32,993.32,975.63,-,-1.46%
2003-7-22,988.11,978.80,990.29,976.08,-,0.95%
2003-7-23,988.61,988.11,989.86,979.79,-,0.05%
2003-7-24,981.60,988.61,998.89,981.07,-,-0.71%
2003-7-25,998.68,981.60,998.71,977.49,-,1.74%
2003-7-28,996.52,998.68,"1,000.68",993.59,-,-0.22%
2003-7-29,989.28,996.52,998.64,984.15,-,-0.73%
2003-7-30,987.49,989.28,992.62,985.96,-,-0.18%
2003-7-31,990.31,987.49,"1,004.59",987.49,-,0.29%
2003-8-1,980.15,990.31,990.31,978.86,-,-1.03%
2003-8-4,982.82,980.15,985.75,966.79,-,0.27%
2003-8-5,965.46,982.82,982.82,964.97,-,-1.77%
2003-8-6,967.08,965.46,975.74,960.84,-,0.17%
2003-8-7,974.12,967.08,974.89,963.82,-,0.73%
2003-8-8,977.59,974.12,980.57,973.83,-,0.36%
2003-8-11,980.59,977.59,985.46,974.21,-,0.31%
2003-8-12,990.35,980.59,990.41,979.90,-,1.00%
2003-8-13,984.03,990.35,992.50,980.85,-,-0.64%
2003-8-14,990.51,984.03,991.91,980.36,-,0.66%
2003-8-15,990.67,990.51,992.39,987.10,-,0.02%
2003-8-18,999.74,990.67,"1,000.35",990.67,-,0.92%
2003-8-19,"1,002.35",999.74,"1,003.30",995.30,-,0.26%
2003-8-20,"1,000.30","1,002.35","1,003.54",996.62,-,-0.20%
2003-8-21,"1,003.27","1,000.30","1,009.53",999.33,-,0.30%
2003-8-22,993.06,"1,003.27","1,011.01",992.62,-,-1.02%
2003-8-25,993.71,993.06,993.71,987.91,-,0.07%
2003-8-26,996.73,993.71,997.93,983.57,-,0.30%
2003-8-27,996.79,996.73,998.05,993.33,-,0.01%
2003-8-28,"1,002.84",996.79,"1,004.12",991.42,-,0.61%
2003-8-29,"1,008.01","1,002.84","1,008.85",999.52,-,0.52%
2003-9-2,"1,021.99","1,008.01","1,022.59","1,005.73",-,1.39%
2003-9-3,"1,026.27","1,021.99","1,029.34","1,021.99",-,0.42%
2003-9-4,"1,027.97","1,026.27","1,029.17","1,022.19",-,0.17%
2003-9-5,"1,021.39","1,027.97","1,029.21","1,018.19",-,-0.64%
2003-9-8,"1,031.64","1,021.39","1,032.41","1,021.39",-,1.00%
2003-9-9,"1,023.17","1,031.64","1,031.64","1,021.14",-,-0.82%
2003-9-10,"1,010.92","1,023.17","1,023.17","1,009.74",-,-1.20%
2003-9-11,"1,016.42","1,010.92","1,020.88","1,010.92",-,0.54%
2003-9-12,"1,018.63","1,016.42","1,019.65","1,007.71",-,0.22%
2003-9-15,"1,014.81","1,018.63","1,019.79","1,013.59",-,-0.38%
2003-9-16,"1,029.32","1,014.81","1,029.66","1,014.81",-,1.43%
2003-9-17,"1,025.97","1,029.32","1,031.34","1,024.53",-,-0.33%
2003-9-18,"1,039.58","1,025.97","1,040.16","1,025.75",-,1.33%
2003-9-19,"1,036.30","1,039.58","1,040.29","1,031.89",-,-0.32%
2003-9-22,"1,022.82","1,036.30","1,036.30","1,018.30",-,-1.30%
2003-9-23,"1,029.03","1,022.82","1,030.12","1,021.54",-,0.61%
2003-9-24,"1,009.38","1,029.03","1,029.83","1,008.93",-,-1.91%
2003-9-25,"1,003.27","1,009.38","1,015.97","1,003.26",-,-0.61%
2003-9-26,996.85,"1,003.27","1,003.45",996.08,-,-0.64%
2003-9-29,"1,006.58",996.85,"1,006.89",995.31,-,0.98%
2003-9-30,995.97,"1,006.58","1,006.58",990.36,-,-1.05%
2003-10-1,"1,018.22",995.97,"1,018.22",995.97,-,2.23%
2003-10-2,"1,020.24","1,018.22","1,021.87","1,013.38",-,0.20%
2003-10-3,"1,029.85","1,020.24","1,039.31","1,020.24",-,0.94%
2003-10-6,"1,034.35","1,029.85","1,036.48","1,029.15",-,0.44%
2003-10-7,"1,039.25","1,034.35","1,039.25","1,026.27",-,0.47%
2003-10-8,"1,033.78","1,039.25","1,040.06","1,030.96",-,-0.53%
2003-10-9,"1,038.73","1,033.78","1,048.28","1,033.78",-,0.48%
2003-10-10,"1,038.06","1,038.73","1,040.84","1,035.74",-,-0.06%
2003-10-13,"1,045.35","1,038.06","1,048.90","1,038.06",-,0.70%
2003-10-14,"1,049.48","1,045.35","1,049.49","1,040.84",-,0.40%
2003-10-15,"1,046.76","1,049.48","1,053.79","1,043.15",-,-0.26%
2003-10-16,"1,050.07","1,046.76","1,052.94","1,044.04",-,0.32%
2003-10-17,"1,039.32","1,050.07","1,051.89","1,036.57",-,-1.02%
2003-10-20,"1,044.68","1,039.32","1,044.69","1,036.13",-,0.52%
2003-10-21,"1,046.03","1,044.68","1,048.57","1,042.59",-,0.13%
2003-10-22,"1,030.36","1,046.03","1,046.03","1,028.39",-,-1.50%
2003-10-23,"1,033.77","1,030.36","1,035.44","1,025.89",-,0.33%
2003-10-24,"1,028.91","1,033.77","1,033.77","1,018.32",-,-0.47%
2003-10-27,"1,031.13","1,028.91","1,037.75","1,028.91",-,0.22%
2003-10-28,"1,046.79","1,031.13","1,046.79","1,031.13",-,1.52%
2003-10-29,"1,048.11","1,046.79","1,049.83","1,043.35",-,0.13%
2003-10-30,"1,046.94","1,048.11","1,052.81","1,043.82",-,-0.11%
2003-10-31,"1,050.71","1,046.94","1,053.09","1,046.94",-,0.36%
2003-11-3,"1,059.02","1,050.71","1,061.44","1,050.71",-,0.79%
2003-11-4,"1,053.25","1,059.02","1,059.02","1,051.70",-,-0.54%
2003-11-5,"1,051.81","1,053.25","1,054.54","1,044.88",-,-0.14%
2003-11-6,"1,058.05","1,051.81","1,058.94","1,046.93",-,0.59%
2003-11-7,"1,053.21","1,058.05","1,062.39","1,052.17",-,-0.46%
2003-11-10,"1,047.11","1,053.21","1,053.65","1,045.58",-,-0.58%
2003-11-11,"1,046.57","1,047.11","1,048.23","1,043.46",-,-0.05%
2003-11-12,"1,058.53","1,046.57","1,059.10","1,046.57",-,1.14%
2003-11-13,"1,058.41","1,058.56","1,059.62","1,052.96",-,-0.01%
2003-11-14,"1,050.35","1,058.41","1,063.65","1,048.11",-,-0.76%
2003-11-17,"1,043.63","1,050.35","1,050.35","1,035.28",-,-0.64%
2003-11-18,"1,034.15","1,043.63","1,048.77","1,034.00",-,-0.91%
2003-11-19,"1,042.44","1,034.15","1,043.95","1,034.15",-,0.80%
2003-11-20,"1,033.65","1,042.44","1,046.48","1,033.42",-,-0.84%
2003-11-21,"1,035.28","1,033.65","1,037.57","1,031.20",-,0.16%
2003-11-24,"1,052.08","1,035.28","1,052.08","1,035.28",-,1.62%
2003-11-25,"1,053.89","1,052.08","1,058.05","1,049.31",-,0.17%
2003-11-26,"1,058.45","1,053.89","1,058.45","1,048.28",-,0.43%
2003-11-28,"1,058.20","1,058.45","1,060.63","1,056.77",-,-0.02%
2003-12-1,"1,070.12","1,058.20","1,070.47","1,058.20",-,1.13%
2003-12-2,"1,066.62","1,070.12","1,071.22","1,065.22",-,-0.33%
2003-12-3,"1,064.73","1,066.62","1,074.30","1,064.63",-,-0.18%
2003-12-4,"1,069.72","1,064.73","1,070.37","1,063.15",-,0.47%
2003-12-5,"1,061.50","1,069.72","1,069.72","1,060.09",-,-0.77%
2003-12-8,"1,069.30","1,061.50","1,069.59","1,060.93",-,0.73%
2003-12-9,"1,060.18","1,069.30","1,071.94","1,059.16",-,-0.85%
2003-12-10,"1,059.05","1,060.18","1,063.02","1,053.41",-,-0.11%
2003-12-11,"1,071.21","1,059.05","1,073.63","1,059.05",-,1.15%
2003-12-12,"1,074.14","1,071.21","1,074.76","1,067.64",-,0.27%
2003-12-15,"1,068.04","1,074.14","1,082.79","1,068.00",-,-0.57%
2003-12-16,"1,075.13","1,068.04","1,075.94","1,068.04",-,0.66%
2003-12-17,"1,076.48","1,075.13","1,076.54","1,071.14",-,0.13%
2003-12-18,"1,089.18","1,076.48","1,089.50","1,076.48",-,1.18%
2003-12-19,"1,088.66","1,089.18","1,091.06","1,084.19",-,-0.05%
2003-12-22,"1,092.94","1,088.66","1,092.94","1,086.14",-,0.39%
2003-12-23,"1,096.02","1,092.94","1,096.95","1,091.73",-,0.28%
2003-12-24,"1,094.04","1,096.02","1,096.40","1,092.73",-,-0.18%
2003-12-26,"1,095.89","1,094.04","1,098.47","1,094.04",-,0.17%
2003-12-29,"1,109.48","1,095.89","1,109.48","1,095.89",-,1.24%
2003-12-30,"1,109.64","1,109.48","1,109.75","1,106.41",-,0.01%
2003-12-31,"1,111.92","1,109.64","1,112.56","1,106.21",-,0.21%
2004-1-2,"1,108.48","1,111.92","1,118.85","1,105.08",-,-0.31%
2004-1-5,"1,122.22","1,108.48","1,122.22","1,108.48",-,1.24%
2004-1-6,"1,123.67","1,122.22","1,124.46","1,118.44",-,0.13%
2004-1-7,"1,126.33","1,123.67","1,126.33","1,116.45",-,0.24%
2004-1-8,"1,131.92","1,126.33","1,131.92","1,124.91",-,0.50%
2004-1-9,"1,121.86","1,131.92","1,131.92","1,120.90",-,-0.89%
2004-1-12,"1,127.23","1,121.86","1,127.85","1,120.90",-,0.48%
2004-1-13,"1,121.22","1,127.23","1,129.07","1,115.19",-,-0.53%
2004-1-14,"1,130.52","1,121.22","1,130.75","1,121.22",-,0.83%
2004-1-15,"1,132.05","1,130.52","1,137.11","1,124.54",-,0.14%
2004-1-16,"1,139.83","1,132.05","1,139.83","1,132.05",-,0.69%
2004-1-20,"1,138.77","1,139.83","1,142.93","1,135.40",-,-0.09%
2004-1-21,"1,147.62","1,138.77","1,149.21","1,134.62",-,0.78%
2004-1-22,"1,143.94","1,147.62","1,150.51","1,143.01",-,-0.32%
2004-1-23,"1,141.55","1,143.94","1,150.31","1,136.85",-,-0.21%
2004-1-26,"1,155.37","1,141.55","1,155.38","1,141.00",-,1.21%
2004-1-27,"1,144.05","1,155.37","1,155.37","1,144.05",-,-0.98%
2004-1-28,"1,128.48","1,144.05","1,149.14","1,126.50",-,-1.36%
2004-1-29,"1,134.11","1,128.48","1,134.39","1,122.38",-,0.50%
2004-1-30,"1,131.13","1,134.11","1,134.17","1,127.73",-,-0.26%
2004-2-2,"1,135.26","1,131.13","1,142.45","1,127.87",-,0.37%
2004-2-3,"1,136.03","1,135.26","1,137.44","1,131.33",-,0.07%
2004-2-4,"1,126.52","1,136.03","1,136.03","1,124.74",-,-0.84%
2004-2-5,"1,128.59","1,126.52","1,131.17","1,124.44",-,0.18%
2004-2-6,"1,142.76","1,128.59","1,142.79","1,128.39",-,1.26%
2004-2-9,"1,139.81","1,142.76","1,144.46","1,139.21",-,-0.26%
2004-2-10,"1,145.54","1,139.81","1,147.02","1,138.70",-,0.50%
2004-2-11,"1,157.76","1,145.54","1,158.89","1,142.33",-,1.07%
2004-2-12,"1,152.11","1,157.76","1,157.76","1,151.44",-,-0.49%
2004-2-13,"1,145.81","1,152.11","1,156.88","1,143.24",-,-0.55%
2004-2-17,"1,156.99","1,145.81","1,158.98","1,145.81",-,0.98%
2004-2-18,"1,151.82","1,156.99","1,157.40","1,149.54",-,-0.45%
2004-2-19,"1,147.06","1,151.82","1,158.57","1,146.85",-,-0.41%
2004-2-20,"1,144.11","1,147.06","1,149.81","1,139.00",-,-0.26%
2004-2-23,"1,140.99","1,144.11","1,146.69","1,136.98",-,-0.27%
2004-2-24,"1,139.09","1,140.99","1,144.54","1,134.43",-,-0.17%
2004-2-25,"1,143.67","1,139.09","1,145.24","1,138.96",-,0.40%
2004-2-26,"1,144.91","1,143.67","1,147.23","1,138.62",-,0.11%
2004-2-27,"1,144.94","1,145.80","1,151.68","1,141.80",-,0.00%
2004-3-1,"1,155.97","1,144.94","1,157.45","1,144.94",-,0.96%
2004-3-2,"1,149.10","1,155.97","1,156.54","1,147.31",-,-0.59%
2004-3-3,"1,151.03","1,149.10","1,152.44","1,143.78",-,0.17%
2004-3-4,"1,154.87","1,151.03","1,154.97","1,149.81",-,0.33%
2004-3-5,"1,156.86","1,154.87","1,163.23","1,148.77",-,0.17%
2004-3-8,"1,147.20","1,156.86","1,159.94","1,146.97",-,-0.84%
2004-3-9,"1,140.58","1,147.20","1,147.32","1,136.84",-,-0.58%
2004-3-10,"1,123.89","1,140.58","1,141.45","1,122.53",-,-1.46%
2004-3-11,"1,106.78","1,123.89","1,125.96","1,105.87",-,-1.52%
2004-3-12,"1,120.57","1,106.78","1,120.63","1,106.78",-,1.25%
2004-3-15,"1,104.49","1,120.57","1,120.57","1,103.36",-,-1.43%
2004-3-16,"1,110.70","1,104.49","1,113.76","1,102.61",-,0.56%
2004-3-17,"1,123.75","1,110.70","1,125.76","1,110.70",-,1.17%
2004-3-18,"1,122.32","1,123.75","1,125.50","1,113.25",-,-0.13%
2004-3-19,"1,109.78","1,122.32","1,122.72","1,109.69",-,-1.12%
2004-3-22,"1,095.40","1,109.78","1,109.78","1,089.54",-,-1.30%
2004-3-23,"1,093.95","1,095.40","1,101.52","1,091.57",-,-0.13%
2004-3-24,"1,091.33","1,093.95","1,098.32","1,087.16",-,-0.24%
2004-3-25,"1,109.19","1,091.33","1,110.38","1,091.33",-,1.64%
2004-3-26,"1,108.06","1,109.19","1,115.27","1,106.13",-,-0.10%
2004-3-29,"1,122.47","1,108.06","1,124.37","1,108.06",-,1.30%
2004-3-30,"1,127.00","1,122.47","1,127.60","1,119.66",-,0.40%
2004-3-31,"1,126.21","1,127.00","1,130.83","1,121.46",-,-0.07%
2004-4-1,"1,132.17","1,126.21","1,135.67","1,126.20",-,0.53%
2004-4-2,"1,141.81","1,132.17","1,144.81","1,132.17",-,0.85%
2004-4-5,"1,150.57","1,141.81","1,150.57","1,141.64",-,0.77%
2004-4-6,"1,148.16","1,150.57","1,150.57","1,143.30",-,-0.21%
2004-4-7,"1,140.53","1,148.16","1,148.16","1,138.41",-,-0.66%
2004-4-8,"1,139.32","1,140.53","1,148.97","1,134.52",-,-0.11%
2004-4-12,"1,145.20","1,139.32","1,147.29","1,139.32",-,0.52%
2004-4-13,"1,129.44","1,145.20","1,147.78","1,127.70",-,-1.38%
2004-4-14,"1,128.17","1,129.44","1,132.52","1,122.15",-,-0.11%
2004-4-15,"1,128.84","1,128.17","1,134.08","1,120.75",-,0.06%
2004-4-16,"1,134.61","1,128.84","1,136.80","1,126.90",-,0.51%
2004-4-19,"1,135.82","1,134.56","1,136.18","1,129.84",-,0.11%
2004-4-20,"1,118.15","1,135.82","1,139.26","1,118.09",-,-1.56%
2004-4-21,"1,124.09","1,118.15","1,125.72","1,116.03",-,0.53%
2004-4-22,"1,139.93","1,124.09","1,142.77","1,121.95",-,1.41%
2004-4-23,"1,140.60","1,139.93","1,141.92","1,134.81",-,0.06%
2004-4-26,"1,135.53","1,140.60","1,145.08","1,132.91",-,-0.44%
2004-4-27,"1,138.11","1,135.53","1,146.56","1,135.53",-,0.23%
2004-4-28,"1,122.41","1,138.11","1,138.11","1,121.70",-,-1.38%
2004-4-29,"1,113.89","1,122.41","1,128.80","1,108.04",-,-0.76%
2004-4-30,"1,107.30","1,113.89","1,119.26","1,107.23",-,-0.59%
2004-5-3,"1,117.49","1,107.30","1,118.72","1,107.30",-,0.92%
2004-5-4,"1,119.55","1,117.49","1,127.74","1,112.89",-,0.18%
2004-5-5,"1,121.53","1,119.55","1,125.07","1,117.90",-,0.18%
2004-5-6,"1,113.99","1,121.53","1,121.53","1,106.30",-,-0.67%
2004-5-7,"1,098.70","1,113.99","1,117.30","1,098.63",-,-1.37%
2004-5-10,"1,087.12","1,098.70","1,098.70","1,079.63",-,-1.05%
2004-5-11,"1,095.45","1,087.12","1,095.69","1,087.12",-,0.77%
2004-5-12,"1,097.28","1,095.45","1,097.55","1,076.32",-,0.17%
2004-5-13,"1,096.44","1,097.28","1,102.77","1,091.76",-,-0.08%
2004-5-14,"1,095.70","1,096.44","1,102.10","1,088.24",-,-0.07%
2004-5-17,"1,084.10","1,095.70","1,095.70","1,079.36",-,-1.06%
2004-5-18,"1,091.49","1,084.10","1,094.10","1,084.10",-,0.68%
2004-5-19,"1,088.68","1,091.49","1,105.93","1,088.49",-,-0.26%
2004-5-20,"1,089.19","1,088.68","1,092.62","1,085.43",-,0.05%
2004-5-21,"1,093.56","1,089.19","1,099.64","1,089.19",-,0.40%
2004-5-24,"1,095.41","1,093.56","1,101.28","1,091.77",-,0.17%
2004-5-25,"1,113.05","1,095.41","1,113.80","1,090.74",-,1.61%
2004-5-26,"1,114.94","1,113.05","1,116.71","1,109.91",-,0.17%
2004-5-27,"1,121.28","1,114.94","1,123.95","1,114.86",-,0.57%
2004-5-28,"1,120.68","1,121.28","1,122.69","1,118.10",-,-0.05%
2004-6-1,"1,121.20","1,120.68","1,122.70","1,113.32",-,0.05%
2004-6-2,"1,124.99","1,121.20","1,128.10","1,118.64",-,0.34%
2004-6-3,"1,116.64","1,124.99","1,125.31","1,116.57",-,-0.74%
2004-6-4,"1,122.50","1,116.64","1,129.17","1,116.64",-,0.52%
2004-6-7,"1,140.42","1,122.50","1,140.54","1,122.50",-,1.60%
2004-6-8,"1,142.18","1,140.42","1,142.18","1,135.45",-,0.15%
2004-6-9,"1,131.33","1,142.18","1,142.18","1,131.17",-,-0.95%
2004-6-10,"1,136.47","1,131.33","1,136.47","1,131.33",-,0.45%
2004-6-14,"1,125.29","1,136.47","1,136.47","1,122.16",-,-0.98%
2004-6-15,"1,132.01","1,125.29","1,137.36","1,125.29",-,0.60%
2004-6-16,"1,133.56","1,132.01","1,135.28","1,130.55",-,0.14%
2004-6-17,"1,132.05","1,133.56","1,133.56","1,126.89",-,-0.13%
2004-6-18,"1,135.02","1,132.05","1,138.96","1,129.83",-,0.26%
2004-6-21,"1,130.30","1,135.02","1,138.05","1,129.64",-,-0.42%
2004-6-22,"1,134.41","1,130.30","1,135.05","1,124.37",-,0.36%
2004-6-23,"1,144.06","1,134.41","1,145.15","1,131.73",-,0.85%
2004-6-24,"1,140.65","1,144.06","1,146.34","1,139.94",-,-0.30%
2004-6-25,"1,134.43","1,140.65","1,145.97","1,134.24",-,-0.55%
2004-6-28,"1,133.35","1,134.43","1,142.60","1,131.72",-,-0.10%
2004-6-29,"1,136.20","1,133.35","1,138.26","1,131.81",-,0.25%
2004-6-30,"1,140.84","1,136.20","1,144.20","1,133.62",-,0.41%
2004-7-1,"1,128.94","1,140.84","1,140.84","1,123.06",-,-1.04%
2004-7-2,"1,125.38","1,128.94","1,129.15","1,123.26",-,-0.32%
2004-7-6,"1,116.21","1,125.38","1,125.38","1,113.21",-,-0.81%
2004-7-7,"1,118.33","1,116.21","1,122.37","1,114.92",-,0.19%
2004-7-8,"1,109.11","1,118.33","1,119.12","1,108.72",-,-0.82%
2004-7-9,"1,112.81","1,109.11","1,115.57","1,109.11",-,0.33%
2004-7-12,"1,114.35","1,112.81","1,116.11","1,106.71",-,0.14%
2004-7-13,"1,115.14","1,114.35","1,116.30","1,112.99",-,0.07%
2004-7-14,"1,111.47","1,115.14","1,119.60","1,107.83",-,-0.33%
2004-7-15,"1,106.69","1,111.47","1,114.63","1,106.67",-,-0.43%
2004-7-16,"1,101.39","1,106.69","1,112.17","1,101.07",-,-0.48%
2004-7-19,"1,100.90","1,101.39","1,105.52","1,096.55",-,-0.04%
2004-7-20,"1,108.67","1,100.90","1,108.88","1,099.10",-,0.71%
2004-7-21,"1,093.88","1,108.67","1,116.27","1,093.88",-,-1.33%
2004-7-22,"1,096.84","1,093.88","1,099.66","1,084.16",-,0.27%
2004-7-23,"1,086.20","1,096.84","1,096.84","1,083.56",-,-0.97%
2004-7-26,"1,084.07","1,086.20","1,089.82","1,078.78",-,-0.20%
2004-7-27,"1,094.83","1,084.07","1,096.65","1,084.07",-,0.99%
2004-7-28,"1,095.42","1,094.83","1,098.84","1,082.17",-,0.05%
2004-7-29,"1,100.43","1,095.42","1,103.51","1,095.42",-,0.46%
2004-7-30,"1,101.72","1,100.43","1,103.73","1,096.96",-,0.12%
2004-8-2,"1,106.62","1,101.72","1,108.60","1,097.34",-,0.44%
2004-8-3,"1,099.69","1,106.62","1,106.62","1,099.26",-,-0.63%
2004-8-4,"1,098.63","1,099.69","1,102.45","1,092.40",-,-0.10%
2004-8-5,"1,080.70","1,098.63","1,098.79","1,079.98",-,-1.63%
2004-8-6,"1,063.97","1,080.70","1,080.70","1,062.23",-,-1.55%
2004-8-9,"1,065.22","1,063.97","1,069.46","1,063.97",-,0.12%
2004-8-10,"1,079.04","1,065.22","1,079.04","1,065.22",-,1.30%
2004-8-11,"1,075.79","1,079.04","1,079.04","1,065.92",-,-0.30%
2004-8-12,"1,063.23","1,075.79","1,075.79","1,062.82",-,-1.17%
2004-8-13,"1,064.80","1,063.23","1,067.58","1,060.72",-,0.15%
2004-8-16,"1,079.34","1,064.80","1,080.66","1,064.80",-,1.37%
2004-8-17,"1,081.71","1,079.34","1,086.78","1,079.34",-,0.22%
2004-8-18,"1,095.17","1,081.71","1,095.17","1,078.93",-,1.24%
2004-8-19,"1,091.23","1,095.17","1,095.17","1,086.28",-,-0.36%
2004-8-20,"1,098.35","1,091.23","1,100.26","1,089.57",-,0.65%
2004-8-23,"1,095.68","1,098.35","1,101.40","1,094.73",-,-0.24%
2004-8-24,"1,096.19","1,095.68","1,100.94","1,092.82",-,0.05%
2004-8-25,"1,104.96","1,096.19","1,106.29","1,093.24",-,0.80%
2004-8-26,"1,105.09","1,104.96","1,106.78","1,102.46",-,0.01%
2004-8-27,"1,107.77","1,105.09","1,109.68","1,104.62",-,0.24%
2004-8-30,"1,099.15","1,107.77","1,107.77","1,099.15",-,-0.78%
2004-8-31,"1,104.24","1,099.15","1,104.24","1,094.72",-,0.46%
2004-9-1,"1,105.91","1,104.24","1,109.24","1,099.18",-,0.15%
2004-9-2,"1,118.31","1,105.91","1,119.11","1,105.60",-,1.12%
2004-9-3,"1,113.63","1,118.31","1,120.80","1,113.57",-,-0.42%
2004-9-7,"1,121.30","1,113.63","1,124.08","1,113.63",-,0.69%
2004-9-8,"1,116.27","1,121.30","1,123.05","1,116.27",-,-0.45%
2004-9-9,"1,118.38","1,116.27","1,121.30","1,113.62",-,0.19%
2004-9-10,"1,123.92","1,118.38","1,125.26","1,114.39",-,0.50%
2004-9-13,"1,125.82","1,123.92","1,129.78","1,123.35",-,0.17%
2004-9-14,"1,128.33","1,125.82","1,129.46","1,124.72",-,0.22%
2004-9-15,"1,120.37","1,128.33","1,128.33","1,119.82",-,-0.71%
2004-9-16,"1,123.50","1,120.37","1,126.06","1,120.37",-,0.28%
2004-9-17,"1,128.55","1,123.50","1,130.14","1,123.50",-,0.45%
2004-9-20,"1,122.20","1,128.55","1,128.55","1,120.34",-,-0.56%
2004-9-21,"1,129.30","1,122.20","1,131.54","1,122.20",-,0.63%
2004-9-22,"1,113.56","1,129.30","1,129.30","1,112.67",-,-1.39%
2004-9-23,"1,108.36","1,113.56","1,113.61","1,108.05",-,-0.47%
2004-9-24,"1,110.11","1,108.36","1,113.81","1,108.36",-,0.16%
2004-9-27,"1,103.52","1,110.11","1,110.11","1,103.24",-,-0.59%
2004-9-28,"1,110.06","1,103.52","1,111.77","1,101.29",-,0.59%
2004-9-29,"1,114.80","1,110.06","1,114.80","1,107.42",-,0.43%
2004-9-30,"1,114.58","1,114.80","1,116.31","1,109.68",-,-0.02%
2004-10-1,"1,131.50","1,114.58","1,131.64","1,114.58",-,1.52%
2004-10-4,"1,135.17","1,131.50","1,140.13","1,131.50",-,0.32%
2004-10-5,"1,134.48","1,135.17","1,137.87","1,132.03",-,-0.06%
2004-10-6,"1,142.05","1,134.48","1,142.05","1,132.94",-,0.67%
2004-10-7,"1,130.65","1,142.05","1,142.05","1,130.50",-,-1.00%
2004-10-8,"1,122.14","1,130.65","1,132.92","1,120.19",-,-0.75%
2004-10-11,"1,124.39","1,122.14","1,126.20","1,122.14",-,0.20%
2004-10-12,"1,121.84","1,124.39","1,124.39","1,115.77",-,-0.23%
2004-10-13,"1,113.65","1,121.84","1,127.01","1,109.63",-,-0.73%
2004-10-14,"1,103.29","1,113.65","1,114.96","1,102.06",-,-0.93%
2004-10-15,"1,108.20","1,103.29","1,113.17","1,102.14",-,0.45%
2004-10-18,"1,114.02","1,108.20","1,114.46","1,103.33",-,0.53%
2004-10-19,"1,103.23","1,114.02","1,117.96","1,103.15",-,-0.97%
2004-10-20,"1,103.66","1,103.23","1,104.09","1,094.25",-,0.04%
2004-10-21,"1,106.49","1,103.66","1,108.87","1,098.47",-,0.26%
2004-10-22,"1,095.74","1,106.49","1,108.14","1,095.47",-,-0.97%
2004-10-25,"1,094.80","1,095.74","1,096.81","1,090.29",-,-0.09%
2004-10-26,"1,111.09","1,094.81","1,111.10","1,094.81",-,1.49%
2004-10-27,"1,125.40","1,111.09","1,126.29","1,107.43",-,1.29%
2004-10-28,"1,127.44","1,125.34","1,130.67","1,120.60",-,0.18%
2004-10-29,"1,130.20","1,127.44","1,131.40","1,124.62",-,0.24%
2004-11-1,"1,130.51","1,130.20","1,133.41","1,127.60",-,0.03%
2004-11-2,"1,130.56","1,130.51","1,140.48","1,128.12",-,0.00%
2004-11-3,"1,143.20","1,130.54","1,147.57","1,130.54",-,1.12%
2004-11-4,"1,161.67","1,143.20","1,161.67","1,142.34",-,1.62%
2004-11-5,"1,166.17","1,161.67","1,170.87","1,160.66",-,0.39%
2004-11-8,"1,164.89","1,166.17","1,166.77","1,162.32",-,-0.11%
2004-11-9,"1,164.08","1,164.89","1,168.96","1,162.48",-,-0.07%
2004-11-10,"1,162.91","1,164.08","1,169.25","1,162.51",-,-0.10%
2004-11-11,"1,173.48","1,162.91","1,174.80","1,162.91",-,0.91%
2004-11-12,"1,184.17","1,173.48","1,184.17","1,171.43",-,0.91%
2004-11-15,"1,183.81","1,184.17","1,184.48","1,179.85",-,-0.03%
2004-11-16,"1,175.43","1,183.81","1,183.81","1,175.32",-,-0.71%
2004-11-17,"1,181.94","1,175.43","1,188.46","1,175.43",-,0.55%
2004-11-18,"1,183.55","1,181.94","1,184.90","1,180.15",-,0.14%
2004-11-19,"1,170.34","1,183.55","1,184.00","1,169.19",-,-1.12%
2004-11-22,"1,177.24","1,170.34","1,178.18","1,167.89",-,0.59%
2004-11-23,"1,176.94","1,177.24","1,179.52","1,171.41",-,-0.03%
2004-11-24,"1,181.76","1,176.94","1,182.46","1,176.94",-,0.41%
2004-11-26,"1,182.65","1,181.76","1,186.62","1,181.08",-,0.08%
2004-11-29,"1,178.57","1,182.65","1,186.94","1,172.37",-,-0.34%
2004-11-30,"1,173.82","1,178.57","1,178.66","1,173.81",-,-0.40%
2004-12-1,"1,191.37","1,173.78","1,191.37","1,173.78",-,1.50%
2004-12-2,"1,190.33","1,191.37","1,194.80","1,186.72",-,-0.09%
2004-12-3,"1,191.17","1,190.33","1,197.46","1,187.71",-,0.07%
2004-12-6,"1,190.25","1,191.17","1,192.41","1,185.18",-,-0.08%
2004-12-7,"1,177.07","1,190.25","1,192.17","1,177.07",-,-1.11%
2004-12-8,"1,182.81","1,177.07","1,184.05","1,177.07",-,0.49%
2004-12-9,"1,189.24","1,182.81","1,190.51","1,173.79",-,0.54%
2004-12-10,"1,188.00","1,189.24","1,191.45","1,185.24",-,-0.10%
2004-12-13,"1,198.68","1,188.00","1,198.74","1,188.00",-,0.90%
2004-12-14,"1,203.38","1,198.68","1,205.29","1,197.84",-,0.39%
2004-12-15,"1,205.72","1,203.38","1,206.61","1,199.44",-,0.19%
2004-12-16,"1,203.21","1,205.72","1,207.97","1,198.41",-,-0.21%
2004-12-17,"1,194.20","1,203.21","1,203.21","1,193.49",-,-0.75%
2004-12-20,"1,194.65","1,194.20","1,203.43","1,193.36",-,0.04%
2004-12-21,"1,205.45","1,194.65","1,205.93","1,194.65",-,0.90%
2004-12-22,"1,209.57","1,205.45","1,211.42","1,203.85",-,0.34%
2004-12-23,"1,210.13","1,209.57","1,213.66","1,208.71",-,0.05%
2004-12-27,"1,204.92","1,210.13","1,214.13","1,204.92",-,-0.43%
2004-12-28,"1,213.54","1,204.92","1,213.54","1,204.92",-,0.72%
2004-12-29,"1,213.45","1,213.54","1,213.85","1,210.95",-,-0.01%
2004-12-30,"1,213.55","1,213.45","1,216.47","1,213.41",-,0.01%
2004-12-31,"1,211.92","1,213.55","1,217.33","1,211.65",-,-0.13%
2005-1-3,"1,202.08","1,211.92","1,217.80","1,200.32",-,-0.81%
2005-1-4,"1,188.05","1,202.08","1,205.84","1,185.39",-,-1.17%
2005-1-5,"1,183.74","1,188.05","1,192.73","1,183.72",-,-0.36%
2005-1-6,"1,187.89","1,183.74","1,191.63","1,183.27",-,0.35%
2005-1-7,"1,186.19","1,187.89","1,192.20","1,182.16",-,-0.14%
2005-1-10,"1,190.25","1,186.19","1,194.78","1,184.80",-,0.34%
2005-1-11,"1,182.99","1,190.25","1,190.25","1,180.43",-,-0.61%
2005-1-12,"1,187.70","1,182.99","1,187.92","1,175.64",-,0.40%
2005-1-13,"1,177.45","1,187.70","1,187.70","1,175.81",-,-0.86%
2005-1-14,"1,184.52","1,177.45","1,185.21","1,177.45",-,0.60%
2005-1-18,"1,195.98","1,184.52","1,195.98","1,180.10",-,0.97%
2005-1-19,"1,184.63","1,195.98","1,195.98","1,184.41",-,-0.95%
2005-1-20,"1,175.41","1,184.63","1,184.63","1,173.42",-,-0.78%
2005-1-21,"1,167.87","1,175.41","1,179.45","1,167.82",-,-0.64%
2005-1-24,"1,163.75","1,167.87","1,173.03","1,163.75",-,-0.35%
2005-1-25,"1,168.41","1,163.75","1,174.30","1,163.75",-,0.40%
2005-1-26,"1,174.07","1,168.41","1,175.96","1,168.41",-,0.48%
2005-1-27,"1,174.55","1,174.07","1,177.50","1,170.15",-,0.04%
2005-1-28,"1,171.36","1,174.55","1,175.61","1,166.25",-,-0.27%
2005-1-31,"1,181.27","1,171.36","1,182.07","1,171.36",-,0.85%
2005-2-1,"1,189.41","1,181.27","1,190.39","1,180.95",-,0.69%
2005-2-2,"1,193.19","1,189.41","1,195.25","1,188.92",-,0.32%
2005-2-3,"1,189.89","1,193.19","1,193.19","1,185.64",-,-0.28%
2005-2-4,"1,203.03","1,189.89","1,203.47","1,189.67",-,1.10%
2005-2-7,"1,201.72","1,203.03","1,204.15","1,199.27",-,-0.11%
2005-2-8,"1,202.30","1,201.72","1,205.11","1,200.16",-,0.05%
2005-2-9,"1,191.99","1,202.30","1,203.83","1,191.54",-,-0.86%
2005-2-10,"1,197.01","1,191.99","1,198.75","1,191.54",-,0.42%
2005-2-11,"1,205.30","1,197.01","1,208.38","1,193.28",-,0.69%
2005-2-14,"1,206.14","1,205.30","1,206.93","1,203.59",-,0.07%
2005-2-15,"1,210.12","1,206.14","1,212.44","1,205.52",-,0.33%
2005-2-16,"1,210.34","1,210.12","1,212.44","1,205.06",-,0.02%
2005-2-17,"1,200.75","1,210.34","1,211.33","1,200.74",-,-0.79%
2005-2-18,"1,201.59","1,200.75","1,202.92","1,197.35",-,0.07%
2005-2-22,"1,184.16","1,201.59","1,202.48","1,184.16",-,-1.45%
2005-2-23,"1,190.80","1,184.16","1,193.52","1,184.16",-,0.56%
2005-2-24,"1,200.20","1,190.80","1,200.42","1,187.80",-,0.79%
2005-2-25,"1,211.37","1,200.20","1,212.15","1,199.61",-,0.93%
2005-2-28,"1,203.60","1,211.37","1,211.37","1,198.13",-,-0.64%
2005-3-1,"1,210.41","1,203.60","1,212.25","1,203.60",-,0.57%
2005-3-2,"1,210.08","1,210.41","1,215.79","1,204.22",-,-0.03%
2005-3-3,"1,210.47","1,210.08","1,215.72","1,204.45",-,0.03%
2005-3-4,"1,222.12","1,210.47","1,224.76","1,210.47",-,0.96%
2005-3-7,"1,225.31","1,222.12","1,229.11","1,222.12",-,0.26%
2005-3-8,"1,219.43","1,225.31","1,225.69","1,218.57",-,-0.48%
2005-3-9,"1,207.01","1,219.43","1,219.43","1,206.66",-,-1.02%
2005-3-10,"1,209.25","1,207.01","1,211.23","1,201.41",-,0.19%
2005-3-11,"1,200.08","1,209.25","1,213.04","1,198.15",-,-0.76%
2005-3-14,"1,206.83","1,200.08","1,206.83","1,199.51",-,0.56%
2005-3-15,"1,197.75","1,206.83","1,210.54","1,197.75",-,-0.75%
2005-3-16,"1,188.07","1,197.75","1,197.75","1,185.61",-,-0.81%
2005-3-17,"1,190.21","1,188.07","1,193.28","1,186.34",-,0.18%
2005-3-18,"1,189.65","1,190.21","1,191.98","1,182.78",-,-0.05%
2005-3-21,"1,183.78","1,189.65","1,189.65","1,178.82",-,-0.49%
2005-3-22,"1,171.71","1,183.78","1,189.59","1,171.63",-,-1.02%
2005-3-23,"1,172.53","1,171.71","1,176.26","1,168.70",-,0.07%
2005-3-24,"1,171.42","1,172.53","1,180.11","1,171.42",-,-0.09%
2005-3-28,"1,174.28","1,171.42","1,179.91","1,171.42",-,0.24%
2005-3-29,"1,165.36","1,174.28","1,179.39","1,163.69",-,-0.76%
2005-3-30,"1,181.41","1,165.36","1,181.54","1,165.36",-,1.38%
2005-3-31,"1,180.59","1,181.41","1,184.53","1,179.49",-,-0.07%
2005-4-1,"1,172.92","1,180.59","1,189.80","1,169.91",-,-0.65%
2005-4-4,"1,176.12","1,172.79","1,178.61","1,167.72",-,0.27%
2005-4-5,"1,181.39","1,176.12","1,183.56","1,176.12",-,0.45%
2005-4-6,"1,184.07","1,181.39","1,189.34","1,181.39",-,0.23%
2005-4-7,"1,191.14","1,184.07","1,191.88","1,183.81",-,0.60%
2005-4-8,"1,181.20","1,191.14","1,191.75","1,181.13",-,-0.83%
2005-4-11,"1,181.21","1,181.20","1,184.07","1,178.69",-,0.00%
2005-4-12,"1,187.76","1,181.21","1,190.17","1,170.85",-,0.55%
2005-4-13,"1,173.79","1,187.76","1,187.76","1,171.40",-,-1.18%
2005-4-14,"1,162.05","1,173.79","1,174.67","1,161.70",-,-1.00%
2005-4-15,"1,142.62","1,162.05","1,162.05","1,141.92",-,-1.67%
2005-4-18,"1,145.98","1,142.62","1,148.92","1,139.80",-,0.29%
2005-4-19,"1,152.78","1,145.98","1,154.67","1,145.98",-,0.59%
2005-4-20,"1,137.50","1,152.78","1,155.50","1,136.15",-,-1.33%
2005-4-21,"1,159.95","1,137.50","1,159.95","1,137.50",-,1.97%
2005-4-22,"1,152.12","1,159.95","1,159.95","1,142.95",-,-0.68%
2005-4-25,"1,162.10","1,152.12","1,164.05","1,152.12",-,0.87%
2005-4-26,"1,151.83","1,162.10","1,164.80","1,151.83",-,-0.88%
2005-4-27,"1,156.38","1,151.74","1,159.87","1,144.42",-,0.40%
2005-4-28,"1,143.22","1,156.38","1,156.38","1,143.22",-,-1.14%
2005-4-29,"1,156.85","1,143.22","1,156.97","1,139.19",-,1.19%
2005-5-2,"1,162.16","1,156.85","1,162.87","1,154.71",-,0.46%
2005-5-3,"1,161.17","1,162.16","1,166.89","1,156.71",-,-0.09%
2005-5-4,"1,175.65","1,161.17","1,176.01","1,161.17",-,1.25%
2005-5-5,"1,172.63","1,175.65","1,178.62","1,166.77",-,-0.26%
2005-5-6,"1,171.35","1,172.63","1,177.75","1,170.50",-,-0.11%
2005-5-9,"1,178.84","1,171.35","1,178.87","1,169.38",-,0.64%
2005-5-10,"1,166.22","1,178.84","1,178.84","1,162.98",-,-1.07%
2005-5-11,"1,171.11","1,166.22","1,171.77","1,157.71",-,0.42%
2005-5-12,"1,159.36","1,171.11","1,173.37","1,157.76",-,-1.00%
2005-5-13,"1,154.05","1,159.36","1,163.75","1,146.18",-,-0.46%
2005-5-16,"1,165.69","1,154.05","1,165.75","1,153.64",-,1.01%
2005-5-17,"1,173.80","1,165.69","1,174.35","1,159.86",-,0.70%
2005-5-18,"1,185.56","1,173.80","1,187.90","1,173.80",-,1.00%
2005-5-19,"1,191.08","1,185.56","1,191.09","1,184.49",-,0.47%
2005-5-20,"1,189.28","1,191.08","1,191.22","1,185.19",-,-0.15%
2005-5-23,"1,193.86","1,189.28","1,197.44","1,188.76",-,0.39%
2005-5-24,"1,194.07","1,193.86","1,195.29","1,189.87",-,0.02%
2005-5-25,"1,190.01","1,194.07","1,194.07","1,185.96",-,-0.34%
2005-5-26,"1,197.62","1,190.01","1,198.95","1,190.01",-,0.64%
2005-5-27,"1,198.78","1,197.62","1,199.56","1,195.28",-,0.10%
2005-5-31,"1,191.50","1,198.78","1,198.78","1,191.50",-,-0.61%
2005-6-1,"1,202.22","1,191.50","1,205.64","1,191.03",-,0.90%
2005-6-2,"1,204.29","1,202.27","1,204.67","1,198.42",-,0.17%
2005-6-3,"1,196.02","1,204.29","1,205.09","1,194.55",-,-0.69%
2005-6-6,"1,197.51","1,196.02","1,198.78","1,192.75",-,0.12%
2005-6-7,"1,197.26","1,197.51","1,208.85","1,197.26",-,-0.02%
2005-6-8,"1,194.67","1,197.26","1,201.97","1,193.33",-,-0.22%
2005-6-9,"1,200.93","1,194.67","1,201.86","1,191.09",-,0.52%
2005-6-10,"1,198.11","1,200.93","1,202.79","1,192.64",-,-0.23%
2005-6-13,"1,200.82","1,198.11","1,206.03","1,194.51",-,0.23%
2005-6-14,"1,203.91","1,200.82","1,207.53","1,200.18",-,0.26%
2005-6-15,"1,206.58","1,203.91","1,208.08","1,198.66",-,0.22%
2005-6-16,"1,210.96","1,206.55","1,212.10","1,205.47",-,0.36%
2005-6-17,"1,216.96","1,210.93","1,219.55","1,210.93",-,0.50%
2005-6-20,"1,216.10","1,216.96","1,219.10","1,210.65",-,-0.07%
2005-6-21,"1,213.61","1,216.10","1,217.13","1,211.86",-,-0.20%
2005-6-22,"1,213.88","1,213.61","1,219.59","1,211.69",-,0.02%
2005-6-23,"1,200.73","1,213.88","1,216.45","1,200.72",-,-1.08%
2005-6-24,"1,191.57","1,200.73","1,200.90","1,191.45",-,-0.76%
2005-6-27,"1,190.69","1,191.57","1,194.33","1,188.30",-,-0.07%
2005-6-28,"1,201.57","1,190.69","1,202.54","1,190.69",-,0.91%
2005-6-29,"1,199.85","1,201.57","1,204.07","1,198.70",-,-0.14%
2005-6-30,"1,191.33","1,199.85","1,203.27","1,190.51",-,-0.71%
2005-7-1,"1,194.44","1,191.33","1,197.89","1,191.33",-,0.26%
2005-7-5,"1,204.99","1,194.44","1,206.34","1,192.49",-,0.88%
2005-7-6,"1,194.94","1,204.99","1,206.11","1,194.78",-,-0.83%
2005-7-7,"1,197.87","1,194.94","1,198.46","1,183.55",-,0.25%
2005-7-8,"1,211.86","1,197.87","1,212.73","1,197.20",-,1.17%
2005-7-11,"1,219.44","1,211.86","1,220.03","1,211.86",-,0.63%
2005-7-12,"1,222.21","1,219.44","1,225.54","1,216.60",-,0.23%
2005-7-13,"1,223.29","1,222.21","1,224.46","1,219.64",-,0.09%
2005-7-14,"1,226.50","1,223.29","1,233.16","1,223.29",-,0.26%
2005-7-15,"1,227.92","1,226.50","1,229.53","1,223.50",-,0.12%
2005-7-18,"1,221.13","1,227.92","1,227.92","1,221.13",-,-0.55%
2005-7-19,"1,229.35","1,221.13","1,230.34","1,221.13",-,0.67%
2005-7-20,"1,235.20","1,229.35","1,236.56","1,222.91",-,0.48%
2005-7-21,"1,227.04","1,235.20","1,235.83","1,224.70",-,-0.66%
2005-7-22,"1,233.68","1,227.04","1,234.19","1,226.15",-,0.54%
2005-7-25,"1,229.03","1,233.68","1,238.36","1,228.15",-,-0.38%
2005-7-26,"1,231.16","1,229.03","1,234.42","1,229.03",-,0.17%
2005-7-27,"1,236.79","1,231.16","1,237.64","1,230.15",-,0.46%
2005-7-28,"1,243.72","1,236.79","1,245.15","1,235.81",-,0.56%
2005-7-29,"1,234.18","1,243.72","1,245.04","1,234.18",-,-0.77%
2005-8-1,"1,235.35","1,234.18","1,239.10","1,233.80",-,0.09%
2005-8-2,"1,244.12","1,235.35","1,244.69","1,235.35",-,0.71%
2005-8-3,"1,245.04","1,244.12","1,245.86","1,240.57",-,0.07%
2005-8-4,"1,235.86","1,245.04","1,245.04","1,235.15",-,-0.74%
2005-8-5,"1,226.42","1,235.86","1,235.86","1,225.62",-,-0.76%
2005-8-8,"1,223.13","1,226.42","1,232.28","1,222.67",-,-0.27%
2005-8-9,"1,231.38","1,223.13","1,234.11","1,223.13",-,0.67%
2005-8-10,"1,229.13","1,231.38","1,242.69","1,226.58",-,-0.18%
2005-8-11,"1,237.81","1,229.13","1,237.81","1,228.33",-,0.71%
2005-8-12,"1,230.39","1,237.81","1,237.81","1,225.87",-,-0.60%
2005-8-15,"1,233.87","1,230.40","1,236.24","1,226.20",-,0.28%
2005-8-16,"1,219.34","1,233.87","1,233.87","1,219.05",-,-1.18%
2005-8-17,"1,220.24","1,219.34","1,225.63","1,218.07",-,0.07%
2005-8-18,"1,219.02","1,220.24","1,222.64","1,215.93",-,-0.10%
2005-8-19,"1,219.71","1,219.02","1,225.08","1,219.02",-,0.06%
2005-8-22,"1,221.73","1,219.71","1,228.96","1,216.47",-,0.17%
2005-8-23,"1,217.59","1,221.73","1,223.04","1,214.44",-,-0.34%
2005-8-24,"1,209.59","1,217.57","1,224.15","1,209.37",-,-0.66%
2005-8-25,"1,212.37","1,209.59","1,213.73","1,209.57",-,0.23%
2005-8-26,"1,205.10","1,212.40","1,212.40","1,204.23",-,-0.60%
2005-8-29,"1,212.28","1,205.10","1,214.28","1,201.53",-,0.60%
2005-8-30,"1,208.41","1,212.28","1,212.28","1,201.07",-,-0.32%
2005-8-31,"1,220.33","1,208.41","1,220.36","1,204.40",-,0.99%
2005-9-1,"1,221.59","1,220.33","1,227.29","1,216.18",-,0.10%
2005-9-2,"1,218.02","1,221.59","1,224.45","1,217.75",-,-0.29%
2005-9-6,"1,233.39","1,218.02","1,233.61","1,218.02",-,1.26%
2005-9-7,"1,236.36","1,233.39","1,237.06","1,230.93",-,0.24%
2005-9-8,"1,231.67","1,236.36","1,236.36","1,229.51",-,-0.38%
2005-9-9,"1,241.48","1,231.67","1,243.13","1,231.67",-,0.80%
2005-9-12,"1,240.56","1,241.48","1,242.60","1,239.15",-,-0.07%
2005-9-13,"1,231.20","1,240.57","1,240.57","1,231.20",-,-0.75%
2005-9-14,"1,227.16","1,231.20","1,234.74","1,226.16",-,-0.33%
2005-9-15,"1,227.73","1,227.16","1,231.88","1,224.85",-,0.05%
2005-9-16,"1,237.91","1,228.42","1,237.95","1,228.42",-,0.83%
2005-9-19,"1,231.02","1,237.91","1,237.91","1,227.65",-,-0.56%
2005-9-20,"1,221.34","1,231.02","1,236.49","1,220.07",-,-0.79%
2005-9-21,"1,210.20","1,221.34","1,221.52","1,209.89",-,-0.91%
2005-9-22,"1,214.62","1,210.20","1,216.64","1,205.35",-,0.37%
2005-9-23,"1,215.29","1,214.62","1,218.83","1,209.80",-,0.06%
2005-9-26,"1,215.63","1,215.29","1,222.56","1,211.84",-,0.03%
2005-9-27,"1,215.66","1,215.63","1,220.17","1,211.11",-,0.00%
2005-9-28,"1,216.89","1,215.66","1,220.98","1,212.72",-,0.10%
2005-9-29,"1,227.68","1,216.89","1,228.70","1,211.54",-,0.89%
2005-9-30,"1,228.81","1,227.68","1,229.57","1,225.22",-,0.09%
2005-10-3,"1,226.70","1,228.81","1,233.34","1,225.15",-,-0.17%
2005-10-4,"1,214.47","1,226.70","1,229.88","1,214.02",-,-1.00%
2005-10-5,"1,196.39","1,214.47","1,214.47","1,196.25",-,-1.49%
2005-10-6,"1,191.49","1,196.39","1,202.14","1,181.92",-,-0.41%
2005-10-7,"1,195.90","1,191.49","1,199.71","1,191.46",-,0.37%
2005-10-10,"1,187.33","1,195.90","1,196.52","1,186.12",-,-0.72%
2005-10-11,"1,184.87","1,187.33","1,193.10","1,183.16",-,-0.21%
2005-10-12,"1,177.68","1,184.87","1,190.02","1,173.65",-,-0.61%
2005-10-13,"1,176.84","1,177.68","1,179.56","1,168.20",-,-0.07%
2005-10-14,"1,186.57","1,176.84","1,187.13","1,175.44",-,0.83%
2005-10-17,"1,190.10","1,186.57","1,191.21","1,184.48",-,0.30%
2005-10-18,"1,178.14","1,190.10","1,190.10","1,178.13",-,-1.00%
2005-10-19,"1,195.76","1,178.14","1,195.76","1,170.55",-,1.50%
2005-10-20,"1,177.80","1,195.76","1,197.30","1,173.30",-,-1.50%
2005-10-21,"1,179.59","1,177.80","1,186.46","1,174.92",-,0.15%
2005-10-24,"1,199.38","1,179.59","1,199.39","1,179.59",-,1.68%
2005-10-25,"1,196.54","1,199.38","1,201.30","1,189.29",-,-0.24%
2005-10-26,"1,191.38","1,196.54","1,204.01","1,191.38",-,-0.43%
2005-10-27,"1,178.90","1,191.38","1,192.65","1,178.89",-,-1.05%
2005-10-28,"1,198.41","1,178.90","1,198.41","1,178.90",-,1.65%
2005-10-31,"1,207.01","1,198.41","1,211.43","1,198.41",-,0.72%
2005-11-1,"1,202.76","1,207.01","1,207.34","1,201.66",-,-0.35%
2005-11-2,"1,214.76","1,202.76","1,215.17","1,201.07",-,1.00%
2005-11-3,"1,219.94","1,214.76","1,224.70","1,214.76",-,0.43%
2005-11-4,"1,220.14","1,219.94","1,222.52","1,214.45",-,0.02%
2005-11-7,"1,222.81","1,220.14","1,224.18","1,217.29",-,0.22%
2005-11-8,"1,218.59","1,222.81","1,222.81","1,216.08",-,-0.35%
2005-11-9,"1,220.65","1,218.59","1,226.59","1,216.53",-,0.17%
2005-11-10,"1,230.96","1,220.65","1,232.41","1,215.05",-,0.84%
2005-11-11,"1,234.72","1,230.96","1,235.70","1,230.72",-,0.31%
2005-11-14,"1,233.76","1,234.72","1,237.20","1,231.78",-,-0.08%
2005-11-15,"1,229.01","1,233.76","1,237.94","1,226.41",-,-0.39%
2005-11-16,"1,231.21","1,229.01","1,232.24","1,227.18",-,0.18%
2005-11-17,"1,242.80","1,231.21","1,242.96","1,231.21",-,0.94%
2005-11-18,"1,248.27","1,242.80","1,249.58","1,240.71",-,0.44%
2005-11-21,"1,254.85","1,248.27","1,255.89","1,246.90",-,0.53%
2005-11-22,"1,261.23","1,254.85","1,261.90","1,251.40",-,0.51%
2005-11-23,"1,265.61","1,261.23","1,270.64","1,259.51",-,0.35%
2005-11-25,"1,268.25","1,265.61","1,268.78","1,265.54",-,0.21%
2005-11-28,"1,257.46","1,268.25","1,268.44","1,257.17",-,-0.85%
2005-11-29,"1,257.48","1,257.46","1,266.18","1,257.46",-,0.00%
2005-11-30,"1,249.48","1,257.48","1,260.93","1,249.39",-,-0.64%
2005-12-1,"1,264.67","1,249.48","1,266.17","1,249.48",-,1.22%
2005-12-2,"1,265.08","1,264.67","1,266.85","1,261.42",-,0.03%
2005-12-5,"1,262.09","1,265.08","1,265.08","1,258.12",-,-0.24%
2005-12-6,"1,263.70","1,262.09","1,272.89","1,262.09",-,0.13%
2005-12-7,"1,257.37","1,263.70","1,264.85","1,253.02",-,-0.50%
2005-12-8,"1,255.84","1,257.37","1,263.36","1,250.91",-,-0.12%
2005-12-9,"1,259.37","1,255.84","1,263.08","1,254.24",-,0.28%
2005-12-12,"1,260.43","1,259.37","1,263.86","1,255.52",-,0.08%
2005-12-13,"1,267.43","1,260.43","1,272.11","1,258.56",-,0.56%
2005-12-14,"1,272.74","1,267.43","1,275.80","1,267.07",-,0.42%
2005-12-15,"1,270.94","1,272.74","1,275.17","1,267.74",-,-0.14%
2005-12-16,"1,267.32","1,270.94","1,275.24","1,267.32",-,-0.28%
2005-12-19,"1,259.92","1,267.32","1,270.51","1,259.28",-,-0.58%
2005-12-20,"1,259.62","1,259.92","1,263.86","1,257.21",-,-0.02%
2005-12-21,"1,262.79","1,259.62","1,269.37","1,259.62",-,0.25%
2005-12-22,"1,268.12","1,262.79","1,268.19","1,262.50",-,0.42%
2005-12-23,"1,268.66","1,268.12","1,269.76","1,265.92",-,0.04%
2005-12-27,"1,256.54","1,268.66","1,271.83","1,256.54",-,-0.96%
2005-12-28,"1,258.17","1,256.54","1,261.10","1,256.54",-,0.13%
2005-12-29,"1,254.42","1,258.17","1,260.61","1,254.18",-,-0.30%
2005-12-30,"1,248.29","1,254.42","1,254.42","1,246.59",-,-0.49%
2006-1-3,"1,268.80","1,248.29","1,270.22","1,245.74",-,1.64%
2006-1-4,"1,273.46","1,268.80","1,275.37","1,267.74",-,0.37%
2006-1-5,"1,273.48","1,273.46","1,276.91","1,270.30",-,0.00%
2006-1-6,"1,285.45","1,273.48","1,286.09","1,273.48",-,0.94%
2006-1-9,"1,290.15","1,285.45","1,290.78","1,284.82",-,0.37%
2006-1-10,"1,289.69","1,290.15","1,290.15","1,283.76",-,-0.04%
2006-1-11,"1,294.18","1,289.72","1,294.90","1,288.12",-,0.35%
2006-1-12,"1,286.06","1,294.18","1,294.18","1,285.04",-,-0.63%
2006-1-13,"1,287.61","1,286.06","1,288.96","1,282.78",-,0.12%
2006-1-17,"1,282.93","1,287.61","1,287.61","1,278.61",-,-0.36%
2006-1-18,"1,277.93","1,282.93","1,282.93","1,272.08",-,-0.39%
2006-1-19,"1,285.04","1,277.93","1,287.79","1,277.93",-,0.56%
2006-1-20,"1,261.49","1,285.04","1,285.04","1,260.92",-,-1.83%
2006-1-23,"1,263.82","1,261.49","1,268.19","1,261.49",-,0.18%
2006-1-24,"1,266.86","1,263.82","1,271.47","1,263.82",-,0.24%
2006-1-25,"1,264.68","1,266.86","1,271.87","1,259.42",-,-0.17%
2006-1-26,"1,273.83","1,264.68","1,276.44","1,264.68",-,0.72%
2006-1-27,"1,283.72","1,273.83","1,286.38","1,273.83",-,0.78%
2006-1-30,"1,285.19","1,283.72","1,287.94","1,283.51",-,0.11%
2006-1-31,"1,280.08","1,285.20","1,285.20","1,276.85",-,-0.40%
2006-2-1,"1,282.46","1,280.08","1,283.33","1,277.57",-,0.19%
2006-2-2,"1,270.84","1,282.46","1,282.46","1,267.72",-,-0.91%
2006-2-3,"1,264.03","1,270.84","1,270.87","1,261.02",-,-0.54%
2006-2-6,"1,265.02","1,264.03","1,267.04","1,261.62",-,0.08%
2006-2-7,"1,254.78","1,265.02","1,265.78","1,253.61",-,-0.81%
2006-2-8,"1,265.65","1,254.78","1,266.47","1,254.78",-,0.87%
2006-2-9,"1,263.78","1,265.65","1,274.56","1,262.80",-,-0.15%
2006-2-10,"1,266.99","1,263.82","1,269.89","1,254.98",-,0.25%
2006-2-13,"1,262.86","1,266.99","1,266.99","1,258.34",-,-0.33%
2006-2-14,"1,275.53","1,262.86","1,278.21","1,260.80",-,1.00%
2006-2-15,"1,280.00","1,275.53","1,281.00","1,271.06",-,0.35%
2006-2-16,"1,289.38","1,280.00","1,289.39","1,280.00",-,0.73%
2006-2-17,"1,287.24","1,289.38","1,289.47","1,284.07",-,-0.17%
2006-2-21,"1,283.03","1,287.24","1,291.92","1,281.33",-,-0.33%
2006-2-22,"1,292.67","1,283.03","1,294.17","1,283.03",-,0.75%
2006-2-23,"1,287.79","1,292.67","1,293.84","1,285.14",-,-0.38%
2006-2-24,"1,289.43","1,287.79","1,292.11","1,285.62",-,0.13%
2006-2-27,"1,294.12","1,289.43","1,297.57","1,289.43",-,0.36%
2006-2-28,"1,280.66","1,294.12","1,294.12","1,278.66",-,-1.04%
2006-3-1,"1,291.24","1,280.66","1,291.80","1,280.66",-,0.83%
2006-3-2,"1,289.14","1,291.24","1,291.24","1,283.21",-,-0.16%
2006-3-3,"1,287.23","1,289.14","1,297.33","1,284.20",-,-0.15%
2006-3-6,"1,278.26","1,287.23","1,288.23","1,275.67",-,-0.70%
2006-3-7,"1,275.88","1,278.26","1,278.26","1,271.11",-,-0.19%
2006-3-8,"1,278.47","1,275.88","1,280.33","1,268.42",-,0.20%
2006-3-9,"1,272.23","1,278.47","1,282.74","1,272.23",-,-0.49%
2006-3-10,"1,281.42","1,272.23","1,284.37","1,271.11",-,0.72%
2006-3-13,"1,284.13","1,281.58","1,287.37","1,281.58",-,0.21%
2006-3-14,"1,297.48","1,284.13","1,298.14","1,282.67",-,1.04%
2006-3-15,"1,303.02","1,297.48","1,304.40","1,294.97",-,0.43%
2006-3-16,"1,305.33","1,303.02","1,310.45","1,303.02",-,0.18%
2006-3-17,"1,307.25","1,305.33","1,309.79","1,305.32",-,0.15%
2006-3-20,"1,305.08","1,307.25","1,310.00","1,303.59",-,-0.17%
2006-3-21,"1,297.23","1,305.08","1,310.88","1,295.82",-,-0.60%
2006-3-22,"1,305.04","1,297.23","1,305.97","1,295.81",-,0.60%
2006-3-23,"1,301.67","1,305.04","1,305.04","1,298.11",-,-0.26%
2006-3-24,"1,302.95","1,301.67","1,306.53","1,298.89",-,0.10%
2006-3-27,"1,301.61","1,302.95","1,303.74","1,299.09",-,-0.10%
2006-3-28,"1,293.23","1,301.61","1,306.24","1,291.84",-,-0.64%
2006-3-29,"1,302.89","1,293.23","1,305.60","1,293.23",-,0.75%
2006-3-30,"1,300.25","1,302.89","1,310.15","1,296.72",-,-0.20%
2006-3-31,"1,294.87","1,300.25","1,303.00","1,294.87",-,-0.41%
2006-4-3,"1,297.81","1,302.88","1,309.19","1,296.65",-,0.23%
2006-4-4,"1,305.93","1,297.81","1,307.55","1,294.71",-,0.63%
2006-4-5,"1,311.56","1,305.93","1,312.81","1,304.82",-,0.43%
2006-4-6,"1,309.04","1,311.56","1,311.99","1,302.44",-,-0.19%
2006-4-7,"1,295.50","1,309.04","1,314.07","1,294.18",-,-1.03%
2006-4-10,"1,296.62","1,295.51","1,300.74","1,293.17",-,0.09%
2006-4-11,"1,286.57","1,296.60","1,300.71","1,282.96",-,-0.78%
2006-4-12,"1,288.12","1,286.57","1,290.93","1,286.45",-,0.12%
2006-4-13,"1,289.12","1,288.12","1,292.09","1,283.37",-,0.08%
2006-4-17,"1,285.33","1,289.12","1,292.45","1,280.74",-,-0.29%
2006-4-18,"1,307.28","1,285.33","1,309.02","1,285.33",-,1.71%
2006-4-19,"1,309.93","1,307.65","1,310.39","1,302.79",-,0.20%
2006-4-20,"1,311.46","1,309.93","1,318.16","1,306.38",-,0.12%
2006-4-21,"1,311.28","1,311.46","1,317.67","1,306.59",-,-0.01%
2006-4-24,"1,308.11","1,311.28","1,311.28","1,303.79",-,-0.24%
2006-4-25,"1,301.74","1,308.11","1,310.79","1,299.17",-,-0.49%
2006-4-26,"1,305.41","1,301.74","1,310.97","1,301.74",-,0.28%
2006-4-27,"1,309.72","1,305.41","1,315.00","1,295.57",-,0.33%
2006-4-28,"1,310.61","1,309.72","1,316.04","1,306.16",-,0.07%
2006-5-1,"1,305.19","1,310.61","1,317.21","1,303.46",-,-0.41%
2006-5-2,"1,313.21","1,305.19","1,313.66","1,305.19",-,0.61%
2006-5-3,"1,308.12","1,313.21","1,313.47","1,303.92",-,-0.39%
2006-5-4,"1,312.25","1,307.85","1,315.14","1,307.85",-,0.32%
2006-5-5,"1,325.76","1,312.25","1,326.53","1,312.25",-,1.03%
2006-5-8,"1,324.66","1,325.76","1,326.70","1,322.87",-,-0.08%
2006-5-9,"1,325.14","1,324.66","1,326.60","1,322.48",-,0.04%
2006-5-10,"1,322.85","1,324.57","1,325.51","1,317.44",-,-0.17%
2006-5-11,"1,305.92","1,322.63","1,322.63","1,303.45",-,-1.28%
2006-5-12,"1,291.24","1,305.88","1,305.88","1,290.38",-,-1.12%
2006-5-15,"1,294.50","1,291.19","1,294.81","1,284.51",-,0.25%
2006-5-16,"1,292.08","1,294.50","1,297.88","1,288.51",-,-0.19%
2006-5-17,"1,270.32","1,291.73","1,291.73","1,267.31",-,-1.68%
2006-5-18,"1,261.81","1,270.25","1,274.89","1,261.75",-,-0.67%
2006-5-19,"1,267.03","1,261.81","1,272.15","1,256.28",-,0.41%
2006-5-22,"1,262.07","1,267.03","1,268.77","1,252.98",-,-0.39%
2006-5-23,"1,256.58","1,262.06","1,273.67","1,256.15",-,-0.43%
2006-5-24,"1,258.57","1,256.56","1,264.53","1,245.34",-,0.16%
2006-5-25,"1,272.88","1,258.41","1,273.26","1,258.41",-,1.14%
2006-5-26,"1,280.16","1,272.71","1,280.54","1,272.50",-,0.57%
2006-5-30,"1,259.87","1,280.04","1,280.04","1,259.87",-,-1.58%
2006-5-31,"1,270.09","1,259.38","1,270.09","1,259.38",-,0.81%
2006-6-1,"1,285.71","1,270.05","1,285.71","1,269.19",-,1.23%
2006-6-2,"1,288.22","1,285.71","1,290.68","1,280.22",-,0.20%
2006-6-5,"1,265.29","1,288.16","1,288.16","1,264.66",-,-1.78%
2006-6-6,"1,263.85","1,265.23","1,269.88","1,254.46",-,-0.11%
2006-6-7,"1,256.15","1,263.61","1,272.47","1,255.77",-,-0.61%
2006-6-8,"1,257.93","1,256.08","1,259.85","1,235.18",-,0.14%
2006-6-9,"1,252.30","1,257.93","1,262.58","1,250.03",-,-0.45%
2006-6-12,"1,237.44","1,252.27","1,255.22","1,236.43",-,-1.19%
2006-6-13,"1,223.69","1,236.08","1,243.37","1,222.52",-,-1.11%
2006-6-14,"1,230.04","1,223.66","1,231.46","1,219.29",-,0.52%
2006-6-15,"1,256.16","1,230.01","1,258.64","1,230.01",-,2.12%
2006-6-16,"1,251.54","1,256.16","1,256.27","1,246.33",-,-0.37%
2006-6-19,"1,240.13","1,251.54","1,255.93","1,237.17",-,-0.91%
2006-6-20,"1,240.12","1,240.12","1,249.01","1,238.87",-,-0.00%
2006-6-21,"1,252.20","1,240.09","1,257.96","1,240.09",-,0.97%
2006-6-22,"1,245.60","1,251.92","1,251.92","1,241.53",-,-0.53%
2006-6-23,"1,244.50","1,245.59","1,253.13","1,241.43",-,-0.09%
2006-6-26,"1,250.56","1,244.50","1,250.92","1,243.68",-,0.49%
2006-6-27,"1,239.20","1,250.55","1,253.37","1,238.94",-,-0.91%
2006-6-28,"1,246.00","1,238.99","1,247.06","1,237.59",-,0.55%
2006-6-29,"1,272.87","1,245.94","1,272.88","1,245.94",-,2.16%
2006-6-30,"1,270.20","1,272.86","1,276.30","1,270.20",-,-0.21%
2006-7-3,"1,280.19","1,270.06","1,280.38","1,270.06",-,0.79%
2006-7-5,"1,270.91","1,280.05","1,280.05","1,265.91",-,-0.72%
2006-7-6,"1,274.08","1,270.58","1,278.32","1,270.58",-,0.25%
2006-7-7,"1,265.48","1,274.08","1,275.38","1,263.13",-,-0.67%
2006-7-10,"1,267.34","1,265.46","1,274.06","1,264.46",-,0.15%
2006-7-11,"1,272.43","1,267.26","1,273.64","1,259.65",-,0.40%
2006-7-12,"1,258.60","1,272.39","1,273.31","1,257.29",-,-1.09%
2006-7-13,"1,242.28","1,258.58","1,258.58","1,241.43",-,-1.30%
2006-7-14,"1,236.20","1,242.29","1,242.70","1,228.45",-,-0.49%
2006-7-17,"1,234.49","1,236.20","1,240.07","1,231.49",-,-0.14%
2006-7-18,"1,236.86","1,234.48","1,239.86","1,224.54",-,0.19%
2006-7-19,"1,259.81","1,236.74","1,261.81","1,236.74",-,1.86%
2006-7-20,"1,249.13","1,259.81","1,262.56","1,249.13",-,-0.85%
2006-7-21,"1,240.29","1,249.12","1,250.96","1,238.72",-,-0.71%
2006-7-24,"1,260.91","1,240.25","1,262.50","1,240.25",-,1.66%
2006-7-25,"1,268.88","1,260.91","1,272.39","1,257.19",-,0.63%
2006-7-26,"1,268.40","1,268.87","1,273.89","1,261.94",-,-0.04%
2006-7-27,"1,263.20","1,268.20","1,275.85","1,261.92",-,-0.41%
2006-7-28,"1,278.55","1,263.15","1,280.42","1,263.15",-,1.22%
2006-7-31,"1,276.66","1,278.53","1,278.66","1,274.31",-,-0.15%
2006-8-1,"1,270.92","1,278.53","1,278.66","1,265.71",-,-0.45%
2006-8-2,"1,277.41","1,270.73","1,283.42","1,270.73",-,0.51%
2006-8-3,"1,280.27","1,278.22","1,283.96","1,271.25",-,0.22%
2006-8-4,"1,279.36","1,280.26","1,292.92","1,273.82",-,-0.07%
2006-8-7,"1,275.77","1,279.31","1,279.31","1,273.00",-,-0.28%
2006-8-8,"1,271.48","1,275.67","1,282.75","1,268.37",-,-0.34%
2006-8-9,"1,265.95","1,271.13","1,283.74","1,264.73",-,-0.43%
2006-8-10,"1,271.81","1,265.72","1,272.55","1,261.30",-,0.46%
2006-8-11,"1,266.74","1,271.64","1,271.64","1,262.08",-,-0.40%
2006-8-14,"1,268.21","1,266.67","1,278.90","1,266.67",-,0.12%
2006-8-15,"1,285.58","1,268.19","1,286.23","1,268.19",-,1.37%
2006-8-16,"1,295.43","1,285.27","1,296.21","1,285.27",-,0.77%
2006-8-17,"1,297.48","1,295.37","1,300.78","1,292.71",-,0.16%
2006-8-18,"1,302.30","1,297.48","1,302.30","1,293.57",-,0.37%
2006-8-21,"1,297.52","1,302.30","1,302.30","1,295.51",-,-0.37%
2006-8-22,"1,298.82","1,297.52","1,302.49","1,294.44",-,0.10%
2006-8-23,"1,292.99","1,298.73","1,301.50","1,289.82",-,-0.45%
2006-8-24,"1,296.06","1,292.97","1,297.23","1,291.40",-,0.24%
2006-8-25,"1,295.09","1,295.92","1,298.88","1,292.39",-,-0.07%
2006-8-28,"1,301.78","1,295.09","1,305.02","1,293.97",-,0.52%
2006-8-29,"1,304.28","1,301.57","1,305.02","1,295.29",-,0.19%
2006-8-30,"1,305.37","1,303.70","1,306.74","1,302.15",-,0.08%
2006-8-31,"1,303.82","1,304.25","1,306.11","1,302.45",-,-0.12%
2006-9-1,"1,311.01","1,303.80","1,312.03","1,303.80",-,0.55%
2006-9-5,"1,313.25","1,310.94","1,314.67","1,308.82",-,0.17%
2006-9-6,"1,300.26","1,313.04","1,313.04","1,299.28",-,-0.99%
2006-9-7,"1,294.02","1,300.21","1,301.25","1,292.13",-,-0.48%
2006-9-8,"1,298.92","1,294.02","1,300.14","1,294.02",-,0.38%
2006-9-11,"1,299.54","1,298.86","1,302.36","1,290.93",-,0.05%
2006-9-12,"1,313.00","1,299.53","1,314.28","1,299.53",-,1.04%
2006-9-13,"1,318.07","1,312.74","1,319.92","1,311.12",-,0.39%
2006-9-14,"1,316.28","1,318.00","1,318.00","1,313.25",-,-0.14%
2006-9-15,"1,319.66","1,316.28","1,324.65","1,316.28",-,0.26%
2006-9-18,"1,321.18","1,319.85","1,324.87","1,318.16",-,0.12%
2006-9-19,"1,317.64","1,321.17","1,322.04","1,312.17",-,-0.27%
2006-9-20,"1,325.18","1,318.28","1,328.53","1,318.28",-,0.57%
2006-9-21,"1,318.03","1,324.89","1,328.19","1,315.45",-,-0.54%
2006-9-22,"1,314.78","1,318.03","1,318.03","1,310.94",-,-0.25%
2006-9-25,"1,326.37","1,314.78","1,329.35","1,311.58",-,0.88%
2006-9-26,"1,336.35","1,326.35","1,336.60","1,325.30",-,0.75%
2006-9-27,"1,336.59","1,336.12","1,340.08","1,333.54",-,0.02%
2006-9-28,"1,338.88","1,336.56","1,340.28","1,333.75",-,0.17%
2006-9-29,"1,335.85","1,339.15","1,339.88","1,335.64",-,-0.23%
2006-10-2,"1,331.32","1,335.82","1,338.54","1,330.28",-,-0.34%
2006-10-3,"1,334.11","1,331.32","1,338.31","1,327.10",-,0.21%
2006-10-4,"1,350.20","1,333.81","1,350.20","1,331.48",-,1.21%
2006-10-5,"1,353.22","1,349.84","1,353.79","1,347.75",-,0.22%
2006-10-6,"1,349.59","1,353.22","1,353.22","1,344.21",-,-0.27%
2006-10-9,"1,350.66","1,349.58","1,352.69","1,346.55",-,0.08%
2006-10-10,"1,353.42","1,350.62","1,354.23","1,348.60",-,0.20%
2006-10-11,"1,349.95","1,353.28","1,353.97","1,343.57",-,-0.26%
2006-10-12,"1,362.83","1,349.94","1,363.76","1,349.94",-,0.95%
2006-10-13,"1,365.62","1,362.82","1,366.63","1,360.50",-,0.20%
2006-10-16,"1,369.06","1,365.61","1,370.20","1,364.48",-,0.25%
2006-10-17,"1,364.05","1,369.05","1,369.05","1,356.87",-,-0.37%
2006-10-18,"1,365.80","1,363.93","1,372.87","1,360.95",-,0.13%
2006-10-19,"1,366.96","1,365.95","1,368.09","1,362.06",-,0.08%
2006-10-20,"1,368.60","1,366.94","1,368.66","1,362.10",-,0.12%
2006-10-23,"1,377.02","1,368.58","1,377.40","1,363.94",-,0.62%
2006-10-24,"1,377.38","1,377.02","1,377.78","1,372.42",-,0.03%
2006-10-25,"1,382.22","1,377.36","1,383.61","1,376.00",-,0.35%
2006-10-26,"1,389.08","1,382.21","1,389.45","1,379.47",-,0.50%
2006-10-27,"1,377.34","1,388.89","1,388.89","1,375.85",-,-0.85%
2006-10-30,"1,377.93","1,377.30","1,381.22","1,373.46",-,0.04%
2006-10-31,"1,377.94","1,377.93","1,381.21","1,372.19",-,0.00%
2006-11-1,"1,367.81","1,377.76","1,381.95","1,366.26",-,-0.74%
2006-11-2,"1,367.34","1,367.44","1,368.39","1,362.21",-,-0.03%
2006-11-3,"1,364.30","1,367.31","1,371.68","1,360.98",-,-0.22%
2006-11-6,"1,379.78","1,364.27","1,381.40","1,364.27",-,1.13%
2006-11-7,"1,382.84","1,379.75","1,388.19","1,379.19",-,0.22%
2006-11-8,"1,385.72","1,382.50","1,388.61","1,379.33",-,0.21%
2006-11-9,"1,378.33","1,385.43","1,388.92","1,377.31",-,-0.53%
2006-11-10,"1,380.90","1,378.33","1,381.04","1,375.60",-,0.19%
2006-11-13,"1,384.42","1,380.58","1,387.61","1,378.80",-,0.25%
2006-11-14,"1,393.22","1,384.36","1,394.49","1,379.07",-,0.64%
2006-11-15,"1,396.57","1,392.91","1,401.35","1,392.13",-,0.24%
2006-11-16,"1,399.76","1,396.53","1,403.76","1,396.53",-,0.23%
2006-11-17,"1,401.20","1,399.76","1,401.21","1,394.55",-,0.10%
2006-11-20,"1,400.50","1,401.17","1,404.37","1,397.85",-,-0.05%
2006-11-21,"1,402.81","1,400.43","1,403.49","1,399.99",-,0.16%
2006-11-22,"1,406.09","1,402.69","1,407.89","1,402.26",-,0.23%
2006-11-24,"1,400.95","1,405.94","1,405.94","1,399.25",-,-0.37%
2006-11-27,"1,381.96","1,400.95","1,400.95","1,381.44",-,-1.36%
2006-11-28,"1,386.72","1,381.61","1,387.91","1,377.83",-,0.34%
2006-11-29,"1,399.48","1,386.11","1,401.14","1,386.11",-,0.92%
2006-11-30,"1,400.63","1,399.47","1,406.30","1,393.83",-,0.08%
2006-12-1,"1,396.71","1,400.63","1,402.46","1,385.93",-,-0.28%
2006-12-4,"1,409.12","1,396.67","1,411.23","1,396.67",-,0.89%
2006-12-5,"1,414.76","1,409.10","1,415.27","1,408.78",-,0.40%
2006-12-6,"1,412.90","1,414.40","1,415.93","1,411.05",-,-0.13%
2006-12-7,"1,407.29","1,412.86","1,418.27","1,406.80",-,-0.40%
2006-12-8,"1,409.84","1,407.27","1,414.09","1,403.67",-,0.18%
2006-12-11,"1,413.04","1,409.81","1,415.60","1,408.56",-,0.23%
2006-12-12,"1,411.56","1,413.00","1,413.78","1,404.75",-,-0.10%
2006-12-13,"1,413.21","1,411.32","1,416.64","1,411.05",-,0.12%
2006-12-14,"1,425.49","1,413.16","1,427.23","1,413.16",-,0.87%
2006-12-15,"1,427.09","1,425.48","1,431.63","1,425.48",-,0.11%
2006-12-18,"1,422.48","1,427.08","1,431.81","1,420.65",-,-0.32%
2006-12-19,"1,425.55","1,422.42","1,428.30","1,414.88",-,0.22%
2006-12-20,"1,423.53","1,425.51","1,429.05","1,423.51",-,-0.14%
2006-12-21,"1,418.30","1,423.20","1,426.40","1,415.90",-,-0.37%
2006-12-22,"1,410.76","1,418.10","1,418.82","1,410.28",-,-0.53%
2006-12-26,"1,416.90","1,410.75","1,417.91","1,410.45",-,0.44%
2006-12-27,"1,426.84","1,416.63","1,427.72","1,416.63",-,0.70%
2006-12-28,"1,424.73","1,426.77","1,427.26","1,422.05",-,-0.15%
2006-12-29,"1,418.30","1,424.71","1,427.00","1,416.84",-,-0.45%
2007-1-3,"1,416.60","1,418.03","1,429.42","1,407.86",-,-0.12%
2007-1-4,"1,418.34","1,416.60","1,421.84","1,408.43",-,0.12%
2007-1-5,"1,409.71","1,418.34","1,418.34","1,405.75",-,-0.61%
2007-1-8,"1,412.84","1,409.26","1,414.98","1,403.97",-,0.22%
2007-1-9,"1,412.11","1,412.84","1,415.61","1,405.42",-,-0.05%
2007-1-10,"1,414.85","1,408.70","1,415.99","1,405.32",-,0.19%
2007-1-11,"1,423.82","1,414.84","1,427.12","1,414.84",-,0.63%
2007-1-12,"1,430.73","1,423.82","1,431.23","1,422.58",-,0.49%
2007-1-16,"1,431.90","1,430.73","1,433.93","1,428.62",-,0.08%
2007-1-17,"1,430.62","1,431.77","1,435.27","1,428.57",-,-0.09%
2007-1-18,"1,426.37","1,430.59","1,432.96","1,424.21",-,-0.30%
2007-1-19,"1,430.50","1,426.35","1,431.57","1,425.19",-,0.29%
2007-1-22,"1,422.95","1,430.47","1,431.39","1,420.40",-,-0.53%
2007-1-23,"1,427.99","1,422.95","1,431.33","1,421.66",-,0.35%
2007-1-24,"1,440.13","1,427.96","1,440.14","1,427.96",-,0.85%
2007-1-25,"1,423.90","1,440.12","1,440.69","1,422.34",-,-1.13%
2007-1-26,"1,422.18","1,423.90","1,427.27","1,416.96",-,-0.12%
2007-1-29,"1,420.62","1,422.03","1,426.94","1,418.46",-,-0.11%
2007-1-30,"1,428.82","1,420.61","1,428.82","1,420.61",-,0.58%
2007-1-31,"1,438.24","1,428.65","1,441.61","1,424.78",-,0.66%
2007-2-1,"1,445.94","1,437.90","1,446.64","1,437.90",-,0.54%
2007-2-2,"1,448.39","1,445.94","1,449.33","1,444.49",-,0.17%
2007-2-5,"1,446.99","1,448.33","1,449.38","1,443.85",-,-0.10%
2007-2-6,"1,448.00","1,446.98","1,450.19","1,443.40",-,0.07%
2007-2-7,"1,450.02","1,447.41","1,452.99","1,446.44",-,0.14%
2007-2-8,"1,448.31","1,449.99","1,450.45","1,442.81",-,-0.12%
2007-2-9,"1,438.06","1,448.25","1,452.45","1,433.44",-,-0.71%
2007-2-12,"1,433.37","1,438.00","1,439.11","1,431.44",-,-0.33%
2007-2-13,"1,444.26","1,433.22","1,444.41","1,433.22",-,0.76%
2007-2-14,"1,455.30","1,443.91","1,457.65","1,443.91",-,0.76%
2007-2-15,"1,456.81","1,455.15","1,457.97","1,453.19",-,0.10%
2007-2-16,"1,455.54","1,456.77","1,456.77","1,451.57",-,-0.09%
2007-2-20,"1,459.68","1,455.53","1,460.53","1,449.20",-,0.28%
2007-2-21,"1,457.63","1,459.60","1,459.60","1,452.02",-,-0.14%
2007-2-22,"1,456.38","1,457.29","1,461.57","1,450.51",-,-0.09%
2007-2-23,"1,451.19","1,456.22","1,456.22","1,448.36",-,-0.36%
2007-2-26,"1,449.37","1,451.04","1,456.95","1,445.48",-,-0.13%
2007-2-27,"1,399.04","1,449.25","1,449.25","1,389.42",-,-3.47%
2007-2-28,"1,406.82","1,398.64","1,415.89","1,396.65",-,0.56%
2007-3-1,"1,403.17","1,406.80","1,409.46","1,380.87",-,-0.26%
2007-3-2,"1,387.17","1,403.16","1,403.40","1,386.87",-,-1.14%
2007-3-5,"1,374.12","1,387.11","1,391.86","1,373.97",-,-0.94%
2007-3-6,"1,395.41","1,374.06","1,397.90","1,374.06",-,1.55%
2007-3-7,"1,391.97","1,395.02","1,401.16","1,390.64",-,-0.25%
2007-3-8,"1,401.89","1,391.88","1,407.93","1,391.88",-,0.71%
2007-3-9,"1,402.84","1,401.89","1,410.15","1,397.30",-,0.07%
2007-3-12,"1,406.60","1,402.80","1,409.34","1,398.40",-,0.27%
2007-3-13,"1,377.95","1,406.23","1,406.23","1,377.71",-,-2.04%
2007-3-14,"1,387.17","1,377.86","1,388.09","1,363.98",-,0.67%
2007-3-15,"1,392.28","1,387.11","1,395.73","1,385.16",-,0.37%
2007-3-16,"1,386.95","1,392.28","1,397.51","1,383.63",-,-0.38%
2007-3-19,"1,402.06","1,386.95","1,403.20","1,386.95",-,1.09%
2007-3-20,"1,410.94","1,402.04","1,411.53","1,400.70",-,0.63%
2007-3-21,"1,435.04","1,410.92","1,437.77","1,409.75",-,1.71%
2007-3-22,"1,434.54","1,435.04","1,437.66","1,429.88",-,-0.03%
2007-3-23,"1,436.11","1,434.54","1,438.89","1,433.21",-,0.11%
2007-3-26,"1,437.50","1,436.11","1,437.65","1,423.28",-,0.10%
2007-3-27,"1,428.61","1,437.49","1,437.49","1,425.54",-,-0.62%
2007-3-28,"1,417.23","1,428.35","1,428.35","1,414.07",-,-0.80%
2007-3-29,"1,422.53","1,417.17","1,426.24","1,413.27",-,0.37%
2007-3-30,"1,420.86","1,422.52","1,429.22","1,408.90",-,-0.12%
2007-4-2,"1,424.55","1,420.83","1,425.49","1,416.37",-,0.26%
2007-4-3,"1,437.77","1,424.27","1,440.57","1,424.27",-,0.93%
2007-4-4,"1,439.37","1,437.75","1,440.16","1,435.08",-,0.11%
2007-4-5,"1,443.76","1,438.94","1,444.88","1,436.67",-,0.30%
2007-4-9,"1,444.61","1,443.77","1,448.10","1,443.28",-,0.06%
2007-4-10,"1,448.39","1,444.58","1,448.73","1,443.99",-,0.26%
2007-4-11,"1,438.87","1,448.23","1,448.39","1,436.15",-,-0.66%
2007-4-12,"1,447.80","1,438.87","1,448.02","1,433.91",-,0.62%
2007-4-13,"1,452.85","1,447.80","1,453.11","1,444.15",-,0.35%
2007-4-16,"1,468.33","1,452.84","1,468.62","1,452.84",-,1.07%
2007-4-17,"1,471.48","1,468.47","1,474.35","1,467.15",-,0.21%
2007-4-18,"1,472.50","1,471.47","1,476.57","1,466.41",-,0.07%
2007-4-19,"1,470.73","1,472.48","1,474.23","1,464.47",-,-0.12%
2007-4-20,"1,484.35","1,470.69","1,484.74","1,470.69",-,0.93%
2007-4-23,"1,480.93","1,484.33","1,487.32","1,480.19",-,-0.23%
2007-4-24,"1,480.41","1,480.93","1,483.82","1,473.74",-,-0.04%
2007-4-25,"1,495.42","1,480.28","1,496.59","1,480.28",-,1.01%
2007-4-26,"1,494.25","1,495.27","1,498.02","1,491.17",-,-0.08%
2007-4-27,"1,494.07","1,494.21","1,497.32","1,488.67",-,-0.01%
2007-4-30,"1,482.37","1,494.07","1,497.16","1,482.29",-,-0.78%
2007-5-1,"1,486.30","1,482.37","1,487.27","1,476.70",-,0.27%
2007-5-2,"1,495.92","1,486.13","1,499.10","1,486.13",-,0.65%
2007-5-3,"1,502.39","1,495.56","1,503.34","1,495.56",-,0.43%
2007-5-4,"1,505.62","1,502.35","1,510.34","1,501.80",-,0.21%
2007-5-7,"1,509.48","1,505.57","1,511.00","1,505.54",-,0.26%
2007-5-8,"1,507.72","1,509.36","1,509.36","1,500.66",-,-0.12%
2007-5-9,"1,512.58","1,507.32","1,513.80","1,503.77",-,0.32%
2007-5-10,"1,491.47","1,512.33","1,512.33","1,491.42",-,-1.40%
2007-5-11,"1,505.85","1,491.47","1,506.24","1,491.47",-,0.96%
2007-5-14,"1,503.15","1,505.76","1,510.90","1,498.34",-,-0.18%
2007-5-15,"1,501.19","1,503.11","1,514.83","1,500.43",-,-0.13%
2007-5-16,"1,514.14","1,500.75","1,514.15","1,500.75",-,0.86%
2007-5-17,"1,512.75","1,514.01","1,517.14","1,509.29",-,-0.09%
2007-5-18,"1,522.75","1,512.74","1,522.75","1,512.74",-,0.66%
2007-5-21,"1,525.10","1,522.75","1,529.87","1,522.71",-,0.15%
2007-5-22,"1,524.12","1,525.10","1,529.24","1,522.05",-,-0.06%
2007-5-23,"1,522.28","1,524.09","1,532.43","1,521.90",-,-0.12%
2007-5-24,"1,507.51","1,522.10","1,529.31","1,505.18",-,-0.97%
2007-5-25,"1,515.73","1,507.50","1,517.41","1,507.50",-,0.55%
2007-5-29,"1,518.11","1,515.55","1,521.80","1,512.02",-,0.16%
2007-5-30,"1,530.23","1,517.60","1,530.23","1,510.06",-,0.80%
2007-5-31,"1,530.62","1,530.19","1,535.56","1,528.26",-,0.03%
2007-6-1,"1,536.34","1,530.62","1,540.56","1,530.62",-,0.37%
2007-6-4,"1,539.18","1,536.28","1,540.53","1,532.31",-,0.18%
2007-6-5,"1,530.95","1,539.12","1,539.12","1,525.62",-,-0.53%
2007-6-6,"1,517.38","1,530.57","1,530.57","1,514.13",-,-0.89%
2007-6-7,"1,490.72","1,517.36","1,517.36","1,490.37",-,-1.76%
2007-6-8,"1,507.67","1,490.71","1,507.76","1,487.41",-,1.14%
2007-6-11,"1,509.12","1,507.64","1,515.53","1,503.35",-,0.10%
2007-6-12,"1,493.00","1,509.12","1,511.33","1,492.97",-,-1.07%
2007-6-13,"1,515.67","1,492.65","1,515.70","1,492.65",-,1.52%
2007-6-14,"1,522.97","1,515.58","1,526.45","1,515.58",-,0.48%
2007-6-15,"1,532.91","1,522.97","1,538.71","1,522.97",-,0.65%
2007-6-18,"1,531.05","1,532.90","1,535.44","1,529.31",-,-0.12%
2007-6-19,"1,533.70","1,531.02","1,535.85","1,525.67",-,0.17%
2007-6-20,"1,512.84","1,533.68","1,537.32","1,512.36",-,-1.36%
2007-6-21,"1,522.19","1,512.50","1,522.90","1,504.75",-,0.62%
2007-6-22,"1,502.56","1,522.19","1,522.19","1,500.74",-,-1.29%
2007-6-25,"1,497.74","1,502.56","1,514.29","1,492.68",-,-0.32%
2007-6-26,"1,492.89","1,497.68","1,506.12","1,490.54",-,-0.32%
2007-6-27,"1,506.34","1,492.62","1,506.80","1,484.18",-,0.90%
2007-6-28,"1,505.71","1,506.32","1,514.84","1,503.41",-,-0.04%
2007-6-29,"1,503.35","1,505.70","1,517.53","1,493.61",-,-0.16%
2007-7-2,"1,519.43","1,504.66","1,519.45","1,504.66",-,1.07%
2007-7-3,"1,524.87","1,519.12","1,526.01","1,519.12",-,0.36%
2007-7-5,"1,525.40","1,524.86","1,526.57","1,517.72",-,0.03%
2007-7-6,"1,530.44","1,524.96","1,532.40","1,520.47",-,0.33%
2007-7-9,"1,531.85","1,530.43","1,534.26","1,527.45",-,0.09%
2007-7-10,"1,510.12","1,531.85","1,531.85","1,510.01",-,-1.42%
2007-7-11,"1,518.76","1,509.93","1,519.34","1,506.10",-,0.57%
2007-7-12,"1,547.70","1,518.74","1,547.92","1,518.74",-,1.91%
2007-7-13,"1,552.50","1,547.68","1,555.10","1,544.85",-,0.31%
2007-7-16,"1,549.52","1,552.50","1,555.90","1,546.69",-,-0.19%
2007-7-17,"1,549.37","1,549.52","1,555.32","1,547.74",-,-0.01%
2007-7-18,"1,546.17","1,549.20","1,549.20","1,533.67",-,-0.21%
2007-7-19,"1,553.08","1,546.13","1,555.20","1,546.13",-,0.45%
2007-7-20,"1,534.10","1,553.19","1,553.19","1,529.20",-,-1.22%
2007-7-23,"1,541.57","1,534.06","1,547.23","1,534.06",-,0.49%
2007-7-24,"1,511.04","1,541.57","1,541.57","1,508.62",-,-1.98%
2007-7-25,"1,518.09","1,511.03","1,524.31","1,503.73",-,0.47%
2007-7-26,"1,482.66","1,518.09","1,518.09","1,465.30",-,-2.33%
2007-7-27,"1,458.95","1,482.44","1,488.53","1,458.95",-,-1.60%
2007-7-30,"1,473.91","1,458.93","1,477.88","1,454.32",-,1.03%
2007-7-31,"1,455.27","1,473.90","1,488.30","1,454.25",-,-1.26%
2007-8-1,"1,465.81","1,455.18","1,468.38","1,439.59",-,0.72%
2007-8-2,"1,472.20","1,465.46","1,476.43","1,460.58",-,0.44%
2007-8-3,"1,433.06","1,472.18","1,473.23","1,432.80",-,-2.66%
2007-8-6,"1,467.67","1,433.04","1,467.67","1,427.39",-,2.42%
2007-8-7,"1,476.71","1,467.62","1,488.30","1,455.80",-,0.62%
2007-8-8,"1,497.49","1,476.22","1,503.89","1,476.22",-,1.41%
2007-8-9,"1,453.09","1,497.21","1,497.21","1,453.09",-,-2.96%
2007-8-10,"1,453.64","1,453.09","1,462.02","1,429.74",-,0.04%
2007-8-13,"1,452.92","1,453.42","1,466.29","1,451.54",-,-0.05%
2007-8-14,"1,426.54","1,452.87","1,456.74","1,426.20",-,-1.82%
2007-8-15,"1,406.70","1,426.15","1,440.78","1,404.36",-,-1.39%
2007-8-16,"1,411.27","1,406.64","1,415.97","1,370.60",-,0.32%
2007-8-17,"1,445.94","1,411.26","1,450.33","1,411.26",-,2.46%
2007-8-20,"1,445.55","1,445.94","1,451.75","1,430.54",-,-0.03%
2007-8-21,"1,447.12","1,445.55","1,455.32","1,439.76",-,0.11%
2007-8-22,"1,464.07","1,447.03","1,464.86","1,447.03",-,1.17%
2007-8-23,"1,462.50","1,464.05","1,472.06","1,453.88",-,-0.11%
2007-8-24,"1,479.37","1,462.34","1,479.40","1,460.54",-,1.15%
2007-8-27,"1,466.79","1,479.36","1,479.36","1,465.98",-,-0.85%
2007-8-28,"1,432.36","1,466.72","1,466.72","1,432.01",-,-2.35%
2007-8-29,"1,463.76","1,432.01","1,463.76","1,432.01",-,2.19%
2007-8-30,"1,457.64","1,463.67","1,468.43","1,451.25",-,-0.42%
2007-8-31,"1,473.99","1,457.61","1,481.47","1,457.61",-,1.12%
2007-9-4,"1,489.42","1,473.96","1,496.40","1,472.15",-,1.05%
2007-9-5,"1,472.29","1,488.76","1,488.76","1,466.34",-,-1.15%
2007-9-6,"1,478.55","1,472.03","1,481.49","1,467.41",-,0.43%
2007-9-7,"1,453.55","1,478.55","1,478.55","1,449.07",-,-1.69%
2007-9-10,"1,451.70","1,453.50","1,462.25","1,439.29",-,-0.13%
2007-9-11,"1,471.49","1,451.69","1,472.48","1,451.69",-,1.36%
2007-9-12,"1,471.56","1,471.10","1,479.50","1,465.75",-,0.00%
2007-9-13,"1,483.95","1,471.47","1,489.58","1,471.47",-,0.84%
2007-9-14,"1,484.25","1,483.95","1,485.99","1,473.18",-,0.02%
2007-9-17,"1,476.65","1,484.24","1,484.24","1,471.82",-,-0.51%
2007-9-18,"1,519.78","1,476.63","1,519.89","1,476.63",-,2.92%
2007-9-19,"1,529.03","1,519.75","1,538.74","1,519.75",-,0.61%
2007-9-20,"1,518.75","1,528.69","1,529.14","1,516.42",-,-0.67%
2007-9-21,"1,525.75","1,518.75","1,530.89","1,518.75",-,0.46%
2007-9-24,"1,517.73","1,525.75","1,530.18","1,516.15",-,-0.53%
2007-9-25,"1,517.21","1,516.34","1,518.27","1,507.13",-,-0.03%
2007-9-26,"1,525.42","1,518.62","1,529.39","1,518.62",-,0.54%
2007-9-27,"1,531.38","1,527.32","1,532.46","1,525.81",-,0.39%
2007-9-28,"1,526.75","1,531.24","1,533.74","1,521.99",-,-0.30%
2007-10-1,"1,547.04","1,527.29","1,549.02","1,527.25",-,1.33%
2007-10-2,"1,546.63","1,546.96","1,548.01","1,540.37",-,-0.03%
2007-10-3,"1,539.59","1,545.80","1,545.84","1,536.34",-,-0.46%
2007-10-4,"1,542.84","1,539.91","1,544.02","1,537.63",-,0.21%
2007-10-5,"1,557.59","1,543.84","1,561.91","1,543.84",-,0.96%
2007-10-8,"1,552.58","1,556.51","1,556.51","1,549.00",-,-0.32%
2007-10-9,"1,565.15","1,553.18","1,565.26","1,551.82",-,0.81%
2007-10-10,"1,562.47","1,564.98","1,565.42","1,555.46",-,-0.17%
2007-10-11,"1,554.41","1,564.72","1,576.09","1,546.72",-,-0.52%
2007-10-12,"1,561.80","1,555.41","1,563.03","1,554.09",-,0.48%
2007-10-15,"1,548.71","1,562.25","1,564.74","1,540.81",-,-0.84%
2007-10-16,"1,538.53","1,547.81","1,547.81","1,536.29",-,-0.66%
2007-10-17,"1,541.24","1,544.44","1,550.66","1,526.01",-,0.18%
2007-10-18,"1,540.08","1,539.29","1,542.79","1,531.76",-,-0.08%
2007-10-19,"1,500.63","1,540.00","1,540.00","1,500.26",-,-2.56%
2007-10-22,"1,506.33","1,497.79","1,508.06","1,490.40",-,0.38%
2007-10-23,"1,519.59","1,509.30","1,520.01","1,503.61",-,0.88%
2007-10-24,"1,515.88","1,516.61","1,517.23","1,489.56",-,-0.24%
2007-10-25,"1,514.40","1,516.15","1,523.24","1,500.46",-,-0.10%
2007-10-26,"1,535.28","1,522.17","1,535.53","1,520.18",-,1.38%
2007-10-29,"1,540.98","1,536.92","1,544.67","1,536.43",-,0.37%
2007-10-30,"1,531.02","1,539.42","1,539.42","1,529.55",-,-0.65%
2007-10-31,"1,549.38","1,532.15","1,552.76","1,529.40",-,1.20%
2007-11-1,"1,508.44","1,545.79","1,545.79","1,506.66",-,-2.64%
2007-11-2,"1,509.65","1,511.07","1,513.15","1,492.53",-,0.08%
2007-11-5,"1,502.17","1,505.61","1,510.84","1,489.95",-,-0.50%
2007-11-6,"1,520.27","1,505.33","1,520.77","1,499.07",-,1.20%
2007-11-7,"1,475.62","1,515.46","1,515.46","1,475.04",-,-2.94%
2007-11-8,"1,474.77","1,475.27","1,482.50","1,450.31",-,-0.06%
2007-11-9,"1,453.70","1,467.59","1,474.09","1,448.51",-,-1.43%
2007-11-12,"1,439.18","1,453.66","1,464.94","1,438.53",-,-1.00%
2007-11-13,"1,481.05","1,441.35","1,481.37","1,441.35",-,2.91%
2007-11-14,"1,470.58","1,483.40","1,492.14","1,466.47",-,-0.71%
2007-11-15,"1,451.15","1,468.04","1,472.67","1,443.49",-,-1.32%
2007-11-16,"1,458.74","1,453.09","1,462.18","1,443.99",-,0.52%
2007-11-19,"1,433.27","1,456.70","1,456.70","1,430.42",-,-1.75%
2007-11-20,"1,439.70","1,434.51","1,452.64","1,419.28",-,0.45%
2007-11-21,"1,416.77","1,434.71","1,436.40","1,415.64",-,-1.59%
2007-11-23,"1,440.70","1,417.62","1,440.86","1,417.62",-,1.69%
2007-11-26,"1,407.22","1,440.74","1,446.09","1,406.10",-,-2.32%
2007-11-27,"1,428.23","1,409.59","1,429.49","1,407.43",-,1.49%
2007-11-28,"1,469.02","1,432.95","1,471.62","1,432.95",-,2.86%
2007-11-29,"1,469.72","1,467.41","1,473.81","1,458.36",-,0.05%
2007-11-30,"1,481.14","1,471.83","1,488.94","1,470.89",-,0.78%
2007-12-3,"1,472.42","1,479.63","1,481.16","1,470.08",-,-0.59%
2007-12-4,"1,462.79","1,471.34","1,471.34","1,460.66",-,-0.65%
2007-12-5,"1,485.01","1,465.22","1,486.09","1,465.22",-,1.52%
2007-12-6,"1,507.34","1,484.59","1,508.02","1,482.19",-,1.50%
2007-12-7,"1,504.66","1,508.60","1,510.63","1,502.66",-,-0.18%
2007-12-10,"1,515.96","1,505.11","1,518.27","1,504.96",-,0.75%
2007-12-11,"1,477.65","1,516.68","1,523.57","1,475.99",-,-2.53%
2007-12-12,"1,486.59","1,487.58","1,511.96","1,468.23",-,0.61%
2007-12-13,"1,488.41","1,483.27","1,489.40","1,469.21",-,0.12%
2007-12-14,"1,467.95","1,486.19","1,486.67","1,467.78",-,-1.37%
2007-12-17,"1,445.90","1,465.05","1,465.05","1,445.43",-,-1.50%
2007-12-18,"1,454.98","1,445.92","1,460.16","1,435.65",-,0.63%
2007-12-19,"1,453.00","1,454.70","1,464.42","1,445.31",-,-0.14%
2007-12-20,"1,460.12","1,456.42","1,461.53","1,447.22",-,0.49%
2007-12-21,"1,484.46","1,463.19","1,485.40","1,463.19",-,1.67%
2007-12-24,"1,496.45","1,484.55","1,497.63","1,484.55",-,0.81%
2007-12-26,"1,497.66","1,495.12","1,498.85","1,488.20",-,0.08%
2007-12-27,"1,476.27","1,495.05","1,495.05","1,475.86",-,-1.43%
2007-12-28,"1,478.49","1,479.83","1,488.01","1,471.70",-,0.15%
2007-12-31,"1,468.36","1,475.25","1,475.83","1,465.13",-,-0.69%
2008-1-2,"1,447.16","1,467.97","1,471.77","1,442.07",-,-1.44%
2008-1-3,"1,447.16","1,447.55","1,456.80","1,443.73",-,0.00%
2008-1-4,"1,411.63","1,444.01","1,444.01","1,411.19",-,-2.46%
2008-1-7,"1,416.18","1,414.07","1,423.87","1,403.45",-,0.32%
2008-1-8,"1,390.19","1,415.71","1,430.28","1,388.30",-,-1.84%
2008-1-9,"1,409.13","1,390.25","1,409.19","1,378.70",-,1.36%
2008-1-10,"1,420.33","1,406.78","1,429.09","1,395.31",-,0.79%
2008-1-11,"1,401.02","1,419.91","1,419.91","1,394.83",-,-1.36%
2008-1-14,"1,416.25","1,402.91","1,417.89","1,402.91",-,1.09%
2008-1-15,"1,380.95","1,411.88","1,411.88","1,380.60",-,-2.49%
2008-1-16,"1,373.20","1,377.41","1,391.99","1,364.27",-,-0.56%
2008-1-17,"1,333.25","1,374.79","1,377.72","1,330.67",-,-2.91%
2008-1-18,"1,325.19","1,333.90","1,350.28","1,312.51",-,-0.60%
2008-1-22,"1,310.50","1,312.94","1,322.09","1,274.29",-,-1.11%
2008-1-23,"1,338.60","1,310.41","1,339.09","1,270.05",-,2.14%
2008-1-24,"1,352.07","1,340.13","1,355.15","1,334.31",-,1.01%
2008-1-25,"1,330.61","1,357.32","1,368.56","1,327.50",-,-1.59%
2008-1-28,"1,353.96","1,330.70","1,353.97","1,322.26",-,1.75%
2008-1-29,"1,362.30","1,355.94","1,364.93","1,350.19",-,0.62%
2008-1-30,"1,355.81","1,362.22","1,385.86","1,352.95",-,-0.48%
2008-1-31,"1,378.55","1,351.98","1,385.62","1,334.08",-,1.68%
2008-2-1,"1,395.42","1,378.60","1,396.02","1,375.93",-,1.22%
2008-2-4,"1,380.82","1,395.38","1,395.38","1,379.69",-,-1.05%
2008-2-5,"1,336.64","1,380.28","1,380.28","1,336.64",-,-3.20%
2008-2-6,"1,326.45","1,339.48","1,351.96","1,324.34",-,-0.76%
2008-2-7,"1,336.91","1,324.01","1,347.16","1,316.75",-,0.79%
2008-2-8,"1,331.29","1,336.88","1,341.22","1,321.06",-,-0.42%
2008-2-11,"1,339.13","1,331.92","1,341.40","1,320.32",-,0.59%
2008-2-12,"1,348.86","1,340.55","1,362.10","1,339.36",-,0.73%
2008-2-13,"1,367.21","1,353.12","1,369.23","1,350.78",-,1.36%
2008-2-14,"1,348.86","1,367.33","1,368.16","1,347.31",-,-1.34%
2008-2-15,"1,349.99","1,347.52","1,350.00","1,338.13",-,0.08%
2008-2-19,"1,348.78","1,355.86","1,367.28","1,345.05",-,-0.09%
2008-2-20,"1,360.03","1,348.39","1,363.71","1,336.55",-,0.83%
2008-2-21,"1,342.53","1,362.21","1,367.94","1,339.34",-,-1.29%
2008-2-22,"1,353.11","1,344.22","1,354.30","1,327.04",-,0.79%
2008-2-25,"1,371.80","1,352.75","1,374.36","1,346.03",-,1.38%
2008-2-26,"1,381.29","1,371.76","1,387.34","1,363.29",-,0.69%
2008-2-27,"1,380.02","1,378.95","1,388.34","1,372.00",-,-0.09%
2008-2-28,"1,367.68","1,378.16","1,378.16","1,363.16",-,-0.89%
2008-2-29,"1,330.63","1,364.07","1,364.07","1,325.42",-,-2.71%
2008-3-3,"1,331.34","1,330.45","1,335.13","1,320.04",-,0.05%
2008-3-4,"1,326.75","1,329.58","1,331.03","1,307.39",-,-0.34%
2008-3-5,"1,333.70","1,327.69","1,344.19","1,320.22",-,0.52%
2008-3-6,"1,304.34","1,332.20","1,332.20","1,303.42",-,-2.20%
2008-3-7,"1,293.37","1,301.53","1,313.24","1,282.43",-,-0.84%
2008-3-10,"1,273.37","1,293.16","1,295.01","1,272.66",-,-1.55%
2008-3-11,"1,320.65","1,274.40","1,320.65","1,274.40",-,3.71%
2008-3-12,"1,308.77","1,321.13","1,333.26","1,307.86",-,-0.90%
2008-3-13,"1,315.48","1,305.26","1,321.68","1,282.11",-,0.51%
2008-3-14,"1,288.14","1,316.05","1,321.47","1,274.86",-,-2.08%
2008-3-17,"1,276.60","1,283.21","1,287.50","1,256.98",-,-0.90%
2008-3-18,"1,330.74","1,277.16","1,330.74","1,277.16",-,4.24%
2008-3-19,"1,298.42","1,330.97","1,341.51","1,298.42",-,-2.43%
2008-3-20,"1,329.51","1,299.67","1,330.67","1,295.22",-,2.39%
2008-3-24,"1,349.88","1,330.29","1,359.68","1,330.29",-,1.53%
2008-3-25,"1,352.99","1,349.07","1,357.47","1,341.21",-,0.23%
2008-3-26,"1,341.13","1,352.45","1,352.45","1,336.41",-,-0.88%
2008-3-27,"1,325.76","1,340.34","1,345.62","1,325.66",-,-1.15%
2008-3-28,"1,315.22","1,327.02","1,334.87","1,312.95",-,-0.80%
2008-3-31,"1,322.70","1,315.92","1,328.52","1,312.81",-,0.57%
2008-4-1,"1,370.18","1,326.41","1,370.18","1,326.41",-,3.59%
2008-4-2,"1,367.53","1,369.96","1,377.95","1,361.55",-,-0.19%
2008-4-3,"1,369.31","1,365.69","1,375.66","1,358.68",-,0.13%
2008-4-4,"1,370.40","1,369.85","1,380.91","1,362.83",-,0.08%
2008-4-7,"1,372.54","1,373.69","1,386.74","1,369.02",-,0.16%
2008-4-8,"1,365.54","1,370.16","1,370.16","1,360.62",-,-0.51%
2008-4-9,"1,354.49","1,365.50","1,368.39","1,349.97",-,-0.81%
2008-4-10,"1,360.55","1,355.37","1,367.24","1,350.11",-,0.45%
2008-4-11,"1,332.83","1,357.98","1,357.98","1,331.21",-,-2.04%
2008-4-14,"1,328.32","1,332.20","1,335.64","1,326.16",-,-0.34%
2008-4-15,"1,334.43","1,331.72","1,337.72","1,324.35",-,0.46%
2008-4-16,"1,364.71","1,337.02","1,365.49","1,337.02",-,2.27%
2008-4-17,"1,365.56","1,363.37","1,368.60","1,357.25",-,0.06%
2008-4-18,"1,390.33","1,369.00","1,395.90","1,369.00",-,1.81%
2008-4-21,"1,388.17","1,387.72","1,390.23","1,379.25",-,-0.16%
2008-4-22,"1,375.94","1,386.43","1,386.43","1,369.84",-,-0.88%
2008-4-23,"1,379.93","1,378.40","1,387.87","1,372.24",-,0.29%
2008-4-24,"1,388.82","1,380.52","1,397.72","1,371.09",-,0.64%
2008-4-25,"1,397.84","1,387.88","1,399.11","1,379.98",-,0.65%
2008-4-28,"1,396.37","1,397.96","1,402.90","1,394.40",-,-0.11%
2008-4-29,"1,390.94","1,395.61","1,397.00","1,386.70",-,-0.39%
2008-4-30,"1,385.59","1,391.22","1,404.57","1,384.25",-,-0.38%
2008-5-1,"1,409.34","1,385.97","1,410.07","1,383.07",-,1.71%
2008-5-2,"1,413.90","1,409.16","1,422.72","1,406.25",-,0.32%
2008-5-5,"1,407.49","1,415.34","1,415.34","1,404.37",-,-0.45%
2008-5-6,"1,418.26","1,405.60","1,421.57","1,397.10",-,0.77%
2008-5-7,"1,392.57","1,417.49","1,419.54","1,391.16",-,-1.81%
2008-5-8,"1,397.68","1,394.29","1,402.35","1,389.39",-,0.37%
2008-5-9,"1,388.28","1,394.90","1,394.90","1,384.11",-,-0.67%
2008-5-12,"1,403.58","1,389.40","1,404.06","1,386.20",-,1.10%
2008-5-13,"1,403.04","1,404.40","1,406.30","1,396.26",-,-0.04%
2008-5-14,"1,408.66","1,405.65","1,420.19","1,405.65",-,0.40%
2008-5-15,"1,423.57","1,408.36","1,424.40","1,406.87",-,1.06%
2008-5-16,"1,425.35","1,423.89","1,425.82","1,414.35",-,0.13%
2008-5-19,"1,426.63","1,425.28","1,440.24","1,421.63",-,0.09%
2008-5-20,"1,413.40","1,424.49","1,424.49","1,409.09",-,-0.93%
2008-5-21,"1,390.71","1,414.06","1,419.12","1,388.81",-,-1.61%
2008-5-22,"1,394.35","1,390.83","1,399.07","1,390.23",-,0.26%
2008-5-23,"1,375.93","1,392.20","1,392.20","1,373.72",-,-1.32%
2008-5-27,"1,385.35","1,375.97","1,387.40","1,373.07",-,0.68%
2008-5-28,"1,390.84","1,386.54","1,391.25","1,378.16",-,0.40%
2008-5-29,"1,398.26","1,390.50","1,406.32","1,388.59",-,0.53%
2008-5-30,"1,400.38","1,398.36","1,404.46","1,398.08",-,0.15%
2008-6-2,"1,385.67","1,399.62","1,399.62","1,377.79",-,-1.05%
2008-6-3,"1,377.65","1,386.42","1,393.12","1,370.12",-,-0.58%
2008-6-4,"1,377.20","1,376.26","1,388.18","1,371.74",-,-0.03%
2008-6-5,"1,404.05","1,377.48","1,404.05","1,377.48",-,1.95%
2008-6-6,"1,360.68","1,400.06","1,400.06","1,359.90",-,-3.09%
2008-6-9,"1,361.76","1,360.83","1,370.63","1,350.62",-,0.08%
2008-6-10,"1,358.44","1,358.98","1,366.84","1,351.56",-,-0.24%
2008-6-11,"1,335.49","1,357.09","1,357.09","1,335.47",-,-1.69%
2008-6-12,"1,339.87","1,335.78","1,353.03","1,331.29",-,0.33%
2008-6-13,"1,360.03","1,341.81","1,360.03","1,341.71",-,1.50%
2008-6-16,"1,360.14","1,358.85","1,364.70","1,352.07",-,0.01%
2008-6-17,"1,350.93","1,360.71","1,366.59","1,350.54",-,-0.68%
2008-6-18,"1,337.81","1,349.59","1,349.59","1,333.40",-,-0.97%
2008-6-19,"1,342.83","1,336.89","1,347.66","1,330.50",-,0.38%
2008-6-20,"1,317.93","1,341.02","1,341.02","1,314.46",-,-1.85%
2008-6-23,"1,318.00","1,319.77","1,323.78","1,315.31",-,0.01%
2008-6-24,"1,314.29","1,317.23","1,326.02","1,304.42",-,-0.28%
2008-6-25,"1,321.97","1,314.54","1,335.63","1,314.54",-,0.58%
2008-6-26,"1,283.15","1,316.29","1,316.29","1,283.15",-,-2.94%
2008-6-27,"1,278.38","1,283.60","1,289.45","1,272.00",-,-0.37%
2008-6-30,"1,280.00","1,278.06","1,290.31","1,274.86",-,0.13%
2008-7-1,"1,284.91","1,276.69","1,285.31","1,260.68",-,0.38%
2008-7-2,"1,261.52","1,285.82","1,292.17","1,261.51",-,-1.82%
2008-7-3,"1,262.90","1,262.96","1,271.48","1,252.01",-,0.11%
2008-7-7,"1,252.31","1,262.90","1,273.95","1,240.68",-,-0.84%
2008-7-8,"1,273.70","1,251.84","1,274.17","1,242.84",-,1.71%
2008-7-9,"1,244.69","1,273.38","1,277.36","1,244.57",-,-2.28%
2008-7-10,"1,253.39","1,245.25","1,257.65","1,236.76",-,0.70%
2008-7-11,"1,239.49","1,248.66","1,257.27","1,225.35",-,-1.11%
2008-7-14,"1,228.30","1,241.61","1,253.50","1,225.01",-,-0.90%
2008-7-15,"1,214.91","1,226.83","1,234.35","1,200.44",-,-1.09%
2008-7-16,"1,245.36","1,214.65","1,245.52","1,211.39",-,2.51%
2008-7-17,"1,260.32","1,246.31","1,262.31","1,241.49",-,1.20%
2008-7-18,"1,260.68","1,258.22","1,262.23","1,251.81",-,0.03%
2008-7-21,"1,260.00","1,261.82","1,267.74","1,255.70",-,-0.05%
2008-7-22,"1,277.00","1,257.08","1,277.42","1,248.83",-,1.35%
2008-7-23,"1,282.19","1,278.87","1,291.17","1,276.06",-,0.41%
2008-7-24,"1,252.54","1,283.22","1,283.22","1,251.48",-,-2.31%
2008-7-25,"1,257.76","1,253.51","1,263.23","1,251.75",-,0.42%
2008-7-28,"1,234.37","1,257.76","1,260.09","1,234.37",-,-1.86%
2008-7-29,"1,263.20","1,236.38","1,263.20","1,236.38",-,2.34%
2008-7-30,"1,284.26","1,264.52","1,284.33","1,264.52",-,1.67%
2008-7-31,"1,267.38","1,281.37","1,284.93","1,265.97",-,-1.31%
2008-8-1,"1,260.31","1,269.42","1,270.52","1,254.54",-,-0.56%
2008-8-4,"1,249.01","1,253.27","1,260.49","1,247.45",-,-0.90%
2008-8-5,"1,284.88","1,254.87","1,284.88","1,254.67",-,2.87%
2008-8-6,"1,289.19","1,283.99","1,291.67","1,276.00",-,0.34%
2008-8-7,"1,266.07","1,286.51","1,286.51","1,264.29",-,-1.79%
2008-8-8,"1,296.32","1,266.29","1,297.85","1,262.11",-,2.39%
2008-8-11,"1,305.32","1,294.42","1,313.15","1,291.41",-,0.69%
2008-8-12,"1,289.59","1,304.79","1,304.79","1,285.64",-,-1.21%
2008-8-13,"1,285.83","1,288.64","1,294.03","1,274.86",-,-0.29%
2008-8-14,"1,292.93","1,282.11","1,300.11","1,276.84",-,0.55%
2008-8-15,"1,298.20","1,293.85","1,302.05","1,290.74",-,0.41%
2008-8-18,"1,278.60","1,298.14","1,300.22","1,274.51",-,-1.51%
2008-8-19,"1,266.69","1,276.65","1,276.65","1,263.11",-,-0.93%
2008-8-20,"1,274.54","1,267.34","1,276.01","1,261.16",-,0.62%
2008-8-21,"1,277.72","1,271.07","1,281.40","1,265.22",-,0.25%
2008-8-22,"1,292.20","1,277.59","1,293.09","1,277.59",-,1.13%
2008-8-25,"1,266.84","1,290.47","1,290.47","1,264.87",-,-1.96%
2008-8-26,"1,271.51","1,267.03","1,275.65","1,263.21",-,0.37%
2008-8-27,"1,281.66","1,271.29","1,285.05","1,270.03",-,0.80%
2008-8-28,"1,300.68","1,283.79","1,300.68","1,283.79",-,1.48%
2008-8-29,"1,282.83","1,296.49","1,297.59","1,282.74",-,-1.37%
2008-9-2,"1,277.58","1,287.83","1,303.04","1,272.20",-,-0.41%
2008-9-3,"1,274.98","1,276.61","1,280.60","1,265.59",-,-0.20%
2008-9-4,"1,236.83","1,271.80","1,271.80","1,232.83",-,-2.99%
2008-9-5,"1,242.31","1,233.21","1,244.94","1,217.23",-,0.44%
2008-9-8,"1,267.79","1,249.50","1,274.42","1,247.12",-,2.05%
2008-9-9,"1,224.51","1,267.98","1,268.66","1,224.51",-,-3.41%
2008-9-10,"1,232.04","1,227.50","1,243.90","1,221.60",-,0.61%
2008-9-11,"1,249.05","1,229.04","1,249.98","1,211.54",-,1.38%
2008-9-12,"1,251.70","1,245.88","1,255.09","1,233.81",-,0.21%
2008-9-15,"1,192.70","1,250.92","1,250.92","1,192.70",-,-4.71%
2008-9-16,"1,213.60","1,188.31","1,214.84","1,169.28",-,1.75%
2008-9-17,"1,156.39","1,210.34","1,210.34","1,155.88",-,-4.71%
2008-9-18,"1,206.51","1,157.08","1,211.14","1,133.50",-,4.33%
2008-9-19,"1,255.08","1,213.11","1,265.12","1,213.11",-,4.03%
2008-9-22,"1,207.09","1,255.37","1,255.37","1,205.61",-,-3.82%
2008-9-23,"1,188.22","1,207.61","1,221.15","1,187.06",-,-1.56%
2008-9-24,"1,185.87","1,188.79","1,197.41","1,179.79",-,-0.20%
2008-9-25,"1,209.18","1,187.87","1,220.03","1,187.87",-,1.97%
2008-9-26,"1,213.27","1,204.47","1,215.77","1,187.54",-,0.34%
2008-9-29,"1,106.42","1,209.07","1,209.07","1,106.42",-,-8.81%
2008-9-30,"1,166.36","1,113.78","1,168.03","1,113.78",-,5.42%
2008-10-1,"1,161.06","1,164.17","1,167.03","1,140.77",-,-0.45%
2008-10-2,"1,114.28","1,160.64","1,160.64","1,111.43",-,-4.03%
2008-10-3,"1,099.23","1,115.16","1,153.82","1,098.14",-,-1.35%
2008-10-6,"1,056.89","1,097.56","1,097.56","1,007.97",-,-3.85%
2008-10-7,996.23,"1,057.60","1,072.91",996.23,-,-5.74%
2008-10-8,984.94,988.91,"1,021.06",970.97,-,-1.13%
2008-10-9,909.92,988.42,"1,005.25",909.19,-,-7.62%
2008-10-10,899.22,902.31,936.36,839.80,-,-1.18%
2008-10-13,"1,003.35",912.75,"1,006.93",912.75,-,11.58%
2008-10-14,998.01,"1,009.97","1,044.31",972.07,-,-0.53%
2008-10-15,907.84,994.60,994.60,903.99,-,-9.03%
2008-10-16,946.43,909.53,947.71,865.83,-,4.25%
2008-10-17,940.55,942.29,984.64,918.74,-,-0.62%
2008-10-20,985.40,943.51,985.40,943.51,-,4.77%
2008-10-21,955.05,980.40,985.44,952.47,-,-3.08%
2008-10-22,896.78,951.67,951.67,875.81,-,-6.10%
2008-10-23,908.11,899.08,922.83,858.44,-,1.26%
2008-10-24,876.77,895.22,896.30,852.85,-,-3.45%
2008-10-27,848.92,874.28,893.78,846.75,-,-3.18%
2008-10-28,940.51,848.92,940.51,845.27,-,10.79%
2008-10-29,930.09,939.51,969.97,922.26,-,-1.11%
2008-10-30,954.09,939.38,963.23,928.50,-,2.58%
2008-10-31,968.75,953.11,984.38,944.59,-,1.54%
2008-11-3,966.30,968.67,975.57,958.82,-,-0.25%
2008-11-4,"1,005.75",971.31,"1,007.51",971.31,-,4.08%
2008-11-5,952.77,"1,001.84","1,001.84",949.86,-,-5.27%
2008-11-6,904.88,952.40,952.40,899.73,-,-5.03%
2008-11-7,930.99,907.44,931.46,906.90,-,2.89%
2008-11-10,919.21,936.75,951.95,907.47,-,-1.27%
2008-11-11,898.95,917.15,917.15,884.90,-,-2.20%
2008-11-12,852.30,893.39,893.39,850.48,-,-5.19%
2008-11-13,911.29,853.13,913.01,818.69,-,6.92%
2008-11-14,873.29,904.36,916.88,869.88,-,-4.17%
2008-11-17,850.75,873.23,882.29,848.98,-,-2.58%
2008-11-18,859.12,852.34,865.90,826.84,-,0.98%
2008-11-19,806.58,859.03,864.57,806.18,-,-6.12%
2008-11-20,752.44,805.87,820.52,747.78,-,-6.71%
2008-11-21,800.03,755.84,801.20,741.02,-,6.32%
2008-11-24,851.81,801.20,865.60,801.20,-,6.47%
2008-11-25,857.39,853.40,868.94,834.99,-,0.66%
2008-11-26,887.68,852.90,887.68,841.37,-,3.53%
2008-11-28,896.24,886.89,896.25,881.21,-,0.96%
2008-12-1,816.21,888.61,888.61,815.69,-,-8.93%
2008-12-2,848.81,817.94,850.54,817.94,-,3.99%
2008-12-3,870.74,843.60,873.12,827.60,-,2.58%
2008-12-4,845.22,869.75,875.60,833.60,-,-2.93%
2008-12-5,876.07,844.43,879.42,818.41,-,3.65%
2008-12-8,909.70,882.71,918.57,882.71,-,3.84%
2008-12-9,888.67,906.48,916.26,885.38,-,-2.31%
2008-12-10,899.24,892.17,908.27,885.45,-,1.19%
2008-12-11,873.59,898.35,904.63,868.73,-,-2.85%
2008-12-12,879.73,871.79,883.24,851.35,-,0.70%
2008-12-15,868.57,881.07,884.63,857.72,-,-1.27%
2008-12-16,913.18,871.53,914.66,871.53,-,5.14%
2008-12-17,904.42,908.16,918.85,895.94,-,-0.96%
2008-12-18,885.28,905.98,911.02,877.44,-,-2.12%
2008-12-19,887.88,886.96,905.47,883.02,-,0.29%
2008-12-22,871.63,887.20,887.37,857.09,-,-1.83%
2008-12-23,863.16,874.31,880.44,860.10,-,-0.97%
2008-12-24,868.15,863.87,869.79,861.44,-,0.58%
2008-12-26,872.80,869.51,873.74,866.52,-,0.54%
2008-12-29,869.42,872.37,873.70,857.07,-,-0.39%
2008-12-30,890.64,870.58,891.12,870.58,-,2.44%
2008-12-31,903.25,890.59,910.32,889.67,-,1.42%
2009-1-2,931.80,902.99,934.73,899.35,-,3.16%
2009-1-5,927.45,929.17,936.63,919.53,-,-0.47%
2009-1-6,934.70,931.17,943.85,927.28,-,0.78%
2009-1-7,906.65,927.45,927.45,902.37,-,-3.00%
2009-1-8,909.73,905.73,910.00,896.81,-,0.34%
2009-1-9,890.35,909.91,911.93,888.31,-,-2.13%
2009-1-12,870.26,890.40,890.40,864.32,-,-2.26%
2009-1-13,871.79,869.79,877.02,862.02,-,0.18%
2009-1-14,842.62,867.28,867.28,836.93,-,-3.35%
2009-1-15,843.74,841.99,851.59,817.04,-,0.13%
2009-1-16,850.12,844.45,858.13,830.66,-,0.76%
2009-1-20,805.22,849.64,849.64,804.47,-,-5.28%
2009-1-21,840.24,806.77,841.72,804.30,-,4.35%
2009-1-22,827.50,839.74,839.74,811.29,-,-1.52%
2009-1-23,831.95,822.16,838.61,806.07,-,0.54%
2009-1-26,836.57,832.50,852.53,827.69,-,0.56%
2009-1-27,845.71,837.30,850.45,835.40,-,1.09%
2009-1-28,874.09,845.73,877.86,845.73,-,3.36%
2009-1-29,845.14,868.89,868.89,844.15,-,-3.31%
2009-1-30,825.88,845.69,851.66,821.67,-,-2.28%
2009-2-2,825.44,823.09,830.78,812.87,-,-0.05%
2009-2-3,838.51,825.69,842.60,821.98,-,1.58%
2009-2-4,832.23,837.77,851.85,829.18,-,-0.75%
2009-2-5,845.85,831.75,850.55,819.91,-,1.64%
2009-2-6,868.60,846.09,870.75,845.42,-,2.69%
2009-2-9,869.89,868.24,875.01,861.65,-,0.15%
2009-2-10,827.16,866.87,868.05,822.99,-,-4.91%
2009-2-11,833.74,827.41,838.22,822.30,-,0.80%
2009-2-12,835.19,829.91,835.48,808.06,-,0.17%
2009-2-13,826.84,833.95,839.43,825.21,-,-1.00%
2009-2-17,789.17,818.61,818.61,789.17,-,-4.56%
2009-2-18,788.42,791.06,796.17,780.43,-,-0.10%
2009-2-19,778.94,787.91,797.58,777.03,-,-1.20%
2009-2-20,770.05,775.87,778.69,754.25,-,-1.14%
2009-2-23,743.33,773.25,777.85,742.37,-,-3.47%
2009-2-24,773.14,744.69,775.49,744.69,-,4.01%
2009-2-25,764.90,770.64,780.12,752.89,-,-1.07%
2009-2-26,752.83,765.76,779.42,751.75,-,-1.58%
2009-2-27,735.09,749.93,751.27,734.52,-,-2.36%
2009-3-2,700.82,729.57,729.57,699.70,-,-4.66%
2009-3-3,696.33,704.44,711.67,692.30,-,-0.64%
2009-3-4,712.87,698.60,724.12,698.60,-,2.38%
2009-3-5,682.55,708.27,708.27,677.93,-,-4.25%
2009-3-6,683.38,684.04,699.09,666.79,-,0.12%
2009-3-9,676.53,680.76,695.27,672.88,-,-1.00%
2009-3-10,719.60,679.28,719.60,679.28,-,6.37%
2009-3-11,721.36,719.59,731.92,713.85,-,0.24%
2009-3-12,750.74,720.89,752.63,714.76,-,4.07%
2009-3-13,756.55,751.97,758.29,742.46,-,0.77%
2009-3-16,753.89,758.84,774.53,753.37,-,-0.35%
2009-3-17,778.12,753.88,778.12,749.93,-,3.21%
2009-3-18,794.35,776.01,803.04,765.64,-,2.09%
2009-3-19,784.04,797.92,803.24,781.82,-,-1.30%
2009-3-20,768.54,784.58,788.91,766.20,-,-1.98%
2009-3-23,822.92,772.31,823.37,772.31,-,7.08%
2009-3-24,806.12,820.60,823.65,805.48,-,-2.04%
2009-3-25,813.88,806.81,826.78,791.37,-,0.96%
2009-3-26,832.86,814.06,832.98,814.06,-,2.33%
2009-3-27,815.94,828.68,828.68,813.43,-,-2.03%
2009-3-30,787.53,809.07,809.07,779.81,-,-3.48%
2009-3-31,797.87,790.88,810.48,790.88,-,1.31%
2009-4-1,811.08,793.59,813.62,783.32,-,1.66%
2009-4-2,834.38,814.53,845.61,814.53,-,2.87%
2009-4-3,842.50,835.13,842.50,826.70,-,0.97%
2009-4-6,835.48,839.75,839.75,822.79,-,-0.83%
2009-4-7,815.55,834.12,834.12,814.53,-,-2.39%
2009-4-8,825.16,816.76,828.42,814.84,-,1.18%
2009-4-9,856.56,829.29,856.91,829.29,-,3.81%
2009-4-13,858.73,855.33,864.31,845.35,-,0.25%
2009-4-14,841.50,856.88,856.88,840.25,-,-2.01%
2009-4-15,852.06,839.44,852.93,835.58,-,1.25%
2009-4-16,865.30,854.54,870.35,847.04,-,1.55%
2009-4-17,869.60,865.18,875.63,860.87,-,0.50%
2009-4-20,832.39,868.27,868.27,832.39,-,-4.28%
2009-4-21,850.08,831.25,850.09,826.83,-,2.13%
2009-4-22,843.55,847.26,861.78,840.57,-,-0.77%
2009-4-23,851.92,844.62,852.87,835.45,-,0.99%
2009-4-24,866.23,853.91,871.80,853.91,-,1.68%
2009-4-27,857.51,862.82,868.83,854.65,-,-1.01%
2009-4-28,855.16,854.48,864.48,847.12,-,-0.27%
2009-4-29,873.64,856.85,882.06,856.85,-,2.16%
2009-4-30,872.81,876.59,888.70,868.51,-,-0.10%
2009-5-1,877.52,872.74,880.48,866.10,-,0.54%
2009-5-4,907.24,879.21,907.85,879.21,-,3.39%
2009-5-5,903.80,906.10,907.70,897.34,-,-0.38%
2009-5-6,919.53,903.95,920.28,903.95,-,1.74%
2009-5-7,907.39,919.58,929.58,901.36,-,-1.32%
2009-5-8,929.23,909.03,930.17,909.03,-,2.41%
2009-5-11,909.24,922.99,922.99,908.68,-,-2.15%
2009-5-12,908.35,910.52,915.57,896.46,-,-0.10%
2009-5-13,883.92,905.40,905.40,882.80,-,-2.69%
2009-5-14,893.07,884.24,898.36,882.52,-,1.04%
2009-5-15,882.88,892.76,896.97,878.94,-,-1.14%
2009-5-18,909.71,886.07,910.00,886.07,-,3.04%
2009-5-19,908.13,909.67,916.39,905.22,-,-0.17%
2009-5-20,903.47,908.62,924.60,901.37,-,-0.51%
2009-5-21,888.33,900.42,900.42,879.61,-,-1.68%
2009-5-22,887.00,888.68,896.65,883.75,-,-0.15%
2009-5-26,910.33,887.00,911.76,881.46,-,2.63%
2009-5-27,893.06,909.95,913.84,891.87,-,-1.90%
2009-5-28,906.83,892.96,909.45,887.60,-,1.54%
2009-5-29,919.14,907.02,920.02,903.56,-,1.36%
2009-6-1,942.87,923.26,947.77,923.26,-,2.58%
2009-6-2,944.74,942.87,949.38,938.46,-,0.20%
2009-6-3,931.76,942.51,942.51,923.85,-,-1.37%
2009-6-4,942.46,932.49,942.47,929.32,-,1.15%
2009-6-5,940.09,945.67,951.69,934.13,-,-0.25%
2009-6-8,939.14,938.12,946.33,926.44,-,-0.10%
2009-6-9,942.43,940.35,946.92,936.15,-,0.35%
2009-6-10,939.15,942.73,949.77,927.97,-,-0.35%
2009-6-11,944.89,939.04,956.23,939.04,-,0.61%
2009-6-12,946.21,943.44,946.30,935.66,-,0.14%
2009-6-15,923.72,942.45,942.45,919.65,-,-2.38%
2009-6-16,911.97,925.60,928.00,911.60,-,-1.27%
2009-6-17,910.71,911.89,918.44,903.78,-,-0.14%
2009-6-18,918.37,910.86,921.93,907.94,-,0.84%
2009-6-19,921.23,919.96,927.09,915.80,-,0.31%
2009-6-22,893.04,918.13,918.13,893.04,-,-3.06%
2009-6-23,895.10,893.46,898.69,888.86,-,0.23%
2009-6-24,900.94,896.31,910.85,896.31,-,0.65%
2009-6-25,920.26,899.45,921.42,896.27,-,2.14%
2009-6-26,918.90,918.84,922.00,913.03,-,-0.15%
2009-6-29,927.23,919.86,927.99,916.18,-,0.91%
2009-6-30,919.32,927.15,930.01,912.86,-,-0.85%
2009-7-1,923.33,920.82,931.92,920.82,-,0.44%
2009-7-2,896.42,921.24,921.24,896.42,-,-2.91%
2009-7-6,898.72,894.27,898.72,886.36,-,0.26%
2009-7-7,881.03,898.60,898.60,879.93,-,-1.97%
2009-7-8,879.56,881.90,886.80,869.32,-,-0.17%
2009-7-9,882.68,881.28,887.86,878.45,-,0.35%
2009-7-10,879.13,880.03,883.57,872.81,-,-0.40%
2009-7-13,901.05,879.57,901.05,875.32,-,2.49%
2009-7-14,905.84,900.77,905.84,896.50,-,0.53%
2009-7-15,932.68,910.15,933.95,910.15,-,2.96%
2009-7-16,940.74,930.17,943.96,927.45,-,0.86%
2009-7-17,940.38,940.56,941.89,934.65,-,-0.04%
2009-7-20,951.13,942.07,951.62,940.99,-,1.14%
2009-7-21,954.58,951.97,956.53,943.22,-,0.36%
2009-7-22,954.07,953.40,959.83,947.75,-,-0.05%
2009-7-23,976.29,954.07,979.42,953.27,-,2.33%
2009-7-24,979.26,972.16,979.79,965.95,-,0.30%
2009-7-27,982.18,978.63,982.49,972.29,-,0.30%
2009-7-28,979.62,981.48,982.35,969.35,-,-0.26%
2009-7-29,975.15,977.66,977.76,968.65,-,-0.46%
2009-7-30,986.75,976.01,996.68,976.01,-,1.19%
2009-7-31,987.48,986.80,993.18,982.85,-,0.07%
2009-8-3,"1,002.63",990.22,"1,003.61",990.22,-,1.53%
2009-8-4,"1,005.65","1,001.41","1,007.12",996.68,-,0.30%
2009-8-5,"1,002.72","1,005.41","1,006.64",994.31,-,-0.29%
2009-8-6,997.08,"1,004.06","1,008.00",992.49,-,-0.56%
2009-8-7,"1,010.48",999.83,"1,018.00",999.83,-,1.34%
2009-8-10,"1,007.10","1,008.89","1,010.12","1,000.99",-,-0.33%
2009-8-11,994.35,"1,005.77","1,005.77",992.40,-,-1.27%
2009-8-12,"1,005.81",994.00,"1,012.78",993.36,-,1.15%
2009-8-13,"1,012.73","1,005.86","1,013.14","1,000.82",-,0.69%
2009-8-14,"1,004.09","1,012.23","1,012.60",994.60,-,-0.85%
2009-8-17,979.73,998.18,998.18,978.51,-,-2.43%
2009-8-18,989.67,980.62,991.20,980.62,-,1.01%
2009-8-19,996.46,986.88,999.61,980.62,-,0.69%
2009-8-20,"1,007.37",996.41,"1,008.92",996.39,-,1.09%
2009-8-21,"1,026.13","1,009.06","1,027.59","1,009.06",-,1.86%
2009-8-24,"1,025.57","1,026.59","1,035.82","1,022.48",-,-0.05%
2009-8-25,"1,028.00","1,026.63","1,037.75","1,026.21",-,0.24%
2009-8-26,"1,028.12","1,027.35","1,032.47","1,021.57",-,0.01%
2009-8-27,"1,030.98","1,027.81","1,033.33","1,016.20",-,0.28%
2009-8-28,"1,028.93","1,031.62","1,039.47","1,023.13",-,-0.20%
2009-8-31,"1,020.62","1,025.21","1,025.21","1,014.62",-,-0.81%
2009-9-1,998.04,"1,019.52","1,028.45",996.28,-,-2.21%
2009-9-2,994.75,996.07,"1,000.34",991.97,-,-0.33%
2009-9-3,"1,003.24",996.12,"1,003.43",992.25,-,0.85%
2009-9-4,"1,016.40","1,003.84","1,016.48","1,001.65",-,1.31%
2009-9-8,"1,025.39","1,018.67","1,026.07","1,018.67",-,0.88%
2009-9-9,"1,033.37","1,025.36","1,036.34","1,023.97",-,0.78%
2009-9-10,"1,044.14","1,032.99","1,044.14","1,028.04",-,1.04%
2009-9-11,"1,042.73","1,043.92","1,048.18","1,038.40",-,-0.14%
2009-9-14,"1,049.34","1,040.15","1,049.74","1,035.00",-,0.63%
2009-9-15,"1,052.63","1,049.03","1,056.04","1,043.42",-,0.31%
2009-9-16,"1,068.76","1,053.99","1,068.76","1,052.87",-,1.53%
2009-9-17,"1,065.49","1,067.87","1,074.77","1,061.20",-,-0.31%
2009-9-18,"1,068.30","1,066.60","1,071.52","1,064.27",-,0.26%
2009-9-21,"1,064.66","1,067.14","1,067.28","1,057.46",-,-0.34%
2009-9-22,"1,071.66","1,066.35","1,073.81","1,066.35",-,0.66%
2009-9-23,"1,060.87","1,072.69","1,080.15","1,060.39",-,-1.01%
2009-9-24,"1,050.78","1,062.56","1,066.29","1,045.85",-,-0.95%
2009-9-25,"1,044.38","1,049.48","1,053.47","1,041.17",-,-0.61%
2009-9-28,"1,062.98","1,045.38","1,065.13","1,045.38",-,1.78%
2009-9-29,"1,060.61","1,063.69","1,069.62","1,057.83",-,-0.22%
2009-9-30,"1,057.08","1,061.02","1,063.40","1,046.47",-,-0.33%
2009-10-1,"1,029.85","1,054.91","1,054.91","1,029.45",-,-2.58%
2009-10-2,"1,025.21","1,029.71","1,030.60","1,019.95",-,-0.45%
2009-10-5,"1,040.46","1,026.87","1,042.58","1,025.92",-,1.49%
2009-10-6,"1,054.72","1,042.02","1,060.55","1,042.02",-,1.37%
2009-10-7,"1,057.58","1,053.65","1,058.02","1,050.10",-,0.27%
2009-10-8,"1,065.48","1,060.03","1,070.67","1,060.03",-,0.75%
2009-10-9,"1,071.49","1,065.28","1,071.51","1,063.00",-,0.56%
2009-10-12,"1,076.19","1,071.63","1,079.46","1,071.63",-,0.44%
2009-10-13,"1,073.19","1,074.96","1,075.30","1,066.71",-,-0.28%
2009-10-14,"1,092.02","1,078.68","1,093.17","1,078.68",-,1.75%
2009-10-15,"1,096.56","1,090.36","1,096.56","1,086.41",-,0.42%
2009-10-16,"1,087.68","1,094.67","1,094.67","1,081.53",-,-0.81%
2009-10-19,"1,097.91","1,088.22","1,100.17","1,086.48",-,0.94%
2009-10-20,"1,091.06","1,098.64","1,098.64","1,086.16",-,-0.62%
2009-10-21,"1,081.40","1,090.36","1,101.36","1,080.77",-,-0.89%
2009-10-22,"1,092.91","1,080.96","1,095.21","1,074.31",-,1.06%
2009-10-23,"1,079.60","1,095.62","1,095.83","1,075.49",-,-1.22%
2009-10-26,"1,066.95","1,080.36","1,091.75","1,065.23",-,-1.17%
2009-10-27,"1,063.41","1,067.54","1,072.48","1,060.62",-,-0.33%
2009-10-28,"1,042.63","1,061.51","1,063.26","1,042.19",-,-1.95%
2009-10-29,"1,066.11","1,043.69","1,066.83","1,043.69",-,2.25%
2009-10-30,"1,036.19","1,065.41","1,065.41","1,033.38",-,-2.81%
2009-11-2,"1,042.88","1,036.18","1,052.18","1,029.38",-,0.65%
2009-11-3,"1,045.41","1,040.92","1,046.36","1,033.94",-,0.24%
2009-11-4,"1,046.50","1,047.14","1,061.00","1,045.15",-,0.10%
2009-11-5,"1,066.63","1,047.30","1,066.65","1,047.30",-,1.92%
2009-11-6,"1,069.30","1,064.95","1,071.48","1,059.32",-,0.25%
2009-11-9,"1,093.08","1,072.31","1,093.19","1,072.31",-,2.22%
2009-11-10,"1,093.01","1,091.86","1,096.42","1,087.40",-,-0.01%
2009-11-11,"1,098.51","1,096.04","1,105.37","1,093.81",-,0.50%
2009-11-12,"1,087.24","1,098.31","1,101.97","1,084.90",-,-1.03%
2009-11-13,"1,093.48","1,087.59","1,097.79","1,085.33",-,0.57%
2009-11-16,"1,109.30","1,094.13","1,113.69","1,094.13",-,1.45%
2009-11-17,"1,110.32","1,109.22","1,110.52","1,102.19",-,0.09%
2009-11-18,"1,109.80","1,109.44","1,111.10","1,102.70",-,-0.05%
2009-11-19,"1,094.90","1,106.44","1,106.44","1,088.40",-,-1.34%
2009-11-20,"1,091.38","1,094.66","1,094.66","1,086.81",-,-0.32%
2009-11-23,"1,106.24","1,094.86","1,112.38","1,094.86",-,1.36%
2009-11-24,"1,105.65","1,105.83","1,107.56","1,097.63",-,-0.05%
2009-11-25,"1,110.63","1,106.49","1,111.18","1,104.75",-,0.45%
2009-11-27,"1,091.49","1,105.47","1,105.47","1,083.74",-,-1.72%
2009-11-30,"1,095.63","1,091.07","1,097.24","1,086.25",-,0.38%
2009-12-1,"1,108.86","1,098.89","1,112.28","1,098.89",-,1.21%
2009-12-2,"1,109.24","1,109.03","1,115.58","1,105.29",-,0.03%
2009-12-3,"1,099.92","1,110.59","1,117.28","1,098.74",-,-0.84%
2009-12-4,"1,105.98","1,100.43","1,119.13","1,096.52",-,0.55%
2009-12-7,"1,103.25","1,105.52","1,110.72","1,100.83",-,-0.25%
2009-12-8,"1,091.94","1,103.04","1,103.04","1,088.61",-,-1.03%
2009-12-9,"1,095.95","1,091.07","1,097.04","1,085.89",-,0.37%
2009-12-10,"1,102.35","1,098.69","1,106.25","1,098.69",-,0.58%
2009-12-11,"1,106.41","1,103.96","1,108.50","1,101.34",-,0.37%
2009-12-14,"1,114.11","1,107.84","1,114.76","1,107.84",-,0.70%
2009-12-15,"1,107.93","1,114.11","1,114.11","1,105.35",-,-0.55%
2009-12-16,"1,109.18","1,108.61","1,116.21","1,107.96",-,0.11%
2009-12-17,"1,096.08","1,106.36","1,106.36","1,095.88",-,-1.18%
2009-12-18,"1,102.47","1,097.86","1,103.74","1,093.88",-,0.58%
2009-12-21,"1,114.05","1,105.31","1,117.68","1,105.31",-,1.05%
2009-12-22,"1,118.02","1,114.51","1,120.27","1,114.51",-,0.36%
2009-12-23,"1,120.59","1,118.84","1,121.58","1,116.00",-,0.23%
2009-12-24,"1,126.48","1,121.08","1,126.48","1,121.08",-,0.53%
2009-12-28,"1,127.78","1,127.53","1,130.38","1,123.51",-,0.12%
2009-12-29,"1,126.20","1,128.55","1,130.38","1,126.08",-,-0.14%
2009-12-30,"1,126.42","1,125.53","1,126.42","1,121.94",-,0.02%
2009-12-31,"1,115.10","1,126.60","1,127.64","1,114.81",-,-1.00%
2010-1-4,"1,132.99","1,116.56","1,133.87","1,116.56",-,1.60%
2010-1-5,"1,136.52","1,132.66","1,136.63","1,129.66",-,0.31%
2010-1-6,"1,137.14","1,135.71","1,139.19","1,133.95",-,0.05%
2010-1-7,"1,141.69","1,136.27","1,142.46","1,131.32",-,0.40%
2010-1-8,"1,144.98","1,140.52","1,145.39","1,136.22",-,0.29%
2010-1-11,"1,146.98","1,145.96","1,149.74","1,142.02",-,0.17%
2010-1-12,"1,136.22","1,143.81","1,143.81","1,131.77",-,-0.94%
2010-1-13,"1,145.68","1,137.31","1,148.40","1,133.18",-,0.83%
2010-1-14,"1,148.46","1,145.68","1,150.41","1,143.80",-,0.24%
2010-1-15,"1,136.03","1,147.72","1,147.77","1,131.39",-,-1.08%
2010-1-19,"1,150.23","1,136.03","1,150.45","1,135.77",-,1.25%
2010-1-20,"1,138.04","1,147.95","1,147.95","1,129.25",-,-1.06%
2010-1-21,"1,116.48","1,138.68","1,141.58","1,114.84",-,-1.89%
2010-1-22,"1,091.76","1,115.49","1,115.49","1,090.18",-,-2.21%
2010-1-25,"1,096.78","1,092.40","1,102.97","1,092.40",-,0.46%
2010-1-26,"1,092.17","1,095.80","1,103.69","1,089.86",-,-0.42%
2010-1-27,"1,097.50","1,091.94","1,099.51","1,083.11",-,0.49%
2010-1-28,"1,084.53","1,096.93","1,100.22","1,078.46",-,-1.18%
2010-1-29,"1,073.87","1,087.61","1,096.45","1,071.59",-,-0.98%
2010-2-1,"1,089.19","1,073.89","1,089.38","1,073.89",-,1.43%
2010-2-2,"1,103.32","1,090.05","1,104.73","1,087.96",-,1.30%
2010-2-3,"1,097.28","1,100.67","1,102.72","1,093.97",-,-0.55%
2010-2-4,"1,063.11","1,097.25","1,097.25","1,062.78",-,-3.11%
2010-2-5,"1,066.19","1,064.12","1,067.13","1,044.50",-,0.29%
2010-2-8,"1,056.74","1,065.51","1,071.20","1,056.51",-,-0.89%
2010-2-9,"1,070.52","1,060.06","1,079.28","1,060.06",-,1.30%
2010-2-10,"1,068.13","1,069.68","1,073.67","1,059.34",-,-0.22%
2010-2-11,"1,078.47","1,067.10","1,080.04","1,060.59",-,0.97%
2010-2-12,"1,075.51","1,075.95","1,077.81","1,062.97",-,-0.27%
2010-2-16,"1,094.87","1,079.13","1,095.67","1,079.13",-,1.80%
2010-2-17,"1,099.51","1,096.14","1,101.03","1,094.72",-,0.42%
2010-2-18,"1,106.75","1,099.03","1,108.24","1,097.48",-,0.66%
2010-2-19,"1,109.17","1,105.49","1,112.42","1,100.80",-,0.22%
2010-2-22,"1,108.01","1,110.00","1,112.29","1,105.38",-,-0.10%
2010-2-23,"1,094.60","1,107.49","1,108.58","1,092.18",-,-1.21%
2010-2-24,"1,105.24","1,095.89","1,106.42","1,095.50",-,0.97%
2010-2-25,"1,102.94","1,101.24","1,103.50","1,086.02",-,-0.21%
2010-2-26,"1,104.49","1,103.10","1,107.24","1,097.56",-,0.14%
2010-3-1,"1,115.71","1,105.36","1,116.11","1,105.36",-,1.02%
2010-3-2,"1,118.31","1,117.01","1,123.46","1,116.51",-,0.23%
2010-3-3,"1,118.79","1,119.36","1,125.64","1,116.58",-,0.04%
2010-3-4,"1,122.97","1,119.12","1,123.73","1,116.66",-,0.37%
2010-3-5,"1,138.70","1,125.12","1,139.38","1,125.12",-,1.40%
2010-3-8,"1,138.50","1,138.40","1,141.05","1,136.77",-,-0.02%
2010-3-9,"1,140.45","1,137.56","1,145.37","1,134.90",-,0.17%
2010-3-10,"1,145.61","1,140.22","1,148.26","1,140.09",-,0.45%
2010-3-11,"1,150.24","1,143.96","1,150.24","1,138.99",-,0.40%
2010-3-12,"1,149.99","1,151.71","1,153.41","1,146.97",-,-0.02%
2010-3-15,"1,150.51","1,148.53","1,150.98","1,141.45",-,0.05%
2010-3-16,"1,159.46","1,150.83","1,160.28","1,150.35",-,0.78%
2010-3-17,"1,166.21","1,159.94","1,169.84","1,159.94",-,0.58%
2010-3-18,"1,165.83","1,166.13","1,167.77","1,161.16",-,-0.03%
2010-3-19,"1,159.90","1,166.68","1,169.20","1,155.33",-,-0.51%
2010-3-22,"1,165.81","1,157.25","1,167.82","1,152.88",-,0.51%
2010-3-23,"1,174.17","1,166.47","1,174.72","1,163.83",-,0.72%
2010-3-24,"1,167.72","1,172.70","1,173.04","1,166.01",-,-0.55%
2010-3-25,"1,165.73","1,170.03","1,180.69","1,165.09",-,-0.17%
2010-3-26,"1,166.59","1,167.58","1,173.93","1,161.48",-,0.07%
2010-3-29,"1,173.22","1,167.71","1,174.85","1,167.71",-,0.57%
2010-3-30,"1,173.27","1,173.75","1,177.83","1,168.92",-,0.00%
2010-3-31,"1,169.43","1,171.75","1,174.56","1,165.77",-,-0.33%
2010-4-1,"1,178.10","1,171.23","1,181.43","1,170.69",-,0.74%
2010-4-5,"1,187.44","1,178.71","1,187.73","1,178.71",-,0.79%
2010-4-6,"1,189.44","1,186.01","1,191.80","1,182.77",-,0.17%
2010-4-7,"1,182.45","1,188.23","1,189.60","1,177.25",-,-0.59%
2010-4-8,"1,186.44","1,181.75","1,188.55","1,175.12",-,0.34%
2010-4-9,"1,194.37","1,187.47","1,194.66","1,187.15",-,0.67%
2010-4-12,"1,196.48","1,194.94","1,199.20","1,194.71",-,0.18%
2010-4-13,"1,197.30","1,195.94","1,199.04","1,188.82",-,0.07%
2010-4-14,"1,210.65","1,198.69","1,210.65","1,198.69",-,1.12%
2010-4-15,"1,211.67","1,210.77","1,213.92","1,208.50",-,0.08%
2010-4-16,"1,192.13","1,210.17","1,210.17","1,186.77",-,-1.61%
2010-4-19,"1,197.52","1,192.06","1,197.87","1,183.68",-,0.45%
2010-4-20,"1,207.17","1,199.04","1,208.58","1,199.04",-,0.81%
2010-4-21,"1,205.94","1,207.16","1,210.99","1,198.85",-,-0.10%
2010-4-22,"1,208.67","1,202.52","1,210.27","1,190.19",-,0.23%
2010-4-23,"1,217.28","1,207.87","1,217.28","1,205.10",-,0.71%
2010-4-26,"1,212.05","1,217.07","1,219.80","1,211.07",-,-0.43%
2010-4-27,"1,183.71","1,209.92","1,211.38","1,181.62",-,-2.34%
2010-4-28,"1,191.36","1,184.59","1,195.05","1,181.81",-,0.65%
2010-4-29,"1,206.78","1,193.30","1,209.36","1,193.30",-,1.29%
2010-4-30,"1,186.69","1,206.77","1,207.99","1,186.32",-,-1.66%
2010-5-3,"1,202.26","1,188.58","1,205.13","1,188.58",-,1.31%
2010-5-4,"1,173.60","1,197.50","1,197.50","1,168.12",-,-2.38%
2010-5-5,"1,165.87","1,169.24","1,175.95","1,158.15",-,-0.66%
2010-5-6,"1,128.15","1,164.38","1,167.58","1,065.79",-,-3.24%
2010-5-7,"1,110.88","1,127.04","1,135.13","1,094.15",-,-1.53%
2010-5-10,"1,159.73","1,122.27","1,163.85","1,122.27",-,4.40%
2010-5-11,"1,155.79","1,156.39","1,170.48","1,147.71",-,-0.34%
2010-5-12,"1,171.67","1,155.43","1,172.87","1,155.43",-,1.37%
2010-5-13,"1,157.44","1,170.04","1,173.57","1,156.14",-,-1.21%
2010-5-14,"1,135.68","1,157.19","1,157.19","1,126.14",-,-1.88%
2010-5-17,"1,136.94","1,136.52","1,141.88","1,114.96",-,0.11%
2010-5-18,"1,120.80","1,138.78","1,148.66","1,117.20",-,-1.42%
2010-5-19,"1,115.05","1,119.57","1,124.27","1,100.66",-,-0.51%
2010-5-20,"1,071.59","1,107.34","1,107.34","1,071.58",-,-3.90%
2010-5-21,"1,087.69","1,067.26","1,090.16","1,055.90",-,1.50%
2010-5-24,"1,073.65","1,084.78","1,089.95","1,072.70",-,-1.29%
2010-5-25,"1,074.03","1,067.42","1,074.75","1,040.78",-,0.04%
2010-5-26,"1,067.95","1,075.51","1,090.75","1,065.59",-,-0.57%
2010-5-27,"1,103.06","1,074.27","1,103.52","1,074.27",-,3.29%
2010-5-28,"1,089.41","1,102.59","1,102.59","1,084.78",-,-1.24%
2010-6-1,"1,070.71","1,087.30","1,094.77","1,069.89",-,-1.72%
2010-6-2,"1,098.38","1,073.01","1,098.56","1,072.03",-,2.58%
2010-6-3,"1,102.83","1,098.82","1,105.67","1,091.81",-,0.41%
2010-6-4,"1,064.88","1,098.43","1,098.43","1,060.50",-,-3.44%
2010-6-7,"1,050.47","1,065.84","1,071.36","1,049.86",-,-1.35%
2010-6-8,"1,062.00","1,050.81","1,063.15","1,042.17",-,1.10%
2010-6-9,"1,055.69","1,062.75","1,077.74","1,052.25",-,-0.59%
2010-6-10,"1,086.84","1,058.77","1,087.85","1,058.77",-,2.95%
2010-6-11,"1,091.60","1,082.65","1,092.25","1,077.12",-,0.44%
2010-6-14,"1,089.63","1,095.00","1,105.91","1,089.03",-,-0.18%
2010-6-15,"1,115.23","1,091.21","1,115.59","1,091.21",-,2.35%
2010-6-16,"1,114.61","1,114.02","1,118.74","1,107.13",-,-0.06%
2010-6-17,"1,116.04","1,115.98","1,117.72","1,105.87",-,0.13%
2010-6-18,"1,117.51","1,116.16","1,121.01","1,113.93",-,0.13%
2010-6-21,"1,113.20","1,122.79","1,131.23","1,108.24",-,-0.39%
2010-6-22,"1,095.31","1,113.90","1,118.50","1,094.18",-,-1.61%
2010-6-23,"1,092.04","1,095.57","1,099.64","1,085.31",-,-0.30%
2010-6-24,"1,073.69","1,090.93","1,090.93","1,071.60",-,-1.68%
2010-6-25,"1,076.76","1,075.10","1,083.56","1,067.89",-,0.29%
2010-6-28,"1,074.57","1,077.50","1,082.60","1,071.45",-,-0.20%
2010-6-29,"1,041.24","1,071.10","1,071.10","1,035.18",-,-3.10%
2010-6-30,"1,030.71","1,040.56","1,048.08","1,028.33",-,-1.01%
2010-7-1,"1,027.37","1,031.10","1,033.58","1,010.91",-,-0.32%
2010-7-2,"1,022.58","1,027.65","1,032.95","1,015.93",-,-0.47%
2010-7-6,"1,028.06","1,028.09","1,042.50","1,018.35",-,0.54%
2010-7-7,"1,060.27","1,028.54","1,060.89","1,028.54",-,3.13%
2010-7-8,"1,070.25","1,062.92","1,071.25","1,058.24",-,0.94%
2010-7-9,"1,077.96","1,070.50","1,078.16","1,068.10",-,0.72%
2010-7-12,"1,078.75","1,077.23","1,080.78","1,070.45",-,0.07%
2010-7-13,"1,095.34","1,080.65","1,099.46","1,080.65",-,1.54%
2010-7-14,"1,095.17","1,095.61","1,099.08","1,087.68",-,-0.02%
2010-7-15,"1,096.48","1,094.46","1,098.66","1,080.53",-,0.12%
2010-7-16,"1,064.88","1,093.85","1,093.85","1,063.32",-,-2.88%
2010-7-19,"1,071.25","1,066.85","1,074.70","1,061.11",-,0.60%
2010-7-20,"1,083.48","1,064.53","1,083.94","1,056.88",-,1.14%
2010-7-21,"1,069.59","1,086.67","1,088.96","1,065.25",-,-1.28%
2010-7-22,"1,093.67","1,072.14","1,097.50","1,072.14",-,2.25%
2010-7-23,"1,102.66","1,092.17","1,103.73","1,087.88",-,0.82%
2010-7-26,"1,115.01","1,102.89","1,115.01","1,101.30",-,1.12%
2010-7-27,"1,113.84","1,117.36","1,120.95","1,109.78",-,-0.10%
2010-7-28,"1,106.13","1,112.84","1,114.66","1,103.11",-,-0.69%
2010-7-29,"1,101.53","1,108.07","1,115.90","1,092.82",-,-0.42%
2010-7-30,"1,101.60","1,098.44","1,106.44","1,088.01",-,0.01%
2010-8-2,"1,125.86","1,107.53","1,127.30","1,107.53",-,2.20%
2010-8-3,"1,120.46","1,125.34","1,125.44","1,116.76",-,-0.48%
2010-8-4,"1,127.24","1,121.06","1,128.75","1,119.46",-,0.61%
2010-8-5,"1,125.81","1,125.78","1,126.56","1,118.81",-,-0.13%
2010-8-6,"1,121.64","1,122.07","1,123.06","1,107.17",-,-0.37%
2010-8-9,"1,127.79","1,122.80","1,129.24","1,120.91",-,0.55%
2010-8-10,"1,121.06","1,122.92","1,127.16","1,111.58",-,-0.60%
2010-8-11,"1,089.47","1,116.89","1,116.89","1,088.55",-,-2.82%
2010-8-12,"1,083.61","1,081.48","1,086.72","1,076.69",-,-0.54%
2010-8-13,"1,079.25","1,082.22","1,086.25","1,079.00",-,-0.40%
2010-8-16,"1,079.38","1,077.49","1,082.62","1,069.49",-,0.01%
2010-8-17,"1,092.54","1,081.16","1,100.14","1,081.16",-,1.22%
2010-8-18,"1,094.16","1,092.08","1,099.77","1,085.76",-,0.15%
2010-8-19,"1,075.63","1,092.44","1,092.44","1,070.66",-,-1.69%
2010-8-20,"1,071.69","1,075.63","1,075.63","1,063.91",-,-0.37%
2010-8-23,"1,067.36","1,073.36","1,081.58","1,067.08",-,-0.40%
2010-8-24,"1,051.87","1,063.20","1,063.20","1,046.68",-,-1.45%
2010-8-25,"1,055.33","1,048.98","1,059.38","1,039.83",-,0.33%
2010-8-26,"1,047.22","1,056.28","1,061.45","1,045.40",-,-0.77%
2010-8-27,"1,064.59","1,049.27","1,065.21","1,039.70",-,1.66%
2010-8-30,"1,048.92","1,062.90","1,064.40","1,048.79",-,-1.47%
2010-8-31,"1,049.33","1,046.88","1,055.14","1,040.88",-,0.04%
2010-9-1,"1,080.29","1,049.72","1,081.30","1,049.72",-,2.95%
2010-9-2,"1,090.10","1,080.66","1,090.10","1,080.39",-,0.91%
2010-9-3,"1,104.51","1,093.61","1,105.10","1,093.61",-,1.32%
2010-9-7,"1,091.84","1,102.60","1,102.60","1,091.15",-,-1.15%
2010-9-8,"1,098.87","1,092.36","1,103.26","1,092.36",-,0.64%
2010-9-9,"1,104.18","1,101.15","1,110.27","1,101.15",-,0.48%
2010-9-10,"1,109.55","1,104.57","1,110.88","1,103.92",-,0.49%
2010-9-13,"1,121.90","1,113.38","1,123.87","1,113.38",-,1.11%
2010-9-14,"1,121.10","1,121.16","1,127.36","1,115.58",-,-0.07%
2010-9-15,"1,125.07","1,119.43","1,126.46","1,114.63",-,0.35%
2010-9-16,"1,124.66","1,123.89","1,125.44","1,118.88",-,-0.04%
2010-9-17,"1,125.59","1,126.39","1,131.47","1,122.43",-,0.08%
2010-9-20,"1,142.71","1,126.57","1,144.86","1,126.57",-,1.52%
2010-9-21,"1,139.78","1,142.82","1,148.59","1,136.22",-,-0.26%
2010-9-22,"1,134.28","1,139.49","1,144.38","1,131.58",-,-0.48%
2010-9-23,"1,124.83","1,131.10","1,136.77","1,122.79",-,-0.83%
2010-9-24,"1,148.67","1,131.69","1,148.90","1,131.69",-,2.12%
2010-9-27,"1,142.16","1,148.64","1,149.92","1,142.00",-,-0.57%
2010-9-28,"1,147.70","1,142.31","1,150.00","1,132.09",-,0.49%
2010-9-29,"1,144.73","1,146.75","1,148.63","1,140.26",-,-0.26%
2010-9-30,"1,141.20","1,145.97","1,157.16","1,136.08",-,-0.31%
2010-10-1,"1,146.24","1,143.49","1,150.30","1,139.42",-,0.44%
2010-10-4,"1,137.03","1,144.96","1,148.16","1,131.87",-,-0.80%
2010-10-5,"1,160.75","1,140.68","1,162.76","1,140.68",-,2.09%
2010-10-6,"1,159.97","1,159.81","1,162.33","1,154.85",-,-0.07%
2010-10-7,"1,158.06","1,161.57","1,163.87","1,151.41",-,-0.16%
2010-10-8,"1,165.15","1,158.36","1,167.73","1,155.58",-,0.61%
2010-10-11,"1,165.32","1,165.32","1,168.68","1,162.02",-,0.01%
2010-10-12,"1,169.77","1,164.28","1,172.58","1,155.71",-,0.38%
2010-10-13,"1,178.10","1,171.32","1,184.38","1,171.32",-,0.71%
2010-10-14,"1,173.81","1,177.82","1,178.89","1,166.71",-,-0.36%
2010-10-15,"1,176.19","1,177.47","1,181.20","1,167.12",-,0.20%
2010-10-18,"1,184.71","1,176.83","1,185.53","1,174.55",-,0.72%
2010-10-19,"1,165.90","1,178.64","1,178.64","1,159.71",-,-1.59%
2010-10-20,"1,178.17","1,166.74","1,182.94","1,166.74",-,1.05%
2010-10-21,"1,180.26","1,179.82","1,189.43","1,171.17",-,0.18%
2010-10-22,"1,183.08","1,180.52","1,183.93","1,178.99",-,0.24%
2010-10-25,"1,185.62","1,184.74","1,196.14","1,184.74",-,0.21%
2010-10-26,"1,185.64","1,184.88","1,187.11","1,177.72",-,0.00%
2010-10-27,"1,182.45","1,183.84","1,183.84","1,171.70",-,-0.27%
2010-10-28,"1,183.78","1,184.47","1,189.53","1,177.10",-,0.11%
2010-10-29,"1,183.26","1,183.87","1,185.46","1,179.70",-,-0.04%
2010-11-1,"1,184.38","1,185.71","1,195.81","1,177.65",-,0.09%
2010-11-2,"1,193.57","1,187.86","1,195.88","1,187.86",-,0.78%
2010-11-3,"1,197.96","1,193.79","1,198.30","1,183.56",-,0.37%
2010-11-4,"1,221.06","1,198.34","1,221.25","1,198.34",-,1.93%
2010-11-5,"1,225.85","1,221.20","1,227.08","1,220.29",-,0.39%
2010-11-8,"1,223.25","1,223.24","1,224.57","1,217.55",-,-0.21%
2010-11-9,"1,213.40","1,223.59","1,226.84","1,208.94",-,-0.81%
2010-11-10,"1,218.71","1,213.14","1,218.75","1,204.33",-,0.44%
2010-11-11,"1,213.54","1,213.04","1,215.45","1,204.49",-,-0.42%
2010-11-12,"1,199.21","1,209.07","1,210.50","1,194.08",-,-1.18%
2010-11-15,"1,197.75","1,200.44","1,207.43","1,197.15",-,-0.12%
2010-11-16,"1,178.34","1,194.79","1,194.79","1,173.00",-,-1.62%
2010-11-17,"1,178.59","1,178.33","1,183.56","1,175.82",-,0.02%
2010-11-18,"1,196.69","1,183.75","1,200.29","1,183.75",-,1.54%
2010-11-19,"1,199.73","1,196.12","1,199.97","1,189.44",-,0.25%
2010-11-22,"1,197.84","1,198.07","1,198.94","1,184.58",-,-0.16%
2010-11-23,"1,180.73","1,192.51","1,192.51","1,176.91",-,-1.43%
2010-11-24,"1,198.35","1,183.70","1,198.62","1,183.70",-,1.49%
2010-11-26,"1,189.40","1,194.16","1,194.16","1,186.93",-,-0.75%
2010-11-29,"1,187.76","1,189.08","1,190.34","1,173.64",-,-0.14%
2010-11-30,"1,180.55","1,182.96","1,187.40","1,174.14",-,-0.61%
2010-12-1,"1,206.07","1,186.60","1,207.61","1,186.60",-,2.16%
2010-12-2,"1,221.53","1,206.81","1,221.89","1,206.81",-,1.28%
2010-12-3,"1,224.71","1,219.93","1,225.57","1,216.82",-,0.26%
2010-12-6,"1,223.12","1,223.87","1,225.80","1,220.67",-,-0.13%
2010-12-7,"1,223.75","1,227.25","1,235.05","1,223.25",-,0.05%
2010-12-8,"1,228.28","1,225.02","1,228.93","1,219.50",-,0.37%
2010-12-9,"1,233.00","1,230.14","1,234.71","1,226.85",-,0.38%
2010-12-10,"1,240.40","1,233.85","1,240.40","1,232.58",-,0.60%
2010-12-13,"1,240.46","1,242.52","1,246.73","1,240.34",-,0.00%
2010-12-14,"1,241.59","1,241.84","1,246.59","1,238.17",-,0.09%
2010-12-15,"1,235.23","1,241.58","1,244.25","1,234.01",-,-0.51%
2010-12-16,"1,242.87","1,236.34","1,243.75","1,232.85",-,0.62%
2010-12-17,"1,243.91","1,243.63","1,245.81","1,239.87",-,0.08%
2010-12-20,"1,247.08","1,245.76","1,250.20","1,241.51",-,0.25%
2010-12-21,"1,254.60","1,249.43","1,255.82","1,249.43",-,0.60%
2010-12-22,"1,258.84","1,254.94","1,259.39","1,254.94",-,0.34%
2010-12-23,"1,256.77","1,257.53","1,258.59","1,254.05",-,-0.16%
2010-12-27,"1,257.54","1,254.66","1,258.43","1,251.48",-,0.06%
2010-12-28,"1,258.51","1,259.10","1,259.90","1,256.22",-,0.08%
2010-12-29,"1,259.78","1,258.78","1,262.60","1,258.78",-,0.10%
2010-12-30,"1,257.88","1,259.44","1,261.09","1,256.32",-,-0.15%
2010-12-31,"1,257.64","1,256.76","1,259.34","1,254.19",-,-0.02%
2011-1-3,"1,271.87","1,257.62","1,276.17","1,257.62",-,1.13%
2011-1-4,"1,270.20","1,272.95","1,274.12","1,262.66",-,-0.13%
2011-1-5,"1,276.56","1,268.78","1,277.63","1,265.36",-,0.50%
2011-1-6,"1,273.85","1,276.29","1,278.17","1,270.43",-,-0.21%
2011-1-7,"1,271.50","1,274.41","1,276.83","1,261.70",-,-0.18%
2011-1-10,"1,269.75","1,270.84","1,271.52","1,262.18",-,-0.14%
2011-1-11,"1,274.48","1,272.58","1,277.25","1,269.62",-,0.37%
2011-1-12,"1,285.96","1,275.65","1,286.87","1,275.65",-,0.90%
2011-1-13,"1,283.76","1,285.78","1,286.70","1,280.47",-,-0.17%
2011-1-14,"1,293.24","1,282.90","1,293.24","1,281.24",-,0.74%
2011-1-18,"1,295.02","1,293.22","1,296.06","1,290.16",-,0.14%
2011-1-19,"1,281.92","1,294.52","1,294.60","1,278.92",-,-1.01%
2011-1-20,"1,280.26","1,280.85","1,283.35","1,271.26",-,-0.13%
2011-1-21,"1,283.35","1,283.63","1,291.21","1,282.07",-,0.24%
2011-1-24,"1,290.84","1,283.29","1,291.93","1,282.47",-,0.58%
2011-1-25,"1,291.18","1,288.17","1,291.26","1,281.07",-,0.03%
2011-1-26,"1,296.63","1,291.97","1,299.74","1,291.97",-,0.42%
2011-1-27,"1,299.54","1,297.51","1,301.29","1,294.41",-,0.22%
2011-1-28,"1,276.34","1,299.63","1,302.67","1,275.10",-,-1.79%
2011-1-31,"1,286.12","1,276.50","1,287.17","1,276.50",-,0.77%
2011-2-1,"1,307.59","1,289.14","1,308.86","1,289.14",-,1.67%
2011-2-2,"1,304.03","1,305.91","1,307.61","1,302.62",-,-0.27%
2011-2-3,"1,307.10","1,302.77","1,308.60","1,294.83",-,0.24%
2011-2-4,"1,310.87","1,307.01","1,311.00","1,301.67",-,0.29%
2011-2-7,"1,319.05","1,311.85","1,322.85","1,311.85",-,0.62%
2011-2-8,"1,324.57","1,318.76","1,324.87","1,316.03",-,0.42%
2011-2-9,"1,320.88","1,322.48","1,324.54","1,314.89",-,-0.28%
2011-2-10,"1,321.87","1,318.13","1,322.78","1,311.74",-,0.07%
2011-2-11,"1,329.15","1,318.66","1,330.79","1,316.08",-,0.55%
2011-2-14,"1,332.32","1,328.73","1,332.96","1,326.90",-,0.24%
2011-2-15,"1,328.01","1,330.43","1,330.43","1,324.61",-,-0.32%
2011-2-16,"1,336.32","1,329.51","1,337.61","1,329.51",-,0.63%
2011-2-17,"1,340.43","1,334.37","1,341.50","1,331.00",-,0.31%
2011-2-18,"1,343.01","1,340.38","1,344.07","1,338.12",-,0.19%
2011-2-22,"1,315.44","1,338.91","1,338.91","1,312.33",-,-2.05%
2011-2-23,"1,307.40","1,315.44","1,317.91","1,299.55",-,-0.61%
2011-2-24,"1,306.10","1,307.09","1,310.91","1,294.26",-,-0.10%
2011-2-25,"1,319.88","1,307.34","1,320.61","1,307.34",-,1.06%
2011-2-28,"1,327.22","1,321.61","1,329.38","1,320.55",-,0.56%
2011-3-1,"1,306.33","1,328.64","1,332.09","1,306.14",-,-1.57%
2011-3-2,"1,308.44","1,305.47","1,314.19","1,302.58",-,0.16%
2011-3-3,"1,330.97","1,312.37","1,332.28","1,312.37",-,1.72%
2011-3-4,"1,321.15","1,330.73","1,331.08","1,312.59",-,-0.74%
2011-3-7,"1,310.13","1,322.72","1,327.68","1,303.99",-,-0.83%
2011-3-8,"1,321.82","1,311.05","1,325.74","1,306.86",-,0.89%
2011-3-9,"1,320.02","1,319.92","1,323.21","1,312.27",-,-0.14%
2011-3-10,"1,295.11","1,315.72","1,315.72","1,294.21",-,-1.89%
2011-3-11,"1,304.28","1,293.43","1,308.35","1,291.99",-,0.71%
2011-3-14,"1,296.39","1,301.19","1,301.19","1,286.37",-,-0.60%
2011-3-15,"1,281.87","1,288.46","1,288.46","1,261.12",-,-1.12%
2011-3-16,"1,256.88","1,279.46","1,280.91","1,249.05",-,-1.95%
2011-3-17,"1,273.72","1,261.61","1,278.88","1,261.61",-,1.34%
2011-3-18,"1,279.21","1,276.71","1,288.88","1,276.18",-,0.43%
2011-3-21,"1,298.38","1,281.65","1,300.58","1,281.65",-,1.50%
2011-3-22,"1,293.77","1,298.29","1,299.35","1,292.70",-,-0.36%
2011-3-23,"1,297.54","1,292.19","1,300.51","1,284.05",-,0.29%
2011-3-24,"1,309.66","1,300.61","1,311.34","1,297.74",-,0.93%
2011-3-25,"1,313.80","1,311.80","1,319.18","1,310.15",-,0.32%
2011-3-28,"1,310.19","1,315.45","1,319.74","1,310.19",-,-0.27%
2011-3-29,"1,319.44","1,309.37","1,319.45","1,305.26",-,0.71%
2011-3-30,"1,328.26","1,321.89","1,331.74","1,321.89",-,0.67%
2011-3-31,"1,325.83","1,327.44","1,329.77","1,325.03",-,-0.18%
2011-4-1,"1,332.41","1,329.48","1,337.85","1,328.89",-,0.50%
2011-4-4,"1,332.87","1,333.56","1,336.74","1,329.10",-,0.03%
2011-4-5,"1,332.63","1,332.03","1,338.21","1,330.03",-,-0.02%
2011-4-6,"1,335.54","1,335.94","1,339.38","1,331.09",-,0.22%
2011-4-7,"1,333.51","1,334.82","1,338.80","1,326.56",-,-0.15%
2011-4-8,"1,328.17","1,336.16","1,339.46","1,322.94",-,-0.40%
2011-4-11,"1,324.46","1,329.01","1,333.77","1,321.06",-,-0.28%
2011-4-12,"1,314.16","1,321.96","1,321.96","1,309.51",-,-0.78%
2011-4-13,"1,314.41","1,314.03","1,321.35","1,309.19",-,0.02%
2011-4-14,"1,314.52","1,311.13","1,316.79","1,302.42",-,0.01%
2011-4-15,"1,319.68","1,314.54","1,322.88","1,313.68",-,0.39%
2011-4-18,"1,305.14","1,313.35","1,313.35","1,294.70",-,-1.10%
2011-4-19,"1,312.62","1,305.99","1,312.70","1,303.97",-,0.57%
2011-4-20,"1,330.36","1,319.12","1,332.66","1,319.12",-,1.35%
2011-4-21,"1,337.38","1,333.23","1,337.49","1,332.83",-,0.53%
2011-4-25,"1,335.25","1,337.14","1,337.55","1,331.47",-,-0.16%
2011-4-26,"1,347.24","1,336.75","1,349.55","1,336.75",-,0.90%
2011-4-27,"1,355.66","1,348.43","1,357.49","1,344.25",-,0.62%
2011-4-28,"1,360.48","1,353.86","1,361.71","1,353.60",-,0.36%
2011-4-29,"1,363.61","1,360.14","1,364.56","1,358.69",-,0.23%
2011-5-2,"1,361.22","1,365.21","1,370.58","1,358.59",-,-0.18%
2011-5-3,"1,356.62","1,359.76","1,360.84","1,349.52",-,-0.34%
2011-5-4,"1,347.32","1,355.90","1,355.90","1,341.50",-,-0.69%
2011-5-5,"1,335.10","1,344.16","1,348.00","1,329.17",-,-0.91%
2011-5-6,"1,340.20","1,340.24","1,354.36","1,335.58",-,0.38%
2011-5-9,"1,346.29","1,340.20","1,349.44","1,338.64",-,0.45%
2011-5-10,"1,357.16","1,348.34","1,359.44","1,348.34",-,0.81%
2011-5-11,"1,342.08","1,354.51","1,354.51","1,336.36",-,-1.11%
2011-5-12,"1,348.65","1,339.39","1,351.05","1,332.03",-,0.49%
2011-5-13,"1,337.77","1,348.69","1,350.47","1,333.36",-,-0.81%
2011-5-16,"1,329.47","1,334.77","1,343.33","1,327.32",-,-0.62%
2011-5-17,"1,328.98","1,326.10","1,330.42","1,318.51",-,-0.04%
2011-5-18,"1,340.68","1,328.54","1,341.82","1,326.59",-,0.88%
2011-5-19,"1,343.60","1,342.40","1,346.82","1,336.36",-,0.22%
2011-5-20,"1,333.27","1,342.00","1,342.00","1,330.67",-,-0.77%
2011-5-23,"1,317.37","1,333.07","1,333.07","1,312.88",-,-1.19%
2011-5-24,"1,316.28","1,317.70","1,323.72","1,313.87",-,-0.08%
2011-5-25,"1,320.47","1,316.36","1,325.86","1,311.80",-,0.32%
2011-5-26,"1,325.69","1,320.64","1,328.51","1,314.41",-,0.40%
2011-5-27,"1,331.10","1,325.69","1,334.62","1,325.69",-,0.41%
2011-5-31,"1,345.20","1,331.10","1,345.20","1,331.10",-,1.06%
2011-6-1,"1,314.55","1,345.20","1,345.20","1,313.71",-,-2.28%
2011-6-2,"1,312.94","1,314.55","1,318.03","1,305.61",-,-0.12%
2011-6-3,"1,300.16","1,312.94","1,312.94","1,297.90",-,-0.97%
2011-6-6,"1,286.17","1,300.26","1,300.26","1,284.72",-,-1.08%
2011-6-7,"1,284.94","1,286.31","1,296.22","1,284.74",-,-0.10%
2011-6-8,"1,279.56","1,284.63","1,287.04","1,277.42",-,-0.42%
2011-6-9,"1,289.00","1,279.63","1,294.54","1,279.63",-,0.74%
2011-6-10,"1,270.98","1,288.60","1,288.60","1,268.28",-,-1.40%
2011-6-13,"1,271.83","1,271.31","1,277.04","1,265.64",-,0.07%
2011-6-14,"1,287.87","1,272.22","1,292.50","1,272.22",-,1.26%
2011-6-15,"1,265.42","1,287.87","1,287.87","1,261.90",-,-1.74%
2011-6-16,"1,267.64","1,265.53","1,274.11","1,258.07",-,0.18%
2011-6-17,"1,271.50","1,268.58","1,279.82","1,267.40",-,0.30%
2011-6-20,"1,278.36","1,271.50","1,280.42","1,267.56",-,0.54%
2011-6-21,"1,295.52","1,278.40","1,297.62","1,278.40",-,1.34%
2011-6-22,"1,287.14","1,295.48","1,298.61","1,286.79",-,-0.65%
2011-6-23,"1,283.50","1,286.60","1,286.60","1,262.87",-,-0.28%
2011-6-24,"1,268.45","1,283.04","1,283.93","1,267.24",-,-1.17%
2011-6-27,"1,280.10","1,268.44","1,284.91","1,267.53",-,0.92%
2011-6-28,"1,296.67","1,280.21","1,296.80","1,280.21",-,1.29%
2011-6-29,"1,307.41","1,296.85","1,309.21","1,296.85",-,0.83%
2011-6-30,"1,320.64","1,307.64","1,321.97","1,307.64",-,1.01%
2011-7-1,"1,339.67","1,320.64","1,341.01","1,318.18",-,1.44%
2011-7-5,"1,337.88","1,339.59","1,340.89","1,334.30",-,-0.13%
2011-7-6,"1,339.22","1,337.56","1,340.94","1,330.92",-,0.10%
2011-7-7,"1,353.22","1,339.62","1,356.48","1,339.62",-,1.05%
2011-7-8,"1,343.80","1,352.39","1,352.39","1,333.71",-,-0.70%
2011-7-11,"1,319.49","1,343.31","1,343.31","1,316.42",-,-1.81%
2011-7-12,"1,313.64","1,319.61","1,327.17","1,313.33",-,-0.44%
2011-7-13,"1,317.72","1,314.45","1,331.48","1,314.45",-,0.31%
2011-7-14,"1,308.87","1,317.74","1,326.88","1,306.51",-,-0.67%
2011-7-15,"1,316.14","1,308.87","1,317.70","1,307.52",-,0.56%
2011-7-18,"1,305.44","1,315.94","1,315.94","1,295.92",-,-0.81%
2011-7-19,"1,326.73","1,307.07","1,328.14","1,307.07",-,1.63%
2011-7-20,"1,325.84","1,328.66","1,330.43","1,323.65",-,-0.07%
2011-7-21,"1,343.80","1,325.65","1,347.00","1,325.65",-,1.35%
2011-7-22,"1,345.02","1,343.80","1,346.10","1,336.95",-,0.09%
2011-7-25,"1,337.43","1,344.32","1,344.32","1,331.09",-,-0.56%
2011-7-26,"1,331.94","1,337.39","1,338.51","1,329.59",-,-0.41%
2011-7-27,"1,304.89","1,331.91","1,331.91","1,303.49",-,-2.03%
2011-7-28,"1,300.67","1,304.84","1,316.32","1,299.16",-,-0.32%
2011-7-29,"1,292.28","1,300.12","1,304.16","1,282.86",-,-0.65%
2011-8-1,"1,286.94","1,292.59","1,307.38","1,274.73",-,-0.41%
2011-8-2,"1,254.05","1,286.56","1,286.56","1,254.03",-,-2.56%
2011-8-3,"1,260.34","1,254.25","1,261.20","1,234.56",-,0.50%
2011-8-4,"1,200.07","1,260.23","1,260.23","1,199.54",-,-4.78%
2011-8-5,"1,199.38","1,200.28","1,218.11","1,168.09",-,-0.06%
2011-8-8,"1,119.46","1,198.48","1,198.48","1,119.28",-,-6.66%
2011-8-9,"1,172.53","1,120.23","1,172.88","1,101.54",-,4.74%
2011-8-10,"1,120.76","1,171.77","1,171.77","1,118.01",-,-4.42%
2011-8-11,"1,172.64","1,121.30","1,186.29","1,121.30",-,4.63%
2011-8-12,"1,178.81","1,172.87","1,189.04","1,170.74",-,0.53%
2011-8-15,"1,204.49","1,178.86","1,204.49","1,178.86",-,2.18%
2011-8-16,"1,192.76","1,204.22","1,204.22","1,180.53",-,-0.97%
2011-8-17,"1,193.89","1,192.89","1,208.47","1,184.36",-,0.09%
2011-8-18,"1,140.65","1,189.62","1,189.62","1,131.03",-,-4.46%
2011-8-19,"1,123.53","1,140.47","1,154.54","1,122.05",-,-1.50%
2011-8-22,"1,123.82","1,123.55","1,145.49","1,121.09",-,0.03%
2011-8-23,"1,162.35","1,124.36","1,162.35","1,124.36",-,3.43%
2011-8-24,"1,177.60","1,162.16","1,178.56","1,156.30",-,1.31%
2011-8-25,"1,159.27","1,176.69","1,190.68","1,155.47",-,-1.56%
2011-8-26,"1,176.80","1,158.85","1,181.23","1,135.91",-,1.51%
2011-8-29,"1,210.08","1,177.91","1,210.28","1,177.91",-,2.83%
2011-8-30,"1,212.92","1,209.76","1,220.10","1,195.77",-,0.23%
2011-8-31,"1,218.89","1,213.00","1,230.71","1,209.35",-,0.49%
2011-9-1,"1,204.42","1,219.12","1,229.29","1,203.85",-,-1.19%
2011-9-2,"1,173.97","1,203.90","1,203.90","1,170.56",-,-2.53%
2011-9-6,"1,165.24","1,173.97","1,173.97","1,140.13",-,-0.74%
2011-9-7,"1,198.62","1,165.85","1,198.62","1,165.85",-,2.86%
2011-9-8,"1,185.90","1,197.98","1,204.40","1,183.34",-,-1.06%
2011-9-9,"1,154.23","1,185.37","1,185.37","1,148.37",-,-2.67%
2011-9-12,"1,162.27","1,153.50","1,162.52","1,136.07",-,0.70%
2011-9-13,"1,172.87","1,162.59","1,176.41","1,157.44",-,0.91%
2011-9-14,"1,188.68","1,173.32","1,202.38","1,162.73",-,1.35%
2011-9-15,"1,209.11","1,189.44","1,209.11","1,189.44",-,1.72%
2011-9-16,"1,216.01","1,209.21","1,220.06","1,204.46",-,0.57%
2011-9-19,"1,204.09","1,214.99","1,214.99","1,188.36",-,-0.98%
2011-9-20,"1,202.09","1,204.50","1,220.39","1,201.29",-,-0.17%
2011-9-21,"1,166.76","1,203.63","1,206.30","1,166.21",-,-2.94%
2011-9-22,"1,129.56","1,164.55","1,164.55","1,114.22",-,-3.19%
2011-9-23,"1,136.43","1,128.82","1,141.72","1,121.36",-,0.61%
2011-9-26,"1,162.95","1,136.91","1,164.19","1,131.07",-,2.33%
2011-9-27,"1,175.38","1,163.32","1,195.86","1,163.32",-,1.07%
2011-9-28,"1,151.06","1,175.39","1,184.71","1,150.40",-,-2.07%
2011-9-29,"1,160.40","1,151.74","1,175.87","1,139.93",-,0.81%
2011-9-30,"1,131.42","1,159.93","1,159.93","1,131.34",-,-2.50%
2011-10-3,"1,099.23","1,131.21","1,138.99","1,098.92",-,-2.85%
2011-10-4,"1,123.95","1,097.42","1,125.12","1,074.77",-,2.25%
2011-10-5,"1,144.03","1,124.03","1,146.07","1,115.68",-,1.79%
2011-10-6,"1,164.97","1,144.11","1,165.55","1,134.95",-,1.83%
2011-10-7,"1,155.46","1,165.03","1,171.40","1,150.26",-,-0.82%
2011-10-10,"1,194.89","1,158.15","1,194.91","1,158.15",-,3.41%
2011-10-11,"1,195.54","1,194.60","1,199.24","1,187.30",-,0.05%
2011-10-12,"1,207.25","1,196.19","1,220.25","1,196.19",-,0.98%
2011-10-13,"1,203.66","1,206.96","1,207.46","1,190.58",-,-0.30%
2011-10-14,"1,224.58","1,205.65","1,224.61","1,205.65",-,1.74%
2011-10-17,"1,200.86","1,224.47","1,224.47","1,198.55",-,-1.94%
2011-10-18,"1,225.38","1,200.75","1,233.10","1,191.48",-,2.04%
2011-10-19,"1,209.88","1,223.46","1,229.64","1,206.31",-,-1.26%
2011-10-20,"1,215.39","1,209.92","1,219.53","1,197.34",-,0.46%
2011-10-21,"1,238.25","1,215.39","1,239.03","1,215.39",-,1.88%
2011-10-24,"1,254.19","1,238.72","1,256.55","1,238.72",-,1.29%
2011-10-25,"1,229.05","1,254.19","1,254.19","1,226.79",-,-2.00%
2011-10-26,"1,242.00","1,229.17","1,246.28","1,221.06",-,1.05%
2011-10-27,"1,284.59","1,243.97","1,292.66","1,243.97",-,3.43%
2011-10-28,"1,285.09","1,284.39","1,287.08","1,277.01",-,0.04%
2011-10-31,"1,253.30","1,284.96","1,284.96","1,253.16",-,-2.47%
2011-11-1,"1,218.28","1,251.00","1,251.00","1,215.42",-,-2.79%
2011-11-2,"1,237.90","1,219.62","1,242.48","1,219.62",-,1.61%
2011-11-3,"1,261.15","1,238.25","1,263.21","1,234.81",-,1.88%
2011-11-4,"1,253.23","1,260.82","1,260.82","1,238.92",-,-0.63%
2011-11-7,"1,261.12","1,253.21","1,261.70","1,240.75",-,0.63%
2011-11-8,"1,275.92","1,261.12","1,277.55","1,254.99",-,1.17%
2011-11-9,"1,229.10","1,275.18","1,275.18","1,226.64",-,-3.67%
2011-11-10,"1,239.70","1,229.59","1,246.22","1,227.70",-,0.86%
2011-11-11,"1,263.85","1,240.12","1,266.98","1,240.12",-,1.95%
2011-11-14,"1,251.78","1,263.85","1,263.85","1,246.68",-,-0.96%
2011-11-15,"1,257.81","1,251.70","1,264.25","1,244.34",-,0.48%
2011-11-16,"1,236.91","1,257.81","1,259.61","1,235.67",-,-1.66%
2011-11-17,"1,216.13","1,236.56","1,237.73","1,209.43",-,-1.68%
2011-11-18,"1,215.65","1,216.19","1,223.51","1,211.36",-,-0.04%
2011-11-21,"1,192.98","1,215.62","1,215.62","1,183.16",-,-1.86%
2011-11-22,"1,188.04","1,192.98","1,196.81","1,181.65",-,-0.41%
2011-11-23,"1,161.79","1,187.48","1,187.48","1,161.79",-,-2.21%
2011-11-25,"1,158.67","1,161.41","1,172.66","1,158.66",-,-0.27%
2011-11-28,"1,192.55","1,158.67","1,197.35","1,158.67",-,2.92%
2011-11-29,"1,195.19","1,192.56","1,203.67","1,191.80",-,0.22%
2011-11-30,"1,246.96","1,196.72","1,247.11","1,196.72",-,4.33%
2011-12-1,"1,244.58","1,246.91","1,251.09","1,239.73",-,-0.19%
2011-12-2,"1,244.28","1,246.03","1,260.08","1,243.35",-,-0.02%
2011-12-5,"1,257.08","1,244.33","1,266.73","1,244.33",-,1.03%
2011-12-6,"1,258.47","1,257.19","1,266.03","1,253.03",-,0.11%
2011-12-7,"1,261.01","1,258.14","1,267.06","1,244.80",-,0.20%
2011-12-8,"1,234.35","1,260.87","1,260.87","1,231.47",-,-2.11%
2011-12-9,"1,255.19","1,234.48","1,258.25","1,234.48",-,1.69%
2011-12-12,"1,236.47","1,255.05","1,255.05","1,227.25",-,-1.49%
2011-12-13,"1,225.73","1,236.83","1,249.86","1,219.43",-,-0.87%
2011-12-14,"1,211.82","1,225.73","1,225.73","1,209.47",-,-1.13%
2011-12-15,"1,215.75","1,212.12","1,225.60","1,212.12",-,0.32%
2011-12-16,"1,219.66","1,216.09","1,231.04","1,215.20",-,0.32%
2011-12-19,"1,205.35","1,219.74","1,224.57","1,202.37",-,-1.17%
2011-12-20,"1,241.30","1,205.72","1,242.82","1,205.72",-,2.98%
2011-12-21,"1,243.72","1,241.25","1,245.09","1,229.51",-,0.19%
2011-12-22,"1,254.00","1,243.72","1,255.22","1,243.72",-,0.83%
2011-12-23,"1,265.33","1,254.00","1,265.42","1,254.00",-,0.90%
2011-12-27,"1,265.43","1,265.02","1,269.37","1,262.30",-,0.01%
2011-12-28,"1,249.64","1,265.38","1,265.85","1,248.64",-,-1.25%
2011-12-29,"1,263.02","1,249.75","1,263.54","1,249.75",-,1.07%
2011-12-30,"1,257.60","1,262.82","1,264.12","1,257.46",-,-0.43%
2012-1-3,"1,277.06","1,258.86","1,284.62","1,258.86",-,1.55%
2012-1-4,"1,277.30","1,277.03","1,278.73","1,268.10",-,0.02%
2012-1-5,"1,281.06","1,277.30","1,283.05","1,265.26",-,0.29%
2012-1-6,"1,277.81","1,280.93","1,281.84","1,273.34",-,-0.25%
2012-1-9,"1,280.70","1,277.83","1,281.99","1,274.55",-,0.23%
2012-1-10,"1,292.08","1,280.77","1,296.46","1,280.77",-,0.89%
2012-1-11,"1,292.48","1,292.02","1,293.80","1,285.41",-,0.03%
2012-1-12,"1,295.50","1,292.48","1,296.82","1,285.77",-,0.23%
2012-1-13,"1,289.09","1,294.82","1,294.82","1,277.58",-,-0.49%
2012-1-17,"1,293.67","1,290.22","1,303.00","1,290.22",-,0.36%
2012-1-18,"1,308.04","1,293.65","1,308.11","1,290.99",-,1.11%
2012-1-19,"1,314.50","1,308.07","1,315.49","1,308.07",-,0.49%
2012-1-20,"1,315.38","1,314.49","1,315.38","1,309.17",-,0.07%
2012-1-23,"1,316.00","1,315.29","1,322.28","1,309.89",-,0.05%
2012-1-24,"1,314.65","1,315.96","1,315.96","1,306.06",-,-0.10%
2012-1-25,"1,326.06","1,314.40","1,328.30","1,307.65",-,0.87%
2012-1-26,"1,318.43","1,326.28","1,333.47","1,313.60",-,-0.58%
2012-1-27,"1,316.33","1,318.25","1,320.06","1,311.72",-,-0.16%
2012-1-30,"1,313.01","1,316.16","1,316.16","1,300.49",-,-0.25%
2012-1-31,"1,312.41","1,313.53","1,321.41","1,306.69",-,-0.05%
2012-2-1,"1,324.09","1,312.45","1,330.52","1,312.45",-,0.89%
2012-2-2,"1,325.54","1,324.24","1,329.19","1,321.57",-,0.11%
2012-2-3,"1,344.90","1,326.21","1,345.34","1,326.21",-,1.46%
2012-2-6,"1,344.33","1,344.32","1,344.36","1,337.52",-,-0.04%
2012-2-7,"1,347.05","1,344.33","1,349.24","1,335.92",-,0.20%
2012-2-8,"1,349.96","1,347.04","1,351.00","1,341.95",-,0.22%
2012-2-9,"1,351.95","1,349.97","1,354.32","1,344.63",-,0.15%
2012-2-10,"1,342.64","1,351.21","1,351.21","1,337.35",-,-0.69%
2012-2-13,"1,351.77","1,343.06","1,353.35","1,343.06",-,0.68%
2012-2-14,"1,350.50","1,351.30","1,351.30","1,340.83",-,-0.09%
2012-2-15,"1,343.23","1,350.52","1,355.87","1,340.80",-,-0.54%
2012-2-16,"1,358.04","1,342.61","1,359.02","1,341.22",-,1.10%
2012-2-17,"1,361.23","1,358.06","1,363.40","1,357.24",-,0.23%
2012-2-21,"1,362.21","1,361.22","1,367.76","1,358.11",-,0.07%
2012-2-22,"1,357.66","1,362.11","1,362.70","1,355.53",-,-0.33%
2012-2-23,"1,363.46","1,357.53","1,364.24","1,352.28",-,0.43%
2012-2-24,"1,365.74","1,363.46","1,368.92","1,363.46",-,0.17%
2012-2-27,"1,367.59","1,365.20","1,371.94","1,354.92",-,0.14%
2012-2-28,"1,372.18","1,367.56","1,373.09","1,365.97",-,0.34%
2012-2-29,"1,365.68","1,372.20","1,378.04","1,363.81",-,-0.47%
2012-3-1,"1,374.09","1,365.90","1,376.17","1,365.90",-,0.62%
2012-3-2,"1,369.63","1,374.09","1,374.53","1,366.42",-,-0.32%
2012-3-5,"1,364.33","1,369.59","1,369.59","1,359.13",-,-0.39%
2012-3-6,"1,343.36","1,363.63","1,363.63","1,340.03",-,-1.54%
2012-3-7,"1,352.63","1,343.39","1,354.85","1,343.39",-,0.69%
2012-3-8,"1,365.91","1,352.65","1,368.72","1,352.65",-,0.98%
2012-3-9,"1,370.87","1,365.97","1,374.76","1,365.97",-,0.36%
2012-3-12,"1,371.09","1,370.78","1,373.04","1,366.69",-,0.02%
2012-3-13,"1,395.95","1,371.92","1,396.13","1,371.92",-,1.81%
2012-3-14,"1,394.28","1,395.95","1,399.42","1,389.97",-,-0.12%
2012-3-15,"1,402.60","1,394.17","1,402.63","1,392.78",-,0.60%
2012-3-16,"1,404.17","1,402.55","1,405.88","1,401.47",-,0.11%
2012-3-19,"1,409.75","1,404.17","1,414.00","1,402.43",-,0.40%
2012-3-20,"1,405.52","1,409.59","1,409.59","1,397.68",-,-0.30%
2012-3-21,"1,402.89","1,405.52","1,407.75","1,400.64",-,-0.19%
2012-3-22,"1,392.78","1,402.89","1,402.89","1,388.73",-,-0.72%
2012-3-23,"1,397.11","1,392.78","1,399.18","1,386.87",-,0.31%
2012-3-26,"1,416.51","1,397.11","1,416.58","1,397.11",-,1.39%
2012-3-27,"1,412.52","1,416.55","1,419.15","1,411.95",-,-0.28%
2012-3-28,"1,405.54","1,412.52","1,413.65","1,397.20",-,-0.49%
2012-3-29,"1,403.28","1,405.39","1,405.39","1,391.56",-,-0.16%
2012-3-30,"1,408.47","1,403.31","1,410.89","1,401.42",-,0.37%
2012-4-2,"1,419.04","1,408.47","1,422.38","1,404.46",-,0.75%
2012-4-3,"1,413.38","1,418.98","1,419.00","1,404.62",-,-0.40%
2012-4-4,"1,398.96","1,413.09","1,413.09","1,394.09",-,-1.02%
2012-4-5,"1,398.08","1,398.79","1,401.60","1,392.92",-,-0.06%
2012-4-9,"1,382.20","1,397.45","1,397.45","1,378.24",-,-1.14%
2012-4-10,"1,358.59","1,382.18","1,383.01","1,357.38",-,-1.71%
2012-4-11,"1,368.71","1,358.98","1,374.71","1,358.98",-,0.74%
2012-4-12,"1,387.57","1,368.77","1,388.13","1,368.77",-,1.38%
2012-4-13,"1,370.26","1,387.61","1,387.61","1,369.85",-,-1.25%
2012-4-16,"1,369.57","1,370.27","1,379.66","1,365.38",-,-0.05%
2012-4-17,"1,390.78","1,369.57","1,392.76","1,369.57",-,1.55%
2012-4-18,"1,385.14","1,390.78","1,390.78","1,383.29",-,-0.41%
2012-4-19,"1,376.92","1,385.08","1,390.46","1,370.30",-,-0.59%
2012-4-20,"1,378.53","1,376.96","1,387.40","1,376.96",-,0.12%
2012-4-23,"1,366.94","1,378.53","1,378.53","1,358.79",-,-0.84%
2012-4-24,"1,371.97","1,366.97","1,375.57","1,366.82",-,0.37%
2012-4-25,"1,390.69","1,372.11","1,391.37","1,372.11",-,1.36%
2012-4-26,"1,399.98","1,390.64","1,402.09","1,387.28",-,0.67%
2012-4-27,"1,403.36","1,400.19","1,406.64","1,397.31",-,0.24%
2012-4-30,"1,397.91","1,403.26","1,403.26","1,394.00",-,-0.39%
2012-5-1,"1,405.82","1,397.86","1,415.32","1,395.73",-,0.57%
2012-5-2,"1,402.31","1,405.50","1,405.50","1,393.92",-,-0.25%
2012-5-3,"1,391.57","1,402.32","1,403.07","1,388.71",-,-0.77%
2012-5-4,"1,369.10","1,391.51","1,391.51","1,367.96",-,-1.61%
2012-5-7,"1,369.58","1,368.79","1,373.91","1,363.94",-,0.04%
2012-5-8,"1,363.72","1,369.16","1,369.16","1,347.75",-,-0.43%
2012-5-9,"1,354.58","1,363.20","1,363.73","1,343.13",-,-0.67%
2012-5-10,"1,357.99","1,354.58","1,365.88","1,354.58",-,0.25%
2012-5-11,"1,353.39","1,358.11","1,365.66","1,348.89",-,-0.34%
2012-5-14,"1,338.35","1,351.93","1,351.93","1,336.61",-,-1.11%
2012-5-15,"1,330.66","1,338.36","1,344.94","1,328.41",-,-0.57%
2012-5-16,"1,324.80","1,330.78","1,341.78","1,324.79",-,-0.44%
2012-5-17,"1,304.86","1,324.82","1,326.36","1,304.86",-,-1.51%
2012-5-18,"1,295.22","1,305.05","1,312.24","1,291.98",-,-0.74%
2012-5-21,"1,315.99","1,295.73","1,316.39","1,295.73",-,1.60%
2012-5-22,"1,316.63","1,316.09","1,328.49","1,310.04",-,0.05%
2012-5-23,"1,318.86","1,316.02","1,320.71","1,296.53",-,0.17%
2012-5-24,"1,320.68","1,318.72","1,324.14","1,310.50",-,0.14%
2012-5-25,"1,317.82","1,320.81","1,324.20","1,314.23",-,-0.22%
2012-5-29,"1,332.42","1,318.90","1,334.93","1,318.90",-,1.11%
2012-5-30,"1,313.32","1,331.25","1,331.25","1,310.76",-,-1.43%
2012-5-31,"1,310.33","1,313.09","1,319.74","1,298.90",-,-0.23%
2012-6-1,"1,278.04","1,309.87","1,309.87","1,277.25",-,-2.46%
2012-6-4,"1,278.18","1,278.29","1,282.55","1,266.74",-,0.01%
2012-6-5,"1,285.50","1,277.82","1,287.62","1,274.16",-,0.57%
2012-6-6,"1,315.13","1,285.61","1,315.13","1,285.61",-,2.30%
2012-6-7,"1,314.99","1,316.15","1,329.05","1,312.68",-,-0.01%
2012-6-8,"1,325.66","1,314.99","1,325.81","1,307.77",-,0.81%
2012-6-11,"1,308.93","1,325.72","1,335.52","1,307.73",-,-1.26%
2012-6-12,"1,324.18","1,309.40","1,324.31","1,306.62",-,1.17%
2012-6-13,"1,314.88","1,324.02","1,327.28","1,310.51",-,-0.70%
2012-6-14,"1,329.10","1,314.88","1,333.68","1,314.14",-,1.08%
2012-6-15,"1,342.84","1,329.19","1,343.32","1,329.19",-,1.03%
2012-6-18,"1,344.78","1,342.42","1,348.22","1,334.46",-,0.14%
2012-6-19,"1,357.98","1,344.83","1,363.46","1,344.83",-,0.98%
2012-6-20,"1,355.69","1,358.04","1,361.57","1,346.45",-,-0.17%
2012-6-21,"1,325.51","1,355.43","1,358.27","1,324.41",-,-2.23%
2012-6-22,"1,335.02","1,325.92","1,337.82","1,325.92",-,0.72%
2012-6-25,"1,313.72","1,334.90","1,334.90","1,309.27",-,-1.60%
2012-6-26,"1,319.99","1,314.09","1,324.24","1,310.30",-,0.48%
2012-6-27,"1,331.85","1,320.71","1,334.40","1,320.71",-,0.90%
2012-6-28,"1,329.04","1,331.52","1,331.52","1,313.29",-,-0.21%
2012-6-29,"1,362.16","1,330.12","1,362.17","1,330.12",-,2.49%
2012-7-2,"1,365.51","1,362.33","1,366.35","1,355.70",-,0.25%
2012-7-3,"1,374.02","1,365.75","1,374.81","1,363.53",-,0.62%
2012-7-5,"1,367.58","1,373.72","1,373.85","1,363.02",-,-0.47%
2012-7-6,"1,354.68","1,367.09","1,367.09","1,348.03",-,-0.94%
2012-7-9,"1,352.46","1,354.66","1,354.87","1,346.65",-,-0.16%
2012-7-10,"1,341.47","1,352.96","1,361.54","1,336.27",-,-0.81%
2012-7-11,"1,341.45","1,341.40","1,345.00","1,333.25",-,-0.00%
2012-7-12,"1,334.76","1,341.29","1,341.29","1,325.41",-,-0.50%
2012-7-13,"1,356.78","1,334.81","1,357.70","1,334.81",-,1.65%
2012-7-16,"1,353.64","1,356.50","1,357.26","1,348.51",-,-0.23%
2012-7-17,"1,363.67","1,353.68","1,365.36","1,345.07",-,0.74%
2012-7-18,"1,372.78","1,363.58","1,375.26","1,358.96",-,0.67%
2012-7-19,"1,376.51","1,373.01","1,380.39","1,371.21",-,0.27%
2012-7-20,"1,362.66","1,376.51","1,376.51","1,362.19",-,-1.01%
2012-7-23,"1,350.52","1,362.34","1,362.34","1,337.56",-,-0.89%
2012-7-24,"1,338.31","1,350.52","1,351.53","1,329.24",-,-0.90%
2012-7-25,"1,337.89","1,338.35","1,343.98","1,331.50",-,-0.03%
2012-7-26,"1,360.02","1,338.17","1,363.13","1,338.17",-,1.65%
2012-7-27,"1,385.97","1,360.05","1,389.19","1,360.05",-,1.91%
2012-7-30,"1,385.30","1,385.94","1,391.74","1,381.37",-,-0.05%
2012-7-31,"1,379.32","1,385.27","1,387.16","1,379.17",-,-0.43%
2012-8-1,"1,375.32","1,379.32","1,385.03","1,373.35",-,-0.29%
2012-8-2,"1,365.00","1,375.13","1,375.13","1,354.65",-,-0.75%
2012-8-3,"1,390.99","1,365.45","1,394.16","1,365.45",-,1.90%
2012-8-6,"1,394.23","1,391.04","1,399.63","1,391.04",-,0.23%
2012-8-7,"1,401.35","1,394.46","1,407.14","1,394.46",-,0.51%
2012-8-8,"1,402.22","1,401.23","1,404.14","1,396.13",-,0.06%
2012-8-9,"1,402.80","1,402.26","1,405.95","1,398.80",-,0.04%
2012-8-10,"1,405.87","1,402.58","1,405.98","1,395.62",-,0.22%
2012-8-13,"1,404.11","1,405.87","1,405.87","1,397.32",-,-0.13%
2012-8-14,"1,403.93","1,404.36","1,410.03","1,400.60",-,-0.01%
2012-8-15,"1,405.53","1,403.89","1,407.73","1,401.83",-,0.11%
2012-8-16,"1,415.51","1,405.57","1,417.44","1,404.15",-,0.71%
2012-8-17,"1,418.16","1,415.84","1,418.71","1,414.67",-,0.19%
2012-8-20,"1,418.13","1,417.85","1,418.13","1,412.12",-,-0.00%
2012-8-21,"1,413.17","1,418.13","1,426.68","1,410.86",-,-0.35%
2012-8-22,"1,413.49","1,413.09","1,416.12","1,406.78",-,0.02%
2012-8-23,"1,402.08","1,413.49","1,413.49","1,400.50",-,-0.81%
2012-8-24,"1,411.13","1,401.99","1,413.46","1,398.04",-,0.65%
2012-8-27,"1,410.44","1,411.13","1,416.17","1,409.11",-,-0.05%
2012-8-28,"1,409.30","1,410.44","1,413.63","1,405.59",-,-0.08%
2012-8-29,"1,410.49","1,409.32","1,413.95","1,406.57",-,0.08%
2012-8-30,"1,399.48","1,410.08","1,410.08","1,397.01",-,-0.78%
2012-8-31,"1,406.58","1,400.07","1,413.09","1,398.96",-,0.51%
2012-9-4,"1,404.94","1,406.54","1,409.31","1,396.56",-,-0.12%
2012-9-5,"1,403.44","1,404.94","1,408.81","1,401.25",-,-0.11%
2012-9-6,"1,432.12","1,403.74","1,432.12","1,403.74",-,2.04%
2012-9-7,"1,437.92","1,432.12","1,437.92","1,431.45",-,0.40%
2012-9-10,"1,429.08","1,437.92","1,438.74","1,428.98",-,-0.61%
2012-9-11,"1,433.56","1,429.13","1,437.76","1,429.13",-,0.31%
2012-9-12,"1,436.56","1,433.56","1,439.15","1,432.99",-,0.21%
2012-9-13,"1,459.99","1,436.56","1,463.76","1,435.34",-,1.63%
2012-9-14,"1,465.77","1,460.07","1,474.51","1,460.07",-,0.40%
2012-9-17,"1,461.19","1,465.42","1,465.63","1,457.55",-,-0.31%
2012-9-18,"1,459.32","1,461.19","1,461.47","1,456.13",-,-0.13%
2012-9-19,"1,461.05","1,459.50","1,465.15","1,457.88",-,0.12%
2012-9-20,"1,460.26","1,461.05","1,461.23","1,449.98",-,-0.05%
2012-9-21,"1,460.15","1,460.34","1,467.07","1,459.51",-,-0.01%
2012-9-24,"1,456.89","1,459.76","1,460.72","1,452.06",-,-0.22%
2012-9-25,"1,441.59","1,456.94","1,463.24","1,441.59",-,-1.05%
2012-9-26,"1,433.32","1,441.60","1,441.60","1,430.53",-,-0.57%
2012-9-27,"1,447.15","1,433.36","1,450.20","1,433.36",-,0.96%
2012-9-28,"1,440.67","1,447.13","1,447.13","1,435.60",-,-0.45%
2012-10-1,"1,444.49","1,440.90","1,457.14","1,440.90",-,0.27%
2012-10-2,"1,445.75","1,444.99","1,451.52","1,439.01",-,0.09%
2012-10-3,"1,450.99","1,446.05","1,454.30","1,441.99",-,0.36%
2012-10-4,"1,461.40","1,451.08","1,463.14","1,451.08",-,0.72%
2012-10-5,"1,460.93","1,461.40","1,470.96","1,456.89",-,-0.03%
2012-10-8,"1,455.88","1,460.93","1,460.93","1,453.10",-,-0.35%
2012-10-9,"1,441.48","1,455.90","1,455.90","1,441.18",-,-0.99%
2012-10-10,"1,432.56","1,441.48","1,442.52","1,430.64",-,-0.62%
2012-10-11,"1,432.84","1,432.82","1,443.90","1,432.82",-,0.02%
2012-10-12,"1,428.59","1,432.84","1,438.43","1,425.53",-,-0.30%
2012-10-15,"1,440.13","1,428.75","1,441.31","1,427.24",-,0.81%
2012-10-16,"1,454.92","1,440.31","1,455.51","1,440.31",-,1.03%
2012-10-17,"1,460.91","1,454.22","1,462.20","1,453.35",-,0.41%
2012-10-18,"1,457.34","1,460.94","1,464.02","1,452.63",-,-0.24%
2012-10-19,"1,433.19","1,457.34","1,457.34","1,429.85",-,-1.66%
2012-10-22,"1,433.82","1,433.21","1,435.46","1,422.06",-,0.04%
2012-10-23,"1,413.11","1,433.74","1,433.74","1,407.56",-,-1.44%
2012-10-24,"1,408.75","1,413.20","1,420.04","1,407.10",-,-0.31%
2012-10-25,"1,412.97","1,409.74","1,421.12","1,405.14",-,0.30%
2012-10-26,"1,411.94","1,412.97","1,417.09","1,403.28",-,-0.07%
2012-10-31,"1,412.16","1,410.99","1,418.76","1,405.95",-,0.02%
2012-11-1,"1,427.59","1,412.20","1,428.35","1,412.20",-,1.09%
2012-11-2,"1,414.20","1,427.59","1,434.27","1,412.91",-,-0.94%
2012-11-5,"1,417.26","1,414.02","1,419.90","1,408.13",-,0.22%
2012-11-6,"1,428.39","1,417.26","1,433.38","1,417.26",-,0.79%
2012-11-7,"1,394.53","1,428.27","1,428.27","1,388.14",-,-2.37%
2012-11-8,"1,377.51","1,394.53","1,401.23","1,377.51",-,-1.22%
2012-11-9,"1,379.85","1,377.55","1,391.39","1,373.03",-,0.17%
2012-11-12,"1,380.03","1,379.86","1,384.87","1,377.19",-,0.01%
2012-11-13,"1,374.53","1,380.03","1,388.81","1,371.39",-,-0.40%
2012-11-14,"1,355.49","1,374.64","1,380.13","1,352.50",-,-1.39%
2012-11-15,"1,353.33","1,355.41","1,360.62","1,348.05",-,-0.16%
2012-11-16,"1,359.88","1,353.36","1,362.03","1,343.35",-,0.48%
2012-11-19,"1,386.89","1,359.88","1,386.89","1,359.88",-,1.99%
2012-11-20,"1,387.81","1,386.82","1,389.77","1,377.04",-,0.07%
2012-11-21,"1,391.03","1,387.79","1,391.25","1,386.39",-,0.23%
2012-11-23,"1,409.15","1,391.03","1,409.16","1,391.03",-,1.30%
2012-11-26,"1,406.29","1,409.15","1,409.15","1,397.68",-,-0.20%
2012-11-27,"1,398.94","1,406.29","1,409.01","1,398.03",-,-0.52%
2012-11-28,"1,409.93","1,398.77","1,410.31","1,385.43",-,0.79%
2012-11-29,"1,415.95","1,409.96","1,419.70","1,409.04",-,0.43%
2012-11-30,"1,416.18","1,415.95","1,418.86","1,411.63",-,0.02%
2012-12-3,"1,409.46","1,416.34","1,423.73","1,408.46",-,-0.47%
2012-12-4,"1,407.05","1,409.46","1,413.14","1,403.65",-,-0.17%
2012-12-5,"1,409.28","1,407.05","1,415.56","1,398.23",-,0.16%
2012-12-6,"1,413.94","1,409.43","1,413.95","1,405.93",-,0.33%
2012-12-7,"1,418.07","1,413.95","1,420.34","1,410.90",-,0.29%
2012-12-10,"1,418.55","1,418.07","1,421.64","1,415.64",-,0.03%
2012-12-11,"1,427.84","1,418.55","1,434.27","1,418.55",-,0.65%
2012-12-12,"1,428.48","1,427.84","1,438.59","1,426.76",-,0.04%
2012-12-13,"1,419.45","1,428.48","1,431.36","1,416.00",-,-0.63%
2012-12-14,"1,413.58","1,419.45","1,419.45","1,411.88",-,-0.41%
2012-12-17,"1,430.36","1,413.54","1,430.67","1,413.54",-,1.19%
2012-12-18,"1,446.79","1,430.47","1,448.00","1,430.47",-,1.15%
2012-12-19,"1,435.81","1,446.79","1,447.75","1,435.80",-,-0.76%
2012-12-20,"1,443.69","1,435.81","1,443.70","1,432.82",-,0.55%
2012-12-21,"1,430.15","1,443.67","1,443.67","1,422.58",-,-0.94%
2012-12-24,"1,426.66","1,430.15","1,430.15","1,424.66",-,-0.24%
2012-12-26,"1,419.83","1,426.66","1,429.42","1,416.43",-,-0.48%
2012-12-27,"1,418.10","1,419.83","1,422.80","1,401.80",-,-0.12%
2012-12-28,"1,402.43","1,418.10","1,418.10","1,401.58",-,-1.10%
2012-12-31,"1,426.19","1,402.43","1,426.74","1,398.11",-,1.69%
2013-1-2,"1,462.42","1,426.19","1,462.43","1,426.19",-,2.54%
2013-1-3,"1,459.37","1,462.42","1,465.47","1,455.53",-,-0.21%
2013-1-4,"1,466.47","1,459.37","1,467.94","1,458.99",-,0.49%
2013-1-7,"1,461.89","1,466.47","1,466.47","1,456.62",-,-0.31%
2013-1-8,"1,457.15","1,461.89","1,461.89","1,451.64",-,-0.32%
2013-1-9,"1,461.02","1,457.15","1,464.73","1,457.15",-,0.27%
2013-1-10,"1,472.12","1,461.02","1,472.30","1,461.02",-,0.76%
2013-1-11,"1,472.05","1,472.12","1,472.75","1,467.58",-,-0.00%
2013-1-14,"1,470.68","1,472.05","1,472.05","1,465.69",-,-0.09%
2013-1-15,"1,472.34","1,470.67","1,473.31","1,463.76",-,0.11%
2013-1-16,"1,472.63","1,472.33","1,473.96","1,467.60",-,0.02%
2013-1-17,"1,480.94","1,472.63","1,485.16","1,472.63",-,0.56%
2013-1-18,"1,485.98","1,480.95","1,485.98","1,475.81",-,0.34%
2013-1-22,"1,492.56","1,485.98","1,492.56","1,481.16",-,0.44%
2013-1-23,"1,494.81","1,492.56","1,496.13","1,489.90",-,0.15%
2013-1-24,"1,494.82","1,494.81","1,502.27","1,489.46",-,0.00%
2013-1-25,"1,502.96","1,494.82","1,503.26","1,494.82",-,0.54%
2013-1-28,"1,500.18","1,502.96","1,503.23","1,496.33",-,-0.18%
2013-1-29,"1,507.84","1,500.18","1,509.35","1,498.09",-,0.51%
2013-1-30,"1,501.96","1,507.84","1,509.94","1,500.11",-,-0.39%
2013-1-31,"1,498.11","1,501.96","1,504.19","1,496.76",-,-0.26%
2013-2-1,"1,513.17","1,498.11","1,514.41","1,498.11",-,1.01%
2013-2-4,"1,495.71","1,513.17","1,513.17","1,495.02",-,-1.15%
2013-2-5,"1,511.29","1,495.71","1,514.96","1,495.71",-,1.04%
2013-2-6,"1,512.12","1,511.29","1,512.53","1,504.71",-,0.05%
2013-2-7,"1,509.39","1,512.12","1,512.90","1,498.49",-,-0.18%
2013-2-8,"1,517.93","1,509.39","1,518.31","1,509.39",-,0.57%
2013-2-11,"1,517.01","1,517.93","1,518.31","1,513.61",-,-0.06%
2013-2-12,"1,519.43","1,517.01","1,522.29","1,515.61",-,0.16%
2013-2-13,"1,520.33","1,519.43","1,524.69","1,515.93",-,0.06%
2013-2-14,"1,521.38","1,520.33","1,523.14","1,514.02",-,0.07%
2013-2-15,"1,519.79","1,521.38","1,524.24","1,514.14",-,-0.10%
2013-2-19,"1,530.94","1,519.79","1,530.94","1,519.79",-,0.73%
2013-2-20,"1,511.95","1,530.94","1,530.94","1,511.41",-,-1.24%
2013-2-21,"1,502.42","1,511.95","1,511.95","1,497.29",-,-0.63%
2013-2-22,"1,515.60","1,502.42","1,515.64","1,502.42",-,0.88%
2013-2-25,"1,487.85","1,515.60","1,525.84","1,487.85",-,-1.83%
2013-2-26,"1,496.94","1,487.85","1,498.99","1,485.01",-,0.61%
2013-2-27,"1,515.99","1,496.94","1,520.08","1,494.88",-,1.27%
2013-2-28,"1,514.68","1,515.99","1,525.34","1,514.46",-,-0.09%
2013-3-1,"1,518.20","1,514.68","1,519.99","1,501.48",-,0.23%
2013-3-4,"1,525.20","1,518.20","1,525.27","1,512.29",-,0.46%
2013-3-5,"1,539.79","1,525.20","1,543.47","1,525.20",-,0.96%
2013-3-6,"1,541.46","1,539.79","1,545.25","1,538.11",-,0.11%
2013-3-7,"1,544.26","1,541.46","1,545.78","1,541.46",-,0.18%
2013-3-8,"1,551.18","1,544.26","1,552.48","1,542.94",-,0.45%
2013-3-11,"1,556.22","1,551.15","1,556.27","1,547.36",-,0.32%
2013-3-12,"1,552.48","1,556.22","1,556.77","1,548.24",-,-0.24%
2013-3-13,"1,554.52","1,552.48","1,556.39","1,548.25",-,0.13%
2013-3-14,"1,563.23","1,554.52","1,563.32","1,554.52",-,0.56%
2013-3-15,"1,560.70","1,563.21","1,563.62","1,555.74",-,-0.16%
2013-3-18,"1,552.10","1,560.70","1,560.70","1,545.13",-,-0.55%
2013-3-19,"1,548.34","1,552.10","1,557.25","1,538.57",-,-0.24%
2013-3-20,"1,558.71","1,548.34","1,561.56","1,548.34",-,0.67%
2013-3-21,"1,545.80","1,558.71","1,558.71","1,543.55",-,-0.83%
2013-3-22,"1,556.89","1,545.90","1,557.74","1,545.90",-,0.72%
2013-3-25,"1,551.69","1,556.89","1,564.91","1,546.22",-,-0.33%
2013-3-26,"1,563.77","1,551.69","1,563.95","1,551.69",-,0.78%
2013-3-27,"1,562.85","1,563.75","1,564.07","1,551.90",-,-0.06%
2013-3-28,"1,569.19","1,562.86","1,570.28","1,561.08",-,0.41%
2013-4-1,"1,562.17","1,569.18","1,570.57","1,558.47",-,-0.45%
2013-4-2,"1,570.25","1,562.17","1,573.66","1,562.17",-,0.52%
2013-4-3,"1,553.69","1,570.25","1,571.47","1,549.80",-,-1.05%
2013-4-4,"1,559.98","1,553.69","1,562.60","1,552.52",-,0.40%
2013-4-5,"1,553.28","1,559.98","1,559.98","1,539.50",-,-0.43%
2013-4-8,"1,563.07","1,553.26","1,563.07","1,548.63",-,0.63%
2013-4-9,"1,568.61","1,563.11","1,573.89","1,560.92",-,0.35%
2013-4-10,"1,587.73","1,568.61","1,589.07","1,568.61",-,1.22%
2013-4-11,"1,593.37","1,587.73","1,597.35","1,586.17",-,0.36%
2013-4-12,"1,588.85","1,593.30","1,593.30","1,579.97",-,-0.28%
2013-4-15,"1,552.36","1,588.84","1,588.84","1,552.28",-,-2.30%
2013-4-16,"1,574.57","1,552.36","1,575.35","1,552.36",-,1.43%
2013-4-17,"1,552.01","1,574.57","1,574.57","1,543.69",-,-1.43%
2013-4-18,"1,541.61","1,552.03","1,554.38","1,536.03",-,-0.67%
2013-4-19,"1,555.25","1,541.61","1,555.89","1,539.40",-,0.88%
2013-4-22,"1,562.50","1,555.25","1,565.55","1,548.19",-,0.47%
2013-4-23,"1,578.78","1,562.50","1,579.58","1,562.50",-,1.04%
2013-4-24,"1,578.79","1,578.78","1,583.00","1,575.80",-,0.00%
2013-4-25,"1,585.16","1,578.93","1,592.64","1,578.93",-,0.40%
2013-4-26,"1,582.24","1,585.16","1,585.78","1,577.56",-,-0.18%
2013-4-29,"1,593.61","1,582.34","1,596.65","1,582.34",-,0.72%
2013-4-30,"1,597.57","1,593.58","1,597.57","1,586.50",-,0.25%
2013-5-1,"1,582.70","1,597.55","1,597.55","1,581.28",-,-0.93%
2013-5-2,"1,597.59","1,582.77","1,598.60","1,582.77",-,0.94%
2013-5-3,"1,614.42","1,597.60","1,618.46","1,597.60",-,1.05%
2013-5-6,"1,617.50","1,614.40","1,619.77","1,614.21",-,0.19%
2013-5-7,"1,625.96","1,617.55","1,626.03","1,616.64",-,0.52%
2013-5-8,"1,632.69","1,625.95","1,632.78","1,622.70",-,0.41%
2013-5-9,"1,626.67","1,632.69","1,635.01","1,623.09",-,-0.37%
2013-5-10,"1,633.70","1,626.69","1,633.70","1,623.71",-,0.43%
2013-5-13,"1,633.77","1,632.10","1,636.00","1,626.74",-,0.00%
2013-5-14,"1,650.34","1,633.75","1,651.10","1,633.75",-,1.01%
2013-5-15,"1,658.78","1,649.13","1,661.49","1,646.68",-,0.51%
2013-5-16,"1,650.47","1,658.07","1,660.51","1,648.60",-,-0.50%
2013-5-17,"1,667.47","1,652.45","1,667.47","1,652.45",-,1.03%
2013-5-20,"1,666.29","1,665.71","1,672.84","1,663.52",-,-0.07%
2013-5-21,"1,669.16","1,666.20","1,674.93","1,662.67",-,0.17%
2013-5-22,"1,655.35","1,669.39","1,687.18","1,648.86",-,-0.83%
2013-5-23,"1,650.51","1,651.62","1,655.50","1,635.53",-,-0.29%
2013-5-24,"1,649.60","1,646.67","1,649.78","1,636.88",-,-0.06%
2013-5-28,"1,660.06","1,652.63","1,674.21","1,652.63",-,0.63%
2013-5-29,"1,648.36","1,656.57","1,656.57","1,640.05",-,-0.70%
2013-5-30,"1,654.41","1,649.14","1,661.91","1,648.61",-,0.37%
2013-5-31,"1,630.74","1,652.13","1,658.99","1,630.74",-,-1.43%
2013-6-3,"1,640.42","1,631.71","1,640.42","1,622.72",-,0.59%
2013-6-4,"1,631.38","1,640.73","1,646.53","1,623.62",-,-0.55%
2013-6-5,"1,608.90","1,629.05","1,629.31","1,607.09",-,-1.38%
2013-6-6,"1,622.56","1,609.29","1,622.56","1,598.23",-,0.85%
2013-6-7,"1,643.38","1,625.27","1,644.40","1,625.27",-,1.28%
2013-6-10,"1,642.81","1,644.67","1,648.69","1,639.26",-,-0.03%
2013-6-11,"1,626.13","1,638.64","1,640.13","1,622.92",-,-1.02%
2013-6-12,"1,612.52","1,629.94","1,637.71","1,610.92",-,-0.84%
2013-6-13,"1,636.36","1,612.15","1,639.25","1,608.07",-,1.48%
2013-6-14,"1,626.73","1,635.52","1,640.80","1,623.96",-,-0.59%
2013-6-17,"1,639.04","1,630.64","1,646.50","1,630.34",-,0.76%
2013-6-18,"1,651.81","1,639.77","1,654.19","1,639.77",-,0.78%
2013-6-19,"1,628.93","1,651.83","1,652.45","1,628.91",-,-1.39%
2013-6-20,"1,588.19","1,624.62","1,624.62","1,584.32",-,-2.50%
2013-6-21,"1,592.43","1,588.62","1,599.19","1,577.70",-,0.27%
2013-6-24,"1,573.09","1,588.77","1,588.77","1,560.33",-,-1.21%
2013-6-25,"1,588.03","1,577.52","1,593.79","1,577.09",-,0.95%
2013-6-26,"1,603.26","1,592.27","1,606.83","1,592.27",-,0.96%
2013-6-27,"1,613.20","1,606.44","1,620.07","1,606.44",-,0.62%
2013-6-28,"1,606.28","1,611.12","1,615.94","1,601.06",-,-0.43%
2013-7-1,"1,614.96","1,609.78","1,626.61","1,609.78",-,0.54%
2013-7-2,"1,614.08","1,614.29","1,624.26","1,606.77",-,-0.05%
2013-7-3,"1,615.41","1,611.48","1,618.97","1,604.57",-,0.08%
2013-7-5,"1,631.89","1,618.65","1,632.07","1,614.71",-,1.02%
2013-7-8,"1,640.46","1,634.20","1,644.68","1,634.20",-,0.53%
2013-7-9,"1,652.32","1,642.89","1,654.18","1,642.89",-,0.72%
2013-7-10,"1,652.62","1,651.56","1,657.92","1,647.66",-,0.02%
2013-7-11,"1,675.02","1,657.41","1,676.63","1,657.41",-,1.36%
2013-7-12,"1,680.19","1,675.26","1,680.19","1,672.33",-,0.31%
2013-7-15,"1,682.50","1,679.59","1,684.51","1,677.89",-,0.14%
2013-7-16,"1,676.26","1,682.70","1,683.73","1,671.84",-,-0.37%
2013-7-17,"1,680.91","1,677.91","1,684.75","1,677.91",-,0.28%
2013-7-18,"1,689.37","1,681.05","1,693.12","1,681.05",-,0.50%
2013-7-19,"1,692.09","1,686.15","1,692.09","1,684.08",-,0.16%
2013-7-22,"1,695.53","1,694.41","1,697.61","1,690.67",-,0.20%
2013-7-23,"1,692.39","1,696.63","1,698.78","1,691.13",-,-0.19%
2013-7-24,"1,685.94","1,696.06","1,698.38","1,682.57",-,-0.38%
2013-7-25,"1,690.25","1,685.21","1,690.94","1,680.07",-,0.26%
2013-7-26,"1,691.65","1,687.31","1,691.85","1,676.03",-,0.08%
2013-7-29,"1,685.33","1,690.32","1,690.92","1,681.86",-,-0.37%
2013-7-30,"1,685.96","1,687.92","1,693.19","1,682.42",-,0.04%
2013-7-31,"1,685.73","1,687.76","1,698.43","1,684.94",-,-0.01%
2013-8-1,"1,706.87","1,689.42","1,707.85","1,689.42",-,1.25%
2013-8-2,"1,709.67","1,706.10","1,709.67","1,700.68",-,0.16%
2013-8-5,"1,707.14","1,708.01","1,709.24","1,703.55",-,-0.15%
2013-8-6,"1,697.37","1,705.79","1,705.79","1,693.29",-,-0.57%
2013-8-7,"1,690.91","1,695.30","1,695.30","1,684.91",-,-0.38%
2013-8-8,"1,697.48","1,693.35","1,700.18","1,688.38",-,0.39%
2013-8-9,"1,691.42","1,696.10","1,699.42","1,686.02",-,-0.36%
2013-8-12,"1,689.47","1,688.37","1,691.49","1,683.35",-,-0.12%
2013-8-13,"1,694.16","1,690.65","1,696.81","1,682.62",-,0.28%
2013-8-14,"1,685.39","1,693.88","1,695.52","1,684.83",-,-0.52%
2013-8-15,"1,661.32","1,679.61","1,679.61","1,658.59",-,-1.43%
2013-8-16,"1,655.83","1,661.22","1,663.60","1,652.61",-,-0.33%
2013-8-19,"1,646.06","1,655.25","1,659.18","1,645.84",-,-0.59%
2013-8-20,"1,652.35","1,646.81","1,658.92","1,646.08",-,0.38%
2013-8-21,"1,642.80","1,650.66","1,656.99","1,639.43",-,-0.58%
2013-8-22,"1,656.96","1,645.03","1,659.55","1,645.03",-,0.86%
2013-8-23,"1,663.50","1,659.92","1,664.85","1,654.81",-,0.39%
2013-8-26,"1,656.78","1,664.29","1,669.51","1,656.02",-,-0.40%
2013-8-27,"1,630.48","1,652.54","1,652.54","1,629.05",-,-1.59%
2013-8-28,"1,634.96","1,630.25","1,641.18","1,627.47",-,0.27%
2013-8-29,"1,638.17","1,633.50","1,646.41","1,630.88",-,0.20%
2013-8-30,"1,632.97","1,638.89","1,640.08","1,628.05",-,-0.32%
2013-9-3,"1,639.77","1,635.95","1,651.35","1,633.41",-,0.42%
2013-9-4,"1,653.08","1,640.72","1,655.72","1,637.41",-,0.81%
2013-9-5,"1,655.08","1,653.28","1,659.17","1,653.07",-,0.12%
2013-9-6,"1,655.17","1,657.44","1,664.83","1,640.62",-,0.01%
2013-9-9,"1,671.71","1,656.85","1,672.40","1,656.85",-,1.00%
2013-9-10,"1,683.99","1,675.11","1,684.09","1,675.11",-,0.73%
2013-9-11,"1,689.13","1,681.04","1,689.13","1,678.70",-,0.31%
2013-9-12,"1,683.42","1,689.21","1,689.97","1,681.96",-,-0.34%
2013-9-13,"1,687.99","1,685.04","1,688.73","1,682.22",-,0.27%
2013-9-16,"1,697.60","1,691.70","1,704.95","1,691.70",-,0.57%
2013-9-17,"1,704.76","1,697.73","1,705.52","1,697.73",-,0.42%
2013-9-18,"1,725.52","1,705.74","1,729.44","1,700.35",-,1.22%
2013-9-19,"1,722.34","1,727.34","1,729.86","1,720.20",-,-0.18%
2013-9-20,"1,709.91","1,722.44","1,725.23","1,708.89",-,-0.72%
2013-9-23,"1,701.84","1,711.44","1,711.44","1,697.10",-,-0.47%
2013-9-24,"1,697.42","1,702.60","1,707.63","1,694.90",-,-0.26%
2013-9-25,"1,692.77","1,698.02","1,701.71","1,691.88",-,-0.27%
2013-9-26,"1,698.67","1,694.05","1,703.85","1,693.11",-,0.35%
2013-9-27,"1,691.75","1,695.52","1,695.52","1,687.11",-,-0.41%
2013-9-30,"1,681.55","1,687.26","1,687.26","1,674.99",-,-0.60%
2013-10-1,"1,695.00","1,682.41","1,696.55","1,682.07",-,0.80%
2013-10-2,"1,693.87","1,691.90","1,693.87","1,680.34",-,-0.07%
2013-10-3,"1,678.66","1,692.35","1,692.35","1,670.36",-,-0.90%
2013-10-4,"1,690.50","1,678.79","1,691.94","1,677.33",-,0.71%
2013-10-7,"1,676.12","1,687.15","1,687.15","1,674.70",-,-0.85%
2013-10-8,"1,655.45","1,676.22","1,676.79","1,655.03",-,-1.23%
2013-10-9,"1,656.40","1,656.99","1,662.47","1,646.47",-,0.06%
2013-10-10,"1,692.56","1,660.88","1,692.56","1,660.88",-,2.18%
2013-10-11,"1,703.20","1,691.09","1,703.44","1,688.52",-,0.63%
2013-10-14,"1,710.14","1,699.86","1,711.03","1,692.13",-,0.41%
2013-10-15,"1,698.06","1,709.17","1,711.57","1,695.93",-,-0.71%
2013-10-16,"1,721.54","1,700.49","1,721.76","1,700.49",-,1.38%
2013-10-17,"1,733.15","1,720.17","1,733.45","1,714.12",-,0.67%
2013-10-18,"1,744.50","1,736.72","1,745.31","1,735.74",-,0.65%
2013-10-21,"1,744.66","1,745.20","1,747.79","1,740.67",-,0.01%
2013-10-22,"1,754.67","1,746.48","1,759.33","1,746.48",-,0.57%
2013-10-23,"1,746.38","1,752.27","1,752.27","1,740.50",-,-0.47%
2013-10-24,"1,752.07","1,747.48","1,753.94","1,745.50",-,0.33%
2013-10-25,"1,759.77","1,756.01","1,759.82","1,752.45",-,0.44%
2013-10-28,"1,762.11","1,759.42","1,764.99","1,757.67",-,0.13%
2013-10-29,"1,771.95","1,762.93","1,772.09","1,762.93",-,0.56%
2013-10-30,"1,763.31","1,772.27","1,775.22","1,757.24",-,-0.49%
2013-10-31,"1,756.54","1,763.24","1,768.53","1,755.72",-,-0.38%
2013-11-1,"1,761.64","1,758.70","1,765.67","1,752.70",-,0.29%
2013-11-4,"1,767.93","1,763.40","1,768.78","1,761.56",-,0.36%
2013-11-5,"1,762.97","1,765.67","1,767.03","1,755.76",-,-0.28%
2013-11-6,"1,770.49","1,765.00","1,773.74","1,764.40",-,0.43%
2013-11-7,"1,747.15","1,770.74","1,774.54","1,746.20",-,-1.32%
2013-11-8,"1,770.61","1,748.37","1,770.78","1,747.63",-,1.34%
2013-11-11,"1,771.89","1,769.96","1,773.44","1,767.85",-,0.07%
2013-11-12,"1,767.69","1,769.51","1,771.78","1,762.29",-,-0.24%
2013-11-13,"1,782.00","1,764.37","1,782.00","1,760.64",-,0.81%
2013-11-14,"1,790.62","1,782.75","1,791.53","1,780.22",-,0.48%
2013-11-15,"1,798.18","1,790.66","1,798.22","1,790.66",-,0.42%
2013-11-18,"1,791.53","1,798.82","1,802.33","1,788.00",-,-0.37%
2013-11-19,"1,787.87","1,790.79","1,795.51","1,784.72",-,-0.20%
2013-11-20,"1,781.37","1,789.59","1,795.73","1,777.23",-,-0.36%
2013-11-21,"1,795.85","1,783.52","1,797.16","1,783.52",-,0.81%
2013-11-22,"1,804.76","1,797.21","1,804.84","1,794.70",-,0.50%
2013-11-25,"1,802.48","1,806.33","1,808.10","1,800.58",-,-0.13%
2013-11-26,"1,802.75","1,802.87","1,808.42","1,800.77",-,0.01%
2013-11-27,"1,807.23","1,803.48","1,808.27","1,802.77",-,0.25%
2013-11-29,"1,805.81","1,808.69","1,813.55","1,803.98",-,-0.08%
2013-12-2,"1,800.90","1,806.55","1,810.02","1,798.60",-,-0.27%
2013-12-3,"1,795.15","1,800.10","1,800.10","1,787.85",-,-0.32%
2013-12-4,"1,792.81","1,793.15","1,799.80","1,779.09",-,-0.13%
2013-12-5,"1,785.03","1,792.82","1,792.82","1,783.38",-,-0.43%
2013-12-6,"1,805.09","1,788.36","1,806.04","1,788.36",-,1.12%
2013-12-9,"1,808.37","1,806.21","1,811.52","1,806.21",-,0.18%
2013-12-10,"1,802.62","1,807.60","1,808.52","1,801.75",-,-0.32%
2013-12-11,"1,782.22","1,802.76","1,802.97","1,780.09",-,-1.13%
2013-12-12,"1,775.50","1,781.71","1,782.99","1,772.28",-,-0.38%
2013-12-13,"1,775.32","1,777.98","1,780.92","1,772.45",-,-0.01%
2013-12-16,"1,786.54","1,777.48","1,792.22","1,777.48",-,0.63%
2013-12-17,"1,781.00","1,786.47","1,786.77","1,777.05",-,-0.31%
2013-12-18,"1,810.65","1,781.46","1,811.08","1,767.99",-,1.66%
2013-12-19,"1,809.60","1,809.00","1,810.88","1,801.35",-,-0.06%
2013-12-20,"1,818.32","1,810.39","1,823.75","1,810.25",-,0.48%
2013-12-23,"1,827.99","1,822.92","1,829.75","1,822.92",-,0.53%
2013-12-24,"1,833.32","1,828.02","1,833.32","1,828.02",-,0.29%
2013-12-26,"1,842.02","1,834.96","1,842.84","1,834.96",-,0.47%
2013-12-27,"1,841.40","1,842.97","1,844.89","1,839.81",-,-0.03%
2013-12-30,"1,841.07","1,841.47","1,842.47","1,838.77",-,-0.02%
2013-12-31,"1,848.36","1,842.61","1,849.44","1,842.41",-,0.40%
2014-1-2,"1,831.98","1,845.86","1,845.86","1,827.74",-,-0.89%
2014-1-3,"1,831.37","1,833.21","1,838.24","1,829.13",-,-0.03%
2014-1-6,"1,826.77","1,832.31","1,837.16","1,823.73",-,-0.25%
2014-1-7,"1,837.88","1,828.71","1,840.10","1,828.71",-,0.61%
2014-1-8,"1,837.49","1,837.90","1,840.02","1,831.40",-,-0.02%
2014-1-9,"1,838.13","1,839.00","1,843.23","1,830.38",-,0.03%
2014-1-10,"1,842.37","1,840.06","1,843.15","1,832.43",-,0.23%
2014-1-13,"1,819.20","1,841.26","1,843.45","1,815.52",-,-1.26%
2014-1-14,"1,838.88","1,821.36","1,839.26","1,821.36",-,1.08%
2014-1-15,"1,848.38","1,840.52","1,850.84","1,840.52",-,0.52%
2014-1-16,"1,845.89","1,847.99","1,847.99","1,840.30",-,-0.13%
2014-1-17,"1,838.70","1,844.23","1,846.04","1,835.23",-,-0.39%
2014-1-21,"1,843.80","1,841.05","1,849.31","1,832.38",-,0.28%
2014-1-22,"1,844.86","1,844.71","1,846.87","1,840.88",-,0.06%
2014-1-23,"1,828.46","1,842.29","1,842.29","1,820.06",-,-0.89%
2014-1-24,"1,790.29","1,826.96","1,826.96","1,790.29",-,-2.09%
2014-1-27,"1,781.56","1,791.03","1,795.98","1,772.88",-,-0.49%
2014-1-28,"1,792.50","1,783.00","1,793.87","1,779.49",-,0.61%
2014-1-29,"1,774.20","1,790.15","1,790.15","1,770.45",-,-1.02%
2014-1-30,"1,794.19","1,777.17","1,798.77","1,777.17",-,1.13%
2014-1-31,"1,782.59","1,790.88","1,793.88","1,772.26",-,-0.65%
2014-2-3,"1,741.89","1,782.68","1,784.83","1,739.66",-,-2.28%
2014-2-4,"1,755.20","1,743.82","1,758.73","1,743.82",-,0.76%
2014-2-5,"1,751.64","1,753.38","1,755.79","1,737.92",-,-0.20%
2014-2-6,"1,773.43","1,752.99","1,774.06","1,752.99",-,1.24%
2014-2-7,"1,797.02","1,776.01","1,798.03","1,776.01",-,1.33%
2014-2-10,"1,799.84","1,796.20","1,799.94","1,791.83",-,0.16%
2014-2-11,"1,819.75","1,800.45","1,823.54","1,800.41",-,1.11%
2014-2-12,"1,819.26","1,820.12","1,826.55","1,815.97",-,-0.03%
2014-2-13,"1,829.83","1,814.82","1,830.25","1,809.22",-,0.58%
2014-2-14,"1,838.63","1,828.46","1,841.65","1,825.59",-,0.48%
2014-2-18,"1,840.76","1,839.03","1,842.87","1,835.01",-,0.12%
2014-2-19,"1,828.75","1,838.90","1,847.50","1,826.99",-,-0.65%
2014-2-20,"1,839.78","1,829.24","1,842.79","1,824.58",-,0.60%
2014-2-21,"1,836.25","1,841.07","1,846.13","1,835.60",-,-0.19%
2014-2-24,"1,847.61","1,836.78","1,858.71","1,836.78",-,0.62%
2014-2-25,"1,845.12","1,847.66","1,852.91","1,840.19",-,-0.13%
2014-2-26,"1,845.16","1,845.79","1,852.65","1,840.66",-,0.00%
2014-2-27,"1,854.29","1,844.90","1,854.53","1,841.13",-,0.49%
2014-2-28,"1,859.45","1,855.12","1,867.92","1,847.67",-,0.28%
2014-3-3,"1,845.73","1,857.68","1,857.68","1,834.44",-,-0.74%
2014-3-4,"1,873.91","1,849.23","1,876.23","1,849.23",-,1.53%
2014-3-5,"1,873.81","1,874.05","1,876.53","1,871.11",-,-0.01%
2014-3-6,"1,877.03","1,874.18","1,881.94","1,874.18",-,0.17%
2014-3-7,"1,878.04","1,878.52","1,883.57","1,870.56",-,0.05%
2014-3-10,"1,877.17","1,877.86","1,877.87","1,867.04",-,-0.05%
2014-3-11,"1,867.63","1,878.26","1,882.35","1,863.88",-,-0.51%
2014-3-12,"1,868.20","1,866.15","1,868.38","1,854.38",-,0.03%
2014-3-13,"1,846.34","1,869.06","1,874.40","1,841.86",-,-1.17%
2014-3-14,"1,841.13","1,845.07","1,852.44","1,839.57",-,-0.28%
2014-3-17,"1,858.83","1,842.81","1,862.30","1,842.81",-,0.96%
2014-3-18,"1,872.25","1,858.92","1,873.76","1,858.92",-,0.72%
2014-3-19,"1,860.77","1,872.25","1,874.14","1,850.35",-,-0.61%
2014-3-20,"1,872.01","1,860.09","1,873.49","1,854.63",-,0.60%
2014-3-21,"1,866.52","1,874.53","1,883.97","1,863.46",-,-0.29%
2014-3-24,"1,857.44","1,867.67","1,873.34","1,849.69",-,-0.49%
2014-3-25,"1,865.62","1,859.48","1,871.87","1,855.96",-,0.44%
2014-3-26,"1,852.56","1,867.09","1,875.92","1,852.56",-,-0.70%
2014-3-27,"1,849.04","1,852.11","1,855.55","1,842.11",-,-0.19%
2014-3-28,"1,857.62","1,850.07","1,866.63","1,850.07",-,0.46%
2014-3-31,"1,872.34","1,859.16","1,875.18","1,859.16",-,0.79%
2014-4-1,"1,885.52","1,873.96","1,885.84","1,873.96",-,0.70%
2014-4-2,"1,890.90","1,886.61","1,893.17","1,883.79",-,0.29%
2014-4-3,"1,888.77","1,891.43","1,893.80","1,882.65",-,-0.11%
2014-4-4,"1,865.09","1,890.25","1,897.28","1,863.26",-,-1.25%
2014-4-7,"1,845.04","1,863.92","1,864.04","1,841.48",-,-1.08%
2014-4-8,"1,851.96","1,845.48","1,854.95","1,837.49",-,0.38%
2014-4-9,"1,872.18","1,852.64","1,872.43","1,852.38",-,1.09%
2014-4-10,"1,833.08","1,872.28","1,872.53","1,830.87",-,-2.09%
2014-4-11,"1,815.69","1,830.65","1,835.07","1,814.36",-,-0.95%
2014-4-14,"1,830.61","1,818.18","1,834.19","1,815.80",-,0.82%
2014-4-15,"1,842.98","1,831.45","1,844.02","1,816.29",-,0.68%
2014-4-16,"1,862.31","1,846.01","1,862.31","1,846.01",-,1.05%
2014-4-17,"1,864.85","1,861.73","1,869.63","1,856.72",-,0.14%
2014-4-21,"1,871.89","1,865.79","1,871.89","1,863.18",-,0.38%
2014-4-22,"1,879.55","1,872.57","1,884.89","1,872.57",-,0.41%
2014-4-23,"1,875.39","1,879.32","1,879.75","1,873.91",-,-0.22%
2014-4-24,"1,878.61","1,881.97","1,884.06","1,870.24",-,0.17%
2014-4-25,"1,863.40","1,877.72","1,877.72","1,859.70",-,-0.81%
2014-4-28,"1,869.43","1,865.00","1,877.01","1,850.61",-,0.32%
2014-4-29,"1,878.33","1,870.78","1,880.60","1,870.78",-,0.48%
2014-4-30,"1,883.95","1,877.10","1,885.20","1,872.69",-,0.30%
2014-5-1,"1,883.68","1,884.39","1,888.59","1,878.04",-,-0.01%
2014-5-2,"1,881.14","1,885.30","1,891.33","1,878.50",-,-0.13%
2014-5-5,"1,884.66","1,879.45","1,885.51","1,866.77",-,0.19%
2014-5-6,"1,867.72","1,883.69","1,883.69","1,867.72",-,-0.90%
2014-5-7,"1,878.21","1,868.53","1,878.83","1,859.79",-,0.56%
2014-5-8,"1,875.63","1,877.39","1,889.07","1,870.05",-,-0.14%
2014-5-9,"1,878.48","1,875.27","1,878.57","1,867.02",-,0.15%
2014-5-12,"1,896.65","1,880.03","1,897.13","1,880.03",-,0.97%
2014-5-13,"1,897.45","1,896.75","1,902.17","1,896.06",-,0.04%
2014-5-14,"1,888.53","1,897.13","1,897.13","1,885.77",-,-0.47%
2014-5-15,"1,870.85","1,888.16","1,888.16","1,862.36",-,-0.94%
2014-5-16,"1,877.86","1,871.19","1,878.28","1,864.82",-,0.37%
2014-5-19,"1,885.08","1,876.66","1,886.00","1,872.42",-,0.38%
2014-5-20,"1,872.83","1,884.88","1,884.88","1,868.14",-,-0.65%
2014-5-21,"1,888.03","1,873.34","1,888.80","1,873.34",-,0.81%
2014-5-22,"1,892.49","1,888.19","1,896.33","1,885.39",-,0.24%
2014-5-23,"1,900.53","1,893.32","1,901.26","1,893.32",-,0.42%
2014-5-27,"1,911.91","1,902.01","1,912.28","1,902.01",-,0.60%
2014-5-28,"1,909.78","1,911.77","1,914.46","1,907.30",-,-0.11%
2014-5-29,"1,920.03","1,910.60","1,920.03","1,909.82",-,0.54%
2014-5-30,"1,923.57","1,920.33","1,924.03","1,916.64",-,0.18%
2014-6-2,"1,924.97","1,923.87","1,925.88","1,915.98",-,0.07%
2014-6-3,"1,924.24","1,923.07","1,925.07","1,918.79",-,-0.04%
2014-6-4,"1,927.88","1,923.06","1,928.63","1,918.60",-,0.19%
2014-6-5,"1,940.46","1,928.52","1,941.74","1,922.93",-,0.65%
2014-6-6,"1,949.44","1,942.41","1,949.44","1,942.41",-,0.46%
2014-6-9,"1,951.27","1,948.97","1,955.55","1,947.16",-,0.09%
2014-6-10,"1,950.79","1,950.34","1,950.86","1,944.64",-,-0.02%
2014-6-11,"1,943.89","1,949.37","1,949.37","1,940.08",-,-0.35%
2014-6-12,"1,930.11","1,943.35","1,943.35","1,925.78",-,-0.71%
2014-6-13,"1,936.16","1,930.80","1,937.30","1,927.69",-,0.31%
2014-6-16,"1,937.78","1,934.84","1,941.15","1,930.91",-,0.08%
2014-6-17,"1,941.99","1,937.15","1,943.69","1,933.55",-,0.22%
2014-6-18,"1,956.98","1,942.73","1,957.74","1,939.29",-,0.77%
2014-6-19,"1,959.48","1,957.50","1,959.87","1,952.26",-,0.13%
2014-6-20,"1,962.87","1,960.45","1,963.91","1,959.17",-,0.17%
2014-6-23,"1,962.61","1,962.92","1,963.74","1,958.89",-,-0.01%
2014-6-24,"1,949.98","1,961.97","1,968.17","1,948.34",-,-0.64%
2014-6-25,"1,959.53","1,949.27","1,960.83","1,947.49",-,0.49%
2014-6-26,"1,957.22","1,959.89","1,959.89","1,944.69",-,-0.12%
2014-6-27,"1,960.96","1,956.56","1,961.47","1,952.18",-,0.19%
2014-6-30,"1,960.23","1,960.79","1,964.24","1,958.22",-,-0.04%
2014-7-1,"1,973.32","1,962.29","1,978.58","1,962.29",-,0.67%
2014-7-2,"1,974.62","1,973.06","1,976.67","1,972.58",-,0.07%
2014-7-3,"1,985.44","1,975.88","1,985.59","1,975.88",-,0.55%
2014-7-7,"1,977.65","1,984.22","1,984.22","1,974.88",-,-0.39%
2014-7-8,"1,963.71","1,976.39","1,976.39","1,959.46",-,-0.70%
2014-7-9,"1,972.83","1,965.10","1,974.15","1,965.10",-,0.46%
2014-7-10,"1,964.68","1,966.67","1,969.84","1,952.86",-,-0.41%
2014-7-11,"1,967.57","1,965.76","1,968.67","1,959.63",-,0.15%
2014-7-14,"1,977.10","1,969.86","1,979.85","1,969.86",-,0.48%
2014-7-15,"1,973.28","1,977.36","1,982.52","1,965.34",-,-0.19%
2014-7-16,"1,981.57","1,976.35","1,983.94","1,975.67",-,0.42%
2014-7-17,"1,958.12","1,979.75","1,981.80","1,955.59",-,-1.18%
2014-7-18,"1,978.22","1,961.54","1,979.91","1,960.82",-,1.03%
2014-7-21,"1,973.63","1,976.93","1,976.93","1,965.77",-,-0.23%
2014-7-22,"1,983.53","1,975.65","1,986.24","1,975.65",-,0.50%
2014-7-23,"1,987.01","1,985.32","1,989.23","1,982.44",-,0.18%
2014-7-24,"1,987.98","1,988.07","1,991.39","1,985.79",-,0.05%
2014-7-25,"1,978.34","1,984.60","1,984.60","1,974.37",-,-0.48%
2014-7-28,"1,978.91","1,978.25","1,981.52","1,967.31",-,0.03%
2014-7-29,"1,969.95","1,980.03","1,984.85","1,969.95",-,-0.45%
2014-7-30,"1,970.07","1,973.21","1,978.90","1,962.42",-,0.01%
2014-7-31,"1,930.67","1,965.14","1,965.14","1,930.67",-,-2.00%
2014-8-1,"1,925.15","1,929.80","1,937.35","1,916.37",-,-0.29%
2014-8-4,"1,938.99","1,926.62","1,942.92","1,921.20",-,0.72%
2014-8-5,"1,920.21","1,936.34","1,936.34","1,913.77",-,-0.97%
2014-8-6,"1,920.24","1,917.29","1,927.91","1,911.45",-,0.00%
2014-8-7,"1,909.57","1,923.03","1,928.89","1,904.78",-,-0.56%
2014-8-8,"1,931.59","1,910.35","1,932.38","1,909.01",-,1.15%
2014-8-11,"1,936.92","1,933.43","1,944.90","1,933.43",-,0.28%
2014-8-12,"1,933.75","1,935.73","1,939.65","1,928.29",-,-0.16%
2014-8-13,"1,946.72","1,935.60","1,948.41","1,935.60",-,0.67%
2014-8-14,"1,955.18","1,947.41","1,955.23","1,947.41",-,0.43%
2014-8-15,"1,955.06","1,958.87","1,964.04","1,941.50",-,-0.01%
2014-8-18,"1,971.74","1,958.36","1,971.99","1,958.36",-,0.85%
2014-8-19,"1,981.60","1,972.73","1,982.57","1,972.73",-,0.50%
2014-8-20,"1,986.51","1,980.46","1,988.57","1,977.68",-,0.25%
2014-8-21,"1,992.37","1,986.82","1,994.76","1,986.82",-,0.29%
2014-8-22,"1,988.40","1,992.60","1,993.54","1,984.76",-,-0.20%
2014-8-25,"1,997.92","1,991.74","2,001.95","1,991.74",-,0.48%
2014-8-26,"2,000.02","1,998.59","2,005.04","1,998.59",-,0.11%
2014-8-27,"2,000.12","2,000.54","2,002.14","1,996.20",-,0.00%
2014-8-28,"1,996.74","1,997.42","1,998.55","1,990.52",-,-0.17%
2014-8-29,"2,003.37","1,998.45","2,003.38","1,994.65",-,0.33%
2014-9-2,"2,002.28","2,004.07","2,006.12","1,994.85",-,-0.05%
2014-9-3,"2,000.72","2,003.57","2,009.28","1,998.14",-,-0.08%
2014-9-4,"1,997.65","2,001.67","2,011.17","1,992.54",-,-0.15%
2014-9-5,"2,007.71","1,998.00","2,007.71","1,990.10",-,0.50%
2014-9-8,"2,001.54","2,007.17","2,007.17","1,995.60",-,-0.31%
2014-9-9,"1,988.44","2,000.73","2,001.01","1,984.61",-,-0.65%
2014-9-10,"1,995.69","1,988.41","1,996.66","1,982.99",-,0.36%
2014-9-11,"1,997.45","1,992.85","1,997.65","1,985.93",-,0.09%
2014-9-12,"1,985.54","1,996.74","1,996.74","1,980.26",-,-0.60%
2014-9-15,"1,984.13","1,986.04","1,987.18","1,978.48",-,-0.07%
2014-9-16,"1,998.98","1,981.93","2,002.28","1,979.06",-,0.75%
2014-9-17,"2,001.57","1,999.30","2,010.74","1,993.29",-,0.13%
2014-9-18,"2,011.36","2,003.07","2,012.34","2,003.07",-,0.49%
2014-9-19,"2,010.40","2,012.74","2,019.26","2,006.59",-,-0.05%
2014-9-22,"1,994.29","2,009.08","2,009.08","1,991.01",-,-0.80%
2014-9-23,"1,982.77","1,992.78","1,995.41","1,982.77",-,-0.58%
2014-9-24,"1,998.30","1,983.34","1,999.79","1,978.63",-,0.78%
2014-9-25,"1,965.99","1,997.32","1,997.32","1,965.99",-,-1.62%
2014-9-26,"1,982.85","1,966.22","1,986.37","1,966.22",-,0.86%
2014-9-29,"1,977.80","1,978.96","1,981.28","1,964.04",-,-0.25%
2014-9-30,"1,972.29","1,978.21","1,985.17","1,968.96",-,-0.28%
2014-10-1,"1,946.16","1,971.44","1,971.44","1,941.72",-,-1.32%
2014-10-2,"1,946.17","1,945.83","1,952.32","1,926.03",-,0.00%
2014-10-3,"1,967.90","1,948.12","1,971.19","1,948.12",-,1.12%
2014-10-6,"1,964.82","1,970.01","1,977.84","1,958.43",-,-0.16%
2014-10-7,"1,935.10","1,962.36","1,962.36","1,934.87",-,-1.51%
2014-10-8,"1,968.89","1,935.55","1,970.36","1,925.25",-,1.75%
2014-10-9,"1,928.21","1,967.68","1,967.68","1,927.56",-,-2.07%
2014-10-10,"1,906.13","1,925.63","1,936.98","1,906.05",-,-1.15%
2014-10-13,"1,874.74","1,905.65","1,912.09","1,874.14",-,-1.65%
2014-10-14,"1,877.70","1,877.11","1,898.71","1,871.79",-,0.16%
2014-10-15,"1,862.49","1,874.18","1,874.18","1,820.66",-,-0.81%
2014-10-16,"1,862.76","1,855.95","1,876.01","1,835.02",-,0.01%
2014-10-17,"1,886.76","1,864.91","1,898.16","1,864.91",-,1.29%
2014-10-20,"1,904.01","1,885.62","1,905.03","1,882.30",-,0.91%
2014-10-21,"1,941.28","1,909.38","1,942.45","1,909.38",-,1.96%
2014-10-22,"1,927.11","1,941.29","1,949.31","1,926.83",-,-0.73%
2014-10-23,"1,950.82","1,931.02","1,961.95","1,931.02",-,1.23%
2014-10-24,"1,964.58","1,951.59","1,965.27","1,946.27",-,0.71%
2014-10-27,"1,961.63","1,962.97","1,964.64","1,951.37",-,-0.15%
2014-10-28,"1,985.05","1,964.14","1,985.05","1,964.14",-,1.19%
2014-10-29,"1,982.30","1,983.29","1,991.40","1,969.04",-,-0.14%
2014-10-30,"1,994.65","1,979.49","1,999.40","1,974.75",-,0.62%
2014-10-31,"2,018.05","2,001.20","2,018.19","2,001.20",-,1.17%
2014-11-3,"2,017.81","2,018.21","2,024.46","2,013.68",-,-0.01%
2014-11-4,"2,012.10","2,015.81","2,015.98","2,001.01",-,-0.28%
2014-11-5,"2,023.57","2,015.29","2,023.77","2,014.42",-,0.57%
2014-11-6,"2,031.21","2,023.33","2,031.61","2,015.86",-,0.38%
2014-11-7,"2,031.92","2,032.36","2,034.26","2,025.07",-,0.03%
2014-11-10,"2,038.26","2,032.01","2,038.70","2,030.17",-,0.31%
2014-11-11,"2,039.68","2,038.20","2,041.28","2,035.28",-,0.07%
2014-11-12,"2,038.25","2,037.75","2,040.33","2,031.95",-,-0.07%
2014-11-13,"2,039.33","2,039.21","2,046.18","2,030.44",-,0.05%
2014-11-14,"2,039.82","2,039.74","2,042.22","2,035.20",-,0.02%
2014-11-17,"2,041.32","2,038.29","2,043.07","2,034.46",-,0.07%
2014-11-18,"2,051.80","2,041.48","2,056.08","2,041.48",-,0.51%
2014-11-19,"2,048.72","2,051.16","2,052.14","2,040.37",-,-0.15%
2014-11-20,"2,052.75","2,045.87","2,053.84","2,040.49",-,0.20%
2014-11-21,"2,063.50","2,057.46","2,071.46","2,056.75",-,0.52%
2014-11-24,"2,069.41","2,065.07","2,070.17","2,065.07",-,0.29%
2014-11-25,"2,067.03","2,070.15","2,074.21","2,064.75",-,-0.12%
2014-11-26,"2,072.83","2,067.36","2,073.29","2,066.62",-,0.28%
2014-11-28,"2,067.56","2,074.78","2,075.76","2,065.06",-,-0.25%
2014-12-1,"2,053.44","2,065.78","2,065.78","2,049.57",-,-0.68%
2014-12-2,"2,066.55","2,053.77","2,068.77","2,053.77",-,0.64%
2014-12-3,"2,074.33","2,067.45","2,076.28","2,066.65",-,0.38%
2014-12-4,"2,071.92","2,073.64","2,077.34","2,062.34",-,-0.12%
2014-12-5,"2,075.37","2,072.78","2,079.47","2,070.81",-,0.17%
2014-12-8,"2,060.31","2,074.84","2,075.78","2,054.27",-,-0.73%
2014-12-9,"2,059.82","2,056.55","2,060.60","2,034.17",-,-0.02%
2014-12-10,"2,026.14","2,058.86","2,058.86","2,024.26",-,-1.64%
2014-12-11,"2,035.33","2,027.92","2,055.53","2,027.92",-,0.45%
2014-12-12,"2,002.33","2,030.36","2,032.25","2,002.33",-,-1.62%
2014-12-15,"1,989.63","2,005.03","2,018.69","1,982.26",-,-0.63%
2014-12-16,"1,972.74","1,986.71","2,016.89","1,972.56",-,-0.85%
2014-12-17,"2,012.89","1,973.77","2,016.75","1,973.77",-,2.04%
2014-12-18,"2,061.23","2,018.98","2,061.23","2,018.98",-,2.40%
2014-12-19,"2,070.65","2,061.04","2,077.85","2,061.03",-,0.46%
2014-12-22,"2,078.54","2,069.28","2,078.76","2,069.28",-,0.38%
2014-12-23,"2,082.17","2,081.48","2,086.73","2,079.77",-,0.17%
2014-12-24,"2,081.88","2,083.25","2,087.56","2,081.86",-,-0.01%
2014-12-26,"2,088.77","2,084.30","2,092.70","2,084.30",-,0.33%
2014-12-29,"2,090.57","2,087.63","2,093.55","2,085.75",-,0.09%
2014-12-30,"2,080.35","2,088.49","2,088.49","2,079.53",-,-0.49%
2014-12-31,"2,058.90","2,082.11","2,085.58","2,057.94",-,-1.03%
2015-1-2,"2,058.20","2,058.90","2,072.36","2,046.04",-,-0.03%
2015-1-5,"2,020.58","2,054.44","2,054.44","2,017.34",-,-1.83%
2015-1-6,"2,002.61","2,022.15","2,030.25","1,992.44",-,-0.89%
2015-1-7,"2,025.90","2,005.55","2,029.61","2,005.55",-,1.16%
2015-1-8,"2,062.14","2,030.61","2,064.08","2,030.61",-,1.79%
2015-1-9,"2,044.81","2,063.45","2,064.43","2,038.33",-,-0.84%
2015-1-12,"2,028.26","2,046.13","2,049.30","2,022.58",-,-0.81%
2015-1-13,"2,023.03","2,031.58","2,056.93","2,008.25",-,-0.26%
2015-1-14,"2,011.27","2,018.40","2,018.40","1,988.44",-,-0.58%
2015-1-15,"1,992.67","2,013.75","2,021.35","1,991.47",-,-0.92%
2015-1-16,"2,019.42","1,992.25","2,020.46","1,988.12",-,1.34%
2015-1-20,"2,022.55","2,020.76","2,028.94","2,004.49",-,0.15%
2015-1-21,"2,032.12","2,020.19","2,038.29","2,012.04",-,0.47%
2015-1-22,"2,063.15","2,034.30","2,064.62","2,026.38",-,1.53%
2015-1-23,"2,051.82","2,062.98","2,062.98","2,050.54",-,-0.55%
2015-1-26,"2,057.09","2,050.42","2,057.62","2,040.97",-,0.26%
2015-1-27,"2,029.55","2,047.86","2,047.86","2,019.91",-,-1.34%
2015-1-28,"2,002.16","2,032.34","2,042.49","2,001.49",-,-1.35%
2015-1-29,"2,021.25","2,002.45","2,024.64","1,989.18",-,0.95%
2015-1-30,"1,994.99","2,019.35","2,023.32","1,993.38",-,-1.30%
2015-2-2,"2,020.85","1,996.67","2,021.66","1,980.90",-,1.30%
2015-2-3,"2,050.03","2,022.71","2,050.30","2,022.71",-,1.44%
2015-2-4,"2,041.51","2,048.86","2,054.74","2,036.72",-,-0.42%
2015-2-5,"2,062.52","2,043.45","2,063.55","2,043.45",-,1.03%
2015-2-6,"2,055.47","2,062.28","2,072.40","2,049.97",-,-0.34%
2015-2-9,"2,046.74","2,053.47","2,056.16","2,041.88",-,-0.42%
2015-2-10,"2,068.59","2,049.38","2,070.86","2,048.62",-,1.07%
2015-2-11,"2,068.53","2,068.55","2,073.48","2,057.99",-,-0.00%
2015-2-12,"2,088.48","2,069.98","2,088.53","2,069.98",-,0.96%
2015-2-13,"2,096.99","2,088.78","2,097.03","2,086.70",-,0.41%
2015-2-17,"2,100.34","2,096.47","2,101.30","2,089.80",-,0.16%
2015-2-18,"2,099.68","2,099.16","2,100.23","2,092.15",-,-0.03%
2015-2-19,"2,097.45","2,099.25","2,102.13","2,090.79",-,-0.11%
2015-2-20,"2,110.30","2,097.65","2,110.61","2,085.44",-,0.61%
2015-2-23,"2,109.66","2,109.83","2,110.05","2,103.00",-,-0.03%
2015-2-24,"2,115.48","2,109.10","2,117.94","2,105.87",-,0.28%
2015-2-25,"2,113.86","2,115.30","2,119.59","2,109.89",-,-0.08%
2015-2-26,"2,110.74","2,113.91","2,113.91","2,103.76",-,-0.15%
2015-2-27,"2,104.50","2,110.88","2,112.74","2,103.75",-,-0.30%
2015-3-2,"2,117.39","2,105.23","2,117.52","2,104.50",-,0.61%
2015-3-3,"2,107.78","2,115.76","2,115.76","2,098.26",-,-0.45%
2015-3-4,"2,098.53","2,107.72","2,107.72","2,094.49",-,-0.44%
2015-3-5,"2,101.04","2,098.54","2,104.25","2,095.22",-,0.12%
2015-3-6,"2,071.26","2,100.91","2,100.91","2,067.27",-,-1.42%
2015-3-9,"2,079.43","2,072.25","2,083.49","2,072.21",-,0.39%
2015-3-10,"2,044.16","2,076.14","2,076.14","2,044.16",-,-1.70%
2015-3-11,"2,040.24","2,044.69","2,050.08","2,039.69",-,-0.19%
2015-3-12,"2,065.95","2,041.10","2,066.41","2,041.10",-,1.26%
2015-3-13,"2,053.40","2,064.56","2,064.56","2,041.17",-,-0.61%
2015-3-16,"2,081.19","2,055.35","2,081.41","2,055.35",-,1.35%
2015-3-17,"2,074.28","2,080.59","2,080.59","2,065.08",-,-0.33%
2015-3-18,"2,099.50","2,072.84","2,106.85","2,061.23",-,1.22%
2015-3-19,"2,089.27","2,098.69","2,098.69","2,085.56",-,-0.49%
2015-3-20,"2,108.10","2,090.32","2,113.92","2,090.32",-,0.90%
2015-3-23,"2,104.42","2,107.99","2,114.86","2,104.42",-,-0.17%
2015-3-24,"2,091.50","2,103.94","2,107.63","2,091.50",-,-0.61%
2015-3-25,"2,061.05","2,093.10","2,097.43","2,061.05",-,-1.46%
2015-3-26,"2,056.15","2,059.94","2,067.15","2,045.50",-,-0.24%
2015-3-27,"2,061.02","2,055.78","2,062.83","2,052.96",-,0.24%
2015-3-30,"2,086.24","2,064.11","2,088.97","2,064.11",-,1.22%
2015-3-31,"2,067.89","2,084.05","2,084.05","2,067.04",-,-0.88%
2015-4-1,"2,059.69","2,067.63","2,067.63","2,048.38",-,-0.40%
2015-4-2,"2,066.96","2,060.03","2,072.17","2,057.32",-,0.35%
2015-4-6,"2,080.62","2,064.87","2,086.99","2,056.52",-,0.66%
2015-4-7,"2,076.33","2,080.79","2,089.81","2,076.10",-,-0.21%
2015-4-8,"2,081.90","2,076.94","2,086.69","2,073.30",-,0.27%
2015-4-9,"2,091.18","2,081.29","2,093.31","2,074.29",-,0.45%
2015-4-10,"2,102.06","2,091.51","2,102.61","2,091.51",-,0.52%
2015-4-13,"2,092.43","2,102.03","2,107.65","2,092.33",-,-0.46%
2015-4-14,"2,095.84","2,092.28","2,098.62","2,083.24",-,0.16%
2015-4-15,"2,106.63","2,097.82","2,111.91","2,097.82",-,0.51%
2015-4-16,"2,104.99","2,105.96","2,111.30","2,100.02",-,-0.08%
2015-4-17,"2,081.18","2,102.58","2,102.58","2,072.37",-,-1.13%
2015-4-20,"2,100.40","2,084.11","2,103.94","2,084.11",-,0.92%
2015-4-21,"2,097.29","2,102.82","2,109.64","2,094.38",-,-0.15%
2015-4-22,"2,107.96","2,098.27","2,109.98","2,091.05",-,0.51%
2015-4-23,"2,112.93","2,107.21","2,120.49","2,103.19",-,0.24%
2015-4-24,"2,117.69","2,112.80","2,120.92","2,112.80",-,0.23%
2015-4-27,"2,108.92","2,119.29","2,125.92","2,107.04",-,-0.41%
2015-4-28,"2,114.76","2,108.35","2,116.04","2,094.89",-,0.28%
2015-4-29,"2,106.85","2,112.49","2,113.65","2,097.41",-,-0.37%
2015-4-30,"2,085.51","2,105.52","2,105.52","2,077.59",-,-1.01%
2015-5-1,"2,108.29","2,087.38","2,108.41","2,087.38",-,1.09%
2015-5-4,"2,114.49","2,110.23","2,120.95","2,110.23",-,0.29%
2015-5-5,"2,089.46","2,112.63","2,115.24","2,088.46",-,-1.18%
2015-5-6,"2,080.15","2,091.26","2,098.42","2,067.93",-,-0.45%
2015-5-7,"2,088.00","2,079.96","2,092.90","2,074.99",-,0.38%
2015-5-8,"2,116.10","2,092.13","2,117.66","2,092.13",-,1.35%
2015-5-11,"2,105.33","2,115.56","2,117.69","2,104.58",-,-0.51%
2015-5-12,"2,099.12","2,102.87","2,105.06","2,085.57",-,-0.29%
2015-5-13,"2,098.48","2,099.62","2,110.19","2,096.04",-,-0.03%
2015-5-14,"2,121.10","2,100.43","2,121.45","2,100.43",-,1.08%
2015-5-15,"2,122.73","2,122.07","2,123.89","2,116.81",-,0.08%
2015-5-18,"2,129.20","2,121.30","2,131.78","2,120.01",-,0.30%
2015-5-19,"2,127.83","2,129.45","2,133.02","2,124.50",-,-0.06%
2015-5-20,"2,125.85","2,127.79","2,134.72","2,122.59",-,-0.09%
2015-5-21,"2,130.82","2,125.55","2,134.28","2,122.95",-,0.23%
2015-5-22,"2,126.06","2,130.36","2,132.15","2,126.06",-,-0.22%
2015-5-26,"2,104.20","2,125.34","2,125.34","2,099.18",-,-1.03%
2015-5-27,"2,123.48","2,105.13","2,126.22","2,105.13",-,0.92%
2015-5-28,"2,120.79","2,122.27","2,122.27","2,112.86",-,-0.13%
2015-5-29,"2,107.39","2,120.66","2,120.66","2,104.89",-,-0.63%
2015-6-1,"2,111.73","2,108.64","2,119.15","2,102.54",-,0.21%
2015-6-2,"2,109.60","2,110.41","2,117.59","2,099.14",-,-0.10%
2015-6-3,"2,114.07","2,110.64","2,121.92","2,109.61",-,0.21%
2015-6-4,"2,095.84","2,112.35","2,112.89","2,093.23",-,-0.86%
2015-6-5,"2,092.83","2,095.09","2,100.99","2,085.67",-,-0.14%
2015-6-8,"2,079.28","2,092.34","2,093.01","2,079.11",-,-0.65%
2015-6-9,"2,080.15","2,079.07","2,085.62","2,072.14",-,0.04%
2015-6-10,"2,105.20","2,081.12","2,108.50","2,081.12",-,1.20%
2015-6-11,"2,108.86","2,106.24","2,115.02","2,106.24",-,0.17%
2015-6-12,"2,094.11","2,107.43","2,107.43","2,091.33",-,-0.70%
2015-6-15,"2,084.43","2,091.34","2,091.34","2,072.49",-,-0.46%
2015-6-16,"2,096.29","2,084.26","2,097.40","2,082.10",-,0.57%
2015-6-17,"2,100.44","2,097.40","2,106.79","2,088.86",-,0.20%
2015-6-18,"2,121.24","2,101.58","2,126.65","2,101.58",-,0.99%
2015-6-19,"2,109.99","2,121.06","2,121.64","2,109.45",-,-0.53%
2015-6-22,"2,122.85","2,112.50","2,129.87","2,112.50",-,0.61%
2015-6-23,"2,124.20","2,123.16","2,128.03","2,119.89",-,0.06%
2015-6-24,"2,108.58","2,123.65","2,125.10","2,108.58",-,-0.74%
2015-6-25,"2,102.31","2,109.96","2,116.04","2,101.78",-,-0.30%
2015-6-26,"2,101.49","2,102.62","2,108.92","2,095.38",-,-0.04%
2015-6-29,"2,057.64","2,098.63","2,098.63","2,056.64",-,-2.09%
2015-6-30,"2,063.11","2,061.19","2,074.28","2,056.32",-,0.27%
2015-7-1,"2,077.42","2,067.00","2,082.78","2,067.00",-,0.69%
2015-7-2,"2,076.78","2,078.03","2,085.06","2,071.02",-,-0.03%
2015-7-6,"2,068.76","2,073.95","2,078.61","2,058.40",-,-0.39%
2015-7-7,"2,081.34","2,069.52","2,083.74","2,044.02",-,0.61%
2015-7-8,"2,046.68","2,077.66","2,077.66","2,044.66",-,-1.67%
2015-7-9,"2,051.31","2,049.73","2,074.28","2,049.73",-,0.23%
2015-7-10,"2,076.62","2,052.74","2,081.31","2,052.74",-,1.23%
2015-7-13,"2,099.60","2,080.03","2,100.67","2,080.03",-,1.11%
2015-7-14,"2,108.95","2,099.72","2,111.98","2,098.18",-,0.45%
2015-7-15,"2,107.40","2,109.01","2,114.14","2,102.49",-,-0.07%
2015-7-16,"2,124.29","2,110.55","2,124.42","2,110.55",-,0.80%
2015-7-17,"2,126.64","2,126.80","2,128.91","2,119.88",-,0.11%
2015-7-20,"2,128.28","2,126.85","2,132.82","2,123.66",-,0.08%
2015-7-21,"2,119.21","2,127.55","2,128.49","2,115.40",-,-0.43%
2015-7-22,"2,114.15","2,118.21","2,118.51","2,110.00",-,-0.24%
2015-7-23,"2,102.15","2,114.16","2,116.87","2,098.63",-,-0.57%
2015-7-24,"2,079.65","2,102.24","2,106.01","2,077.09",-,-1.07%
2015-7-27,"2,067.64","2,078.19","2,078.19","2,063.52",-,-0.58%
2015-7-28,"2,093.25","2,070.75","2,095.60","2,069.09",-,1.24%
2015-7-29,"2,108.57","2,094.70","2,110.60","2,094.08",-,0.73%
2015-7-30,"2,108.63","2,106.78","2,110.48","2,094.97",-,0.00%
2015-7-31,"2,103.84","2,111.60","2,114.24","2,102.07",-,-0.23%
2015-8-3,"2,098.04","2,104.49","2,105.70","2,087.31",-,-0.28%
2015-8-4,"2,093.32","2,097.68","2,102.51","2,088.60",-,-0.22%
2015-8-5,"2,099.84","2,095.27","2,112.66","2,095.27",-,0.31%
2015-8-6,"2,083.56","2,100.75","2,103.32","2,075.53",-,-0.78%
2015-8-7,"2,077.57","2,082.61","2,082.61","2,067.91",-,-0.29%
2015-8-10,"2,104.18","2,080.98","2,105.35","2,080.98",-,1.28%
2015-8-11,"2,084.07","2,102.66","2,102.66","2,076.49",-,-0.96%
2015-8-12,"2,086.05","2,081.10","2,089.06","2,052.09",-,0.10%
2015-8-13,"2,083.39","2,086.19","2,092.93","2,078.26",-,-0.13%
2015-8-14,"2,091.54","2,083.15","2,092.45","2,080.61",-,0.39%
2015-8-17,"2,102.44","2,089.70","2,102.87","2,079.30",-,0.52%
2015-8-18,"2,096.92","2,101.99","2,103.47","2,094.14",-,-0.26%
2015-8-19,"2,079.61","2,095.69","2,096.17","2,070.53",-,-0.83%
2015-8-20,"2,035.73","2,076.61","2,076.61","2,035.73",-,-2.11%
2015-8-21,"1,970.89","2,034.08","2,034.08","1,970.89",-,-3.19%
2015-8-24,"1,893.21","1,965.15","1,965.15","1,867.01",-,-3.94%
2015-8-25,"1,867.61","1,898.08","1,948.04","1,867.08",-,-1.35%
2015-8-26,"1,940.51","1,872.75","1,943.09","1,872.75",-,3.90%
2015-8-27,"1,987.66","1,942.77","1,989.60","1,942.77",-,2.43%
2015-8-28,"1,988.87","1,986.06","1,993.48","1,975.19",-,0.06%
2015-8-31,"1,972.18","1,986.73","1,986.73","1,965.98",-,-0.84%
2015-9-1,"1,913.85","1,970.09","1,970.09","1,903.07",-,-2.96%
2015-9-2,"1,948.86","1,916.52","1,948.91","1,916.52",-,1.83%
2015-9-3,"1,951.13","1,950.79","1,975.01","1,944.72",-,0.12%
2015-9-4,"1,921.22","1,947.76","1,947.76","1,911.21",-,-1.53%
2015-9-8,"1,969.41","1,927.30","1,970.42","1,927.30",-,2.51%
2015-9-9,"1,942.04","1,971.45","1,988.63","1,937.88",-,-1.39%
2015-9-10,"1,952.29","1,941.59","1,965.29","1,937.19",-,0.53%
2015-9-11,"1,961.05","1,951.45","1,961.05","1,939.19",-,0.45%
2015-9-14,"1,953.03","1,963.06","1,963.06","1,948.27",-,-0.41%
2015-9-15,"1,978.09","1,955.10","1,983.19","1,954.30",-,1.28%
2015-9-16,"1,995.31","1,978.02","1,997.26","1,977.93",-,0.87%
2015-9-17,"1,990.20","1,995.33","2,020.86","1,986.73",-,-0.26%
2015-9-18,"1,958.03","1,989.66","1,989.66","1,953.45",-,-1.62%
2015-9-21,"1,966.97","1,960.84","1,979.64","1,955.80",-,0.46%
2015-9-22,"1,942.74","1,961.39","1,961.39","1,929.22",-,-1.23%
2015-9-23,"1,938.76","1,943.24","1,949.52","1,932.57",-,-0.20%
2015-9-24,"1,932.24","1,934.81","1,937.17","1,908.92",-,-0.34%
2015-9-25,"1,931.34","1,935.93","1,952.89","1,921.50",-,-0.05%
2015-9-28,"1,881.77","1,929.18","1,929.18","1,879.21",-,-2.57%
2015-9-29,"1,884.09","1,881.90","1,899.48","1,871.91",-,0.12%
2015-9-30,"1,920.03","1,887.14","1,920.53","1,887.14",-,1.91%
2015-10-1,"1,923.82","1,919.65","1,927.21","1,900.70",-,0.20%
2015-10-2,"1,951.36","1,921.77","1,951.36","1,893.70",-,1.43%
2015-10-5,"1,987.05","1,954.33","1,989.17","1,954.33",-,1.83%
2015-10-6,"1,979.92","1,986.63","1,991.62","1,971.99",-,-0.36%
2015-10-7,"1,995.83","1,982.34","1,999.31","1,976.44",-,0.80%
2015-10-8,"2,013.43","1,994.01","2,016.50","1,987.53",-,0.88%
2015-10-9,"2,014.89","2,013.73","2,020.13","2,007.61",-,0.07%
2015-10-12,"2,017.46","2,015.65","2,018.66","2,010.55",-,0.13%
2015-10-13,"2,003.69","2,015.00","2,022.34","2,001.78",-,-0.68%
2015-10-14,"1,994.24","2,003.66","2,009.56","1,990.73",-,-0.47%
2015-10-15,"2,023.86","1,996.47","2,024.15","1,996.47",-,1.49%
2015-10-16,"2,033.11","2,024.37","2,033.54","2,020.46",-,0.46%
2015-10-19,"2,033.66","2,031.73","2,034.45","2,022.31",-,0.03%
2015-10-20,"2,030.77","2,033.13","2,039.12","2,026.61",-,-0.14%
2015-10-21,"2,018.94","2,033.47","2,037.97","2,017.22",-,-0.58%
2015-10-22,"2,052.51","2,021.88","2,055.20","2,021.88",-,1.66%
2015-10-23,"2,075.15","2,058.19","2,079.74","2,058.19",-,1.10%
2015-10-26,"2,071.18","2,075.08","2,075.14","2,066.53",-,-0.19%
2015-10-27,"2,065.89","2,068.75","2,070.37","2,058.84",-,-0.26%
2015-10-28,"2,090.35","2,066.48","2,090.35","2,063.11",-,1.18%
2015-10-29,"2,089.41","2,088.35","2,092.52","2,082.63",-,-0.04%
2015-10-30,"2,079.36","2,090.00","2,094.32","2,079.34",-,-0.48%
2015-11-2,"2,104.05","2,080.76","2,106.20","2,080.76",-,1.19%
2015-11-3,"2,109.79","2,102.63","2,116.48","2,097.51",-,0.27%
2015-11-4,"2,102.31","2,110.60","2,114.59","2,096.98",-,-0.35%
2015-11-5,"2,099.93","2,101.68","2,108.78","2,090.41",-,-0.11%
2015-11-6,"2,099.20","2,098.60","2,101.91","2,083.74",-,-0.03%
2015-11-9,"2,078.58","2,096.56","2,096.56","2,068.24",-,-0.98%
2015-11-10,"2,081.72","2,077.19","2,083.67","2,069.91",-,0.15%
2015-11-11,"2,075.00","2,083.41","2,086.94","2,074.85",-,-0.32%
2015-11-12,"2,045.97","2,072.29","2,072.29","2,045.66",-,-1.40%
2015-11-13,"2,023.04","2,044.64","2,044.64","2,022.02",-,-1.12%
2015-11-16,"2,053.19","2,022.08","2,053.22","2,019.39",-,1.49%
2015-11-17,"2,050.44","2,053.67","2,066.69","2,045.90",-,-0.13%
2015-11-18,"2,083.58","2,051.99","2,085.31","2,051.99",-,1.62%
2015-11-19,"2,081.24","2,083.70","2,086.74","2,078.76",-,-0.11%
2015-11-20,"2,089.17","2,082.82","2,097.06","2,082.82",-,0.38%
2015-11-23,"2,086.59","2,089.41","2,095.61","2,081.39",-,-0.12%
2015-11-24,"2,089.14","2,084.42","2,094.12","2,070.29",-,0.12%
2015-11-25,"2,088.87","2,089.30","2,093.00","2,086.30",-,-0.01%
2015-11-27,"2,090.11","2,088.82","2,093.29","2,084.13",-,0.06%
2015-11-30,"2,080.41","2,090.95","2,093.81","2,080.41",-,-0.46%
2015-12-1,"2,102.63","2,082.93","2,103.37","2,082.93",-,1.07%
2015-12-2,"2,079.51","2,101.71","2,104.27","2,077.11",-,-1.10%
2015-12-3,"2,049.62","2,080.71","2,085.00","2,042.35",-,-1.44%
2015-12-4,"2,091.69","2,051.24","2,093.84","2,051.24",-,2.05%
2015-12-7,"2,077.07","2,090.42","2,090.42","2,066.78",-,-0.70%
2015-12-8,"2,063.59","2,073.39","2,073.85","2,052.32",-,-0.65%
2015-12-9,"2,047.62","2,061.17","2,080.33","2,036.53",-,-0.77%
2015-12-10,"2,052.23","2,047.93","2,067.65","2,045.67",-,0.23%
2015-12-11,"2,012.37","2,047.27","2,047.27","2,008.80",-,-1.94%
2015-12-14,"2,021.94","2,013.37","2,022.92","1,993.26",-,0.48%
2015-12-15,"2,043.41","2,025.55","2,053.87","2,025.55",-,1.06%
2015-12-16,"2,073.07","2,046.50","2,076.72","2,042.43",-,1.45%
2015-12-17,"2,041.89","2,073.76","2,076.37","2,041.66",-,-1.50%
2015-12-18,"2,005.55","2,040.81","2,040.81","2,005.33",-,-1.78%
2015-12-21,"2,021.15","2,010.27","2,022.90","2,005.93",-,0.78%
2015-12-22,"2,038.97","2,023.15","2,042.74","2,020.49",-,0.88%
2015-12-23,"2,064.29","2,042.20","2,064.73","2,042.20",-,1.24%
2015-12-24,"2,060.99","2,063.52","2,067.36","2,058.73",-,-0.16%
2015-12-28,"2,056.50","2,057.77","2,057.77","2,044.20",-,-0.22%
2015-12-29,"2,078.36","2,060.54","2,081.56","2,060.54",-,1.06%
2015-12-30,"2,063.36","2,077.34","2,077.34","2,061.97",-,-0.72%
2015-12-31,"2,043.94","2,060.59","2,062.54","2,043.62",-,-0.94%
2016-1-4,"2,012.66","2,038.20","2,038.20","1,989.68",-,-1.53%
2016-1-5,"2,016.71","2,013.78","2,021.94","2,004.17",-,0.20%
2016-1-6,"1,990.26","2,011.71","2,011.71","1,979.05",-,-1.31%
2016-1-7,"1,943.09","1,985.32","1,985.32","1,938.83",-,-2.37%
2016-1-8,"1,922.03","1,945.97","1,960.40","1,918.46",-,-1.08%
2016-1-11,"1,923.67","1,926.12","1,935.65","1,901.10",-,0.09%
2016-1-12,"1,938.68","1,927.83","1,947.38","1,914.35",-,0.78%
2016-1-13,"1,890.28","1,940.34","1,950.33","1,886.41",-,-2.50%
2016-1-14,"1,921.84","1,891.68","1,934.47","1,878.93",-,1.67%
2016-1-15,"1,880.33","1,916.68","1,916.68","1,857.83",-,-2.16%
2016-1-19,"1,881.33","1,888.66","1,901.44","1,864.60",-,0.05%
2016-1-20,"1,859.33","1,876.18","1,876.18","1,812.29",-,-1.17%
2016-1-21,"1,868.99","1,861.46","1,889.85","1,848.98",-,0.52%
2016-1-22,"1,906.90","1,877.40","1,908.85","1,877.40",-,2.03%
2016-1-25,"1,877.08","1,906.28","1,906.28","1,875.97",-,-1.56%
2016-1-26,"1,903.63","1,878.79","1,906.73","1,878.79",-,1.41%
2016-1-27,"1,882.95","1,902.52","1,916.99","1,872.70",-,-1.09%
2016-1-28,"1,893.36","1,885.22","1,902.96","1,873.65",-,0.55%
2016-1-29,"1,940.24","1,894.00","1,940.24","1,894.00",-,2.48%
2016-2-1,"1,939.38","1,936.94","1,947.20","1,920.30",-,-0.04%
2016-2-2,"1,903.03","1,935.26","1,935.26","1,897.29",-,-1.87%
2016-2-3,"1,912.53","1,907.07","1,918.01","1,872.23",-,0.50%
2016-2-4,"1,915.45","1,911.67","1,927.35","1,900.52",-,0.15%
2016-2-5,"1,880.05","1,913.07","1,913.07","1,872.65",-,-1.85%
2016-2-8,"1,853.44","1,873.25","1,873.25","1,828.46",-,-1.42%
2016-2-9,"1,852.21","1,848.46","1,868.25","1,834.94",-,-0.07%
2016-2-10,"1,851.86","1,857.10","1,881.60","1,850.32",-,-0.02%
2016-2-11,"1,829.08","1,847.00","1,847.00","1,810.10",-,-1.23%
2016-2-12,"1,864.78","1,833.40","1,864.78","1,833.40",-,1.95%
2016-2-16,"1,895.58","1,871.44","1,895.77","1,871.44",-,1.65%
2016-2-17,"1,926.82","1,898.80","1,930.68","1,898.80",-,1.65%
2016-2-18,"1,917.83","1,927.57","1,930.00","1,915.09",-,-0.47%
2016-2-19,"1,917.78","1,916.74","1,918.78","1,902.17",-,-0.00%
2016-2-22,"1,945.50","1,924.44","1,946.70","1,924.44",-,1.45%
2016-2-23,"1,921.27","1,942.38","1,942.38","1,919.44",-,-1.25%
2016-2-24,"1,929.80","1,917.56","1,932.08","1,891.00",-,0.44%
2016-2-25,"1,951.70","1,931.87","1,951.83","1,925.41",-,1.13%
2016-2-26,"1,948.05","1,954.95","1,962.96","1,945.78",-,-0.19%
2016-2-29,"1,932.23","1,947.13","1,958.27","1,931.81",-,-0.81%
2016-3-1,"1,978.35","1,937.09","1,978.35","1,937.09",-,2.39%
2016-3-2,"1,986.45","1,976.60","1,986.51","1,968.80",-,0.41%
2016-3-3,"1,993.40","1,985.60","1,993.69","1,977.37",-,0.35%
2016-3-4,"1,999.99","1,994.01","2,009.13","1,986.77",-,0.33%
2016-3-7,"2,001.76","1,996.11","2,006.12","1,989.38",-,0.09%
2016-3-8,"1,979.26","1,996.88","1,996.88","1,977.43",-,-1.12%
2016-3-9,"1,989.26","1,981.44","1,992.69","1,979.84",-,0.51%
2016-3-10,"1,989.57","1,990.97","2,005.08","1,969.25",-,0.02%
2016-3-11,"2,022.19","1,994.71","2,022.37","1,994.71",-,1.64%
2016-3-14,"2,019.64","2,019.27","2,024.57","2,012.05",-,-0.13%
2016-3-15,"2,015.93","2,015.27","2,015.94","2,005.23",-,-0.18%
2016-3-16,"2,027.22","2,014.24","2,032.02","2,010.04",-,0.56%
2016-3-17,"2,040.59","2,026.90","2,046.24","2,022.16",-,0.66%
2016-3-18,"2,049.58","2,041.16","2,052.36","2,041.16",-,0.44%
2016-3-21,"2,051.60","2,047.88","2,053.91","2,043.14",-,0.10%
2016-3-22,"2,049.80","2,048.64","2,056.60","2,040.57",-,-0.09%
2016-3-23,"2,036.71","2,048.55","2,048.55","2,034.86",-,-0.64%
2016-3-24,"2,035.94","2,032.48","2,036.04","2,022.49",-,-0.04%
2016-3-28,"2,037.05","2,037.89","2,042.67","2,031.96",-,0.05%
2016-3-29,"2,055.01","2,035.75","2,055.91","2,028.31",-,0.88%
2016-3-30,"2,063.95","2,058.27","2,072.21","2,058.27",-,0.44%
2016-3-31,"2,059.74","2,063.77","2,067.92","2,057.46",-,-0.20%
2016-4-1,"2,072.78","2,056.62","2,075.07","2,043.98",-,0.63%
2016-4-4,"2,066.13","2,073.19","2,074.02","2,062.57",-,-0.32%
2016-4-5,"2,045.17","2,062.50","2,062.50","2,042.56",-,-1.01%
2016-4-6,"2,066.66","2,045.56","2,067.33","2,043.09",-,1.05%
2016-4-7,"2,041.91","2,063.01","2,063.01","2,033.80",-,-1.20%
2016-4-8,"2,047.60","2,045.54","2,060.63","2,041.69",-,0.28%
2016-4-11,"2,041.99","2,050.23","2,062.93","2,041.88",-,-0.27%
2016-4-12,"2,061.72","2,043.72","2,065.05","2,039.74",-,0.97%
2016-4-13,"2,082.42","2,065.92","2,083.18","2,065.92",-,1.00%
2016-4-14,"2,082.78","2,082.89","2,087.84","2,078.13",-,0.02%
2016-4-15,"2,080.73","2,083.10","2,083.22","2,076.31",-,-0.10%
2016-4-18,"2,094.34","2,078.83","2,094.66","2,073.65",-,0.65%
2016-4-19,"2,100.80","2,096.05","2,104.05","2,091.68",-,0.31%
2016-4-20,"2,102.40","2,101.52","2,111.05","2,096.32",-,0.08%
2016-4-21,"2,091.48","2,102.09","2,103.78","2,088.52",-,-0.52%
2016-4-22,"2,091.58","2,091.49","2,094.32","2,081.20",-,0.00%
2016-4-25,"2,087.79","2,089.37","2,089.37","2,077.52",-,-0.18%
2016-4-26,"2,091.70","2,089.84","2,096.87","2,085.80",-,0.19%
2016-4-27,"2,095.15","2,092.33","2,099.89","2,082.31",-,0.16%
2016-4-28,"2,075.81","2,090.93","2,099.30","2,071.62",-,-0.92%
2016-4-29,"2,065.30","2,071.82","2,073.85","2,052.28",-,-0.51%
2016-5-2,"2,081.43","2,067.17","2,083.42","2,066.11",-,0.78%
2016-5-3,"2,063.37","2,077.18","2,077.18","2,054.89",-,-0.87%
2016-5-4,"2,051.12","2,060.30","2,060.30","2,045.55",-,-0.59%
2016-5-5,"2,050.63","2,052.95","2,060.23","2,045.77",-,-0.02%
2016-5-6,"2,057.14","2,047.77","2,057.72","2,039.45",-,0.32%
2016-5-9,"2,058.69","2,057.55","2,064.15","2,054.31",-,0.08%
2016-5-10,"2,084.39","2,062.63","2,084.87","2,062.63",-,1.25%
2016-5-11,"2,064.46","2,083.29","2,083.29","2,064.46",-,-0.96%
2016-5-12,"2,064.11","2,067.17","2,073.99","2,053.13",-,-0.02%
2016-5-13,"2,046.61","2,062.50","2,066.79","2,043.13",-,-0.85%
2016-5-16,"2,066.66","2,046.53","2,071.88","2,046.53",-,0.98%
2016-5-17,"2,047.21","2,065.04","2,065.69","2,040.82",-,-0.94%
2016-5-18,"2,047.63","2,044.38","2,060.61","2,034.49",-,0.02%
2016-5-19,"2,040.04","2,044.21","2,044.21","2,025.91",-,-0.37%
2016-5-20,"2,052.32","2,041.88","2,058.35","2,041.88",-,0.60%
2016-5-23,"2,048.04","2,052.23","2,055.58","2,047.26",-,-0.21%
2016-5-24,"2,076.06","2,052.65","2,079.67","2,052.65",-,1.37%
2016-5-25,"2,090.54","2,078.93","2,094.73","2,078.93",-,0.70%
2016-5-26,"2,090.10","2,091.44","2,094.30","2,087.08",-,-0.02%
2016-5-27,"2,099.06","2,090.06","2,099.06","2,090.06",-,0.43%
2016-5-31,"2,096.95","2,100.13","2,103.48","2,088.66",-,-0.10%
2016-6-1,"2,099.33","2,093.94","2,100.97","2,085.10",-,0.11%
2016-6-2,"2,105.26","2,097.71","2,105.26","2,088.59",-,0.28%
2016-6-3,"2,099.13","2,104.07","2,104.07","2,085.36",-,-0.29%
2016-6-6,"2,109.41","2,100.83","2,113.36","2,100.83",-,0.49%
2016-6-7,"2,112.13","2,110.18","2,119.22","2,110.18",-,0.13%
2016-6-8,"2,119.12","2,112.71","2,120.55","2,112.71",-,0.33%
2016-6-9,"2,115.48","2,115.65","2,117.64","2,107.73",-,-0.17%
2016-6-10,"2,096.07","2,109.57","2,109.57","2,089.96",-,-0.92%
2016-6-13,"2,079.06","2,091.75","2,098.12","2,078.46",-,-0.81%
2016-6-14,"2,075.32","2,076.65","2,081.30","2,064.10",-,-0.18%
2016-6-15,"2,071.50","2,077.60","2,085.65","2,069.80",-,-0.18%
2016-6-16,"2,077.99","2,066.36","2,079.62","2,050.37",-,0.31%
2016-6-17,"2,071.22","2,078.20","2,078.20","2,062.84",-,-0.33%
2016-6-20,"2,083.25","2,075.58","2,100.66","2,075.58",-,0.58%
2016-6-21,"2,088.90","2,085.19","2,093.66","2,083.02",-,0.27%
2016-6-22,"2,085.45","2,089.75","2,099.71","2,084.36",-,-0.17%
2016-6-23,"2,113.32","2,092.80","2,113.32","2,092.80",-,1.34%
2016-6-24,"2,037.41","2,103.81","2,103.81","2,032.57",-,-3.59%
2016-6-27,"2,000.54","2,031.45","2,031.45","1,991.68",-,-1.81%
2016-6-28,"2,036.09","2,006.67","2,036.09","2,006.67",-,1.78%
2016-6-29,"2,070.77","2,042.69","2,073.13","2,042.69",-,1.70%
2016-6-30,"2,098.86","2,073.17","2,098.94","2,070.00",-,1.36%
2016-7-1,"2,102.95","2,099.34","2,108.71","2,097.90",-,0.19%
2016-7-5,"2,088.55","2,095.05","2,095.05","2,080.86",-,-0.68%
2016-7-6,"2,099.73","2,084.43","2,100.72","2,074.02",-,0.54%
2016-7-7,"2,097.90","2,100.42","2,109.08","2,089.39",-,-0.09%
2016-7-8,"2,129.90","2,106.97","2,131.71","2,106.97",-,1.53%
2016-7-11,"2,137.16","2,131.72","2,143.16","2,131.72",-,0.34%
2016-7-12,"2,152.14","2,139.50","2,155.40","2,139.50",-,0.70%
2016-7-13,"2,152.43","2,153.81","2,156.45","2,146.21",-,0.01%
2016-7-14,"2,163.75","2,157.88","2,168.99","2,157.88",-,0.53%
2016-7-15,"2,161.74","2,165.13","2,169.05","2,155.79",-,-0.09%
2016-7-18,"2,166.89","2,162.04","2,168.35","2,159.63",-,0.24%
2016-7-19,"2,163.78","2,163.79","2,164.63","2,159.01",-,-0.14%
2016-7-20,"2,173.02","2,166.10","2,175.63","2,164.89",-,0.43%
2016-7-21,"2,165.17","2,172.91","2,174.56","2,159.75",-,-0.36%
2016-7-22,"2,175.03","2,166.47","2,175.11","2,163.24",-,0.46%
2016-7-25,"2,168.48","2,173.71","2,173.71","2,161.95",-,-0.30%
2016-7-26,"2,169.18","2,168.97","2,173.54","2,160.18",-,0.03%
2016-7-27,"2,166.58","2,169.81","2,174.98","2,159.07",-,-0.12%
2016-7-28,"2,170.06","2,166.05","2,172.85","2,159.74",-,0.16%
2016-7-29,"2,173.60","2,168.83","2,177.09","2,163.49",-,0.16%
2016-8-1,"2,170.84","2,173.15","2,178.29","2,166.21",-,-0.13%
2016-8-2,"2,157.03","2,169.94","2,170.20","2,147.58",-,-0.64%
2016-8-3,"2,163.79","2,156.81","2,163.79","2,152.56",-,0.31%
2016-8-4,"2,164.25","2,163.51","2,168.19","2,159.07",-,0.02%
2016-8-5,"2,182.87","2,168.79","2,182.87","2,168.79",-,0.86%
2016-8-8,"2,180.89","2,183.76","2,185.44","2,177.85",-,-0.09%
2016-8-9,"2,181.74","2,182.24","2,187.66","2,178.61",-,0.04%
2016-8-10,"2,175.49","2,182.81","2,183.41","2,172.00",-,-0.29%
2016-8-11,"2,185.79","2,177.97","2,188.45","2,177.97",-,0.47%
2016-8-12,"2,184.05","2,183.74","2,186.28","2,179.42",-,-0.08%
2016-8-15,"2,190.15","2,186.08","2,193.81","2,186.08",-,0.28%
2016-8-16,"2,178.15","2,186.24","2,186.24","2,178.14",-,-0.55%
2016-8-17,"2,182.22","2,177.84","2,183.08","2,168.50",-,0.19%
2016-8-18,"2,187.02","2,181.90","2,187.03","2,180.46",-,0.22%
2016-8-19,"2,183.87","2,184.24","2,185.00","2,175.13",-,-0.14%
2016-8-22,"2,182.64","2,181.58","2,185.15","2,175.96",-,-0.06%
2016-8-23,"2,186.90","2,187.81","2,193.42","2,186.80",-,0.20%
2016-8-24,"2,175.44","2,185.09","2,186.66","2,171.25",-,-0.52%
2016-8-25,"2,172.47","2,173.29","2,179.00","2,169.74",-,-0.14%
2016-8-26,"2,169.04","2,175.10","2,187.94","2,160.39",-,-0.16%
2016-8-29,"2,180.38","2,170.19","2,183.48","2,170.19",-,0.52%
2016-8-30,"2,176.12","2,179.45","2,182.27","2,170.41",-,-0.20%
2016-8-31,"2,170.95","2,173.56","2,173.79","2,161.35",-,-0.24%
2016-9-1,"2,170.86","2,171.33","2,173.56","2,157.09",-,-0.00%
2016-9-2,"2,179.98","2,177.49","2,184.87","2,173.59",-,0.42%
2016-9-6,"2,186.48","2,181.61","2,186.57","2,175.10",-,0.30%
2016-9-7,"2,186.16","2,185.17","2,187.87","2,179.07",-,-0.01%
2016-9-8,"2,181.30","2,182.76","2,184.94","2,177.49",-,-0.22%
2016-9-9,"2,127.81","2,169.08","2,169.08","2,127.81",-,-2.45%
2016-9-12,"2,159.04","2,120.86","2,163.30","2,119.12",-,1.47%
2016-9-13,"2,127.02","2,150.47","2,150.47","2,120.27",-,-1.48%
2016-9-14,"2,125.77","2,127.86","2,141.33","2,119.90",-,-0.06%
2016-9-15,"2,147.26","2,125.36","2,151.31","2,122.36",-,1.01%
2016-9-16,"2,139.16","2,146.48","2,146.48","2,131.20",-,-0.38%
2016-9-19,"2,139.12","2,143.99","2,153.61","2,135.91",-,-0.00%
2016-9-20,"2,139.76","2,145.94","2,150.80","2,139.17",-,0.03%
2016-9-21,"2,163.12","2,144.58","2,165.11","2,139.57",-,1.09%
2016-9-22,"2,177.18","2,170.94","2,179.99","2,170.94",-,0.65%
2016-9-23,"2,164.69","2,173.29","2,173.75","2,163.97",-,-0.57%
2016-9-26,"2,146.10","2,158.54","2,158.54","2,145.04",-,-0.86%
2016-9-27,"2,159.93","2,146.04","2,161.13","2,141.55",-,0.64%
2016-9-28,"2,171.37","2,161.85","2,172.40","2,151.79",-,0.53%
2016-9-29,"2,151.13","2,168.90","2,172.67","2,145.20",-,-0.93%
2016-9-30,"2,168.27","2,156.51","2,175.30","2,156.51",-,0.80%
2016-10-3,"2,161.20","2,164.33","2,164.41","2,154.77",-,-0.33%
2016-10-4,"2,150.49","2,163.37","2,165.46","2,144.01",-,-0.50%
2016-10-5,"2,159.73","2,155.15","2,163.95","2,155.15",-,0.43%
2016-10-6,"2,160.77","2,158.22","2,162.93","2,150.28",-,0.05%
2016-10-7,"2,153.74","2,164.19","2,165.86","2,144.85",-,-0.33%
2016-10-10,"2,163.66","2,160.39","2,169.60","2,160.39",-,0.46%
2016-10-11,"2,136.73","2,161.35","2,161.56","2,128.84",-,-1.24%
2016-10-12,"2,139.18","2,137.67","2,145.36","2,132.77",-,0.11%
2016-10-13,"2,132.55","2,130.26","2,138.19","2,114.72",-,-0.31%
2016-10-14,"2,132.98","2,139.68","2,149.19","2,132.98",-,0.02%
2016-10-17,"2,126.50","2,132.95","2,135.61","2,124.43",-,-0.30%
2016-10-18,"2,139.60","2,138.31","2,144.38","2,135.49",-,0.62%
2016-10-19,"2,144.29","2,140.81","2,148.44","2,138.15",-,0.22%
2016-10-20,"2,141.34","2,142.51","2,147.18","2,133.44",-,-0.14%
2016-10-21,"2,141.16","2,139.43","2,142.63","2,130.09",-,-0.01%
2016-10-24,"2,151.33","2,148.50","2,154.79","2,146.91",-,0.47%
2016-10-25,"2,143.16","2,149.72","2,151.44","2,141.93",-,-0.38%
2016-10-26,"2,139.43","2,136.97","2,145.73","2,131.59",-,-0.17%
2016-10-27,"2,133.04","2,144.06","2,147.13","2,132.52",-,-0.30%
2016-10-28,"2,126.41","2,132.23","2,140.72","2,119.36",-,-0.31%
2016-10-31,"2,126.15","2,129.78","2,133.25","2,125.53",-,-0.01%
2016-11-1,"2,111.72","2,128.68","2,131.45","2,097.85",-,-0.68%
2016-11-2,"2,097.94","2,109.43","2,111.76","2,094.00",-,-0.65%
2016-11-3,"2,088.66","2,098.80","2,102.56","2,085.23",-,-0.44%
2016-11-4,"2,085.18","2,083.79","2,099.07","2,083.79",-,-0.17%
2016-11-7,"2,131.52","2,100.59","2,132.00","2,100.59",-,2.22%
2016-11-8,"2,139.56","2,129.92","2,146.87","2,123.56",-,0.38%
2016-11-9,"2,163.26","2,131.56","2,170.10","2,125.35",-,1.11%
2016-11-10,"2,167.48","2,167.49","2,182.30","2,151.17",-,0.20%
2016-11-11,"2,164.45","2,162.71","2,165.92","2,152.49",-,-0.14%
2016-11-14,"2,164.20","2,165.64","2,171.36","2,156.08",-,-0.01%
2016-11-15,"2,180.39","2,168.29","2,180.84","2,166.38",-,0.75%
2016-11-16,"2,176.94","2,177.53","2,179.22","2,172.20",-,-0.16%
2016-11-17,"2,187.12","2,178.61","2,188.06","2,176.65",-,0.47%
2016-11-18,"2,181.90","2,186.85","2,189.89","2,180.38",-,-0.24%
2016-11-21,"2,198.18","2,186.43","2,198.70","2,186.43",-,0.75%
2016-11-22,"2,202.94","2,201.56","2,204.80","2,194.51",-,0.22%
2016-11-23,"2,204.72","2,198.55","2,204.72","2,194.51",-,0.08%
2016-11-25,"2,213.35","2,206.27","2,213.35","2,206.27",-,0.39%
2016-11-28,"2,201.72","2,210.21","2,211.14","2,200.36",-,-0.53%
2016-11-29,"2,204.66","2,200.76","2,210.46","2,198.15",-,0.13%
2016-11-30,"2,198.81","2,204.97","2,214.10","2,198.81",-,-0.27%
2016-12-1,"2,191.08","2,200.17","2,202.60","2,187.44",-,-0.35%
2016-12-2,"2,191.95","2,191.12","2,197.95","2,188.37",-,0.04%
2016-12-5,"2,204.71","2,200.65","2,209.42","2,199.97",-,0.58%
2016-12-6,"2,212.23","2,207.26","2,212.78","2,202.21",-,0.34%
2016-12-7,"2,241.35","2,210.72","2,241.63","2,208.93",-,1.32%
2016-12-8,"2,246.19","2,241.13","2,251.69","2,237.57",-,0.22%
2016-12-9,"2,259.53","2,249.73","2,259.80","2,249.23",-,0.59%
2016-12-12,"2,256.96","2,258.83","2,264.03","2,252.37",-,-0.11%
2016-12-13,"2,271.72","2,263.32","2,277.53","2,263.32",-,0.65%
2016-12-14,"2,253.28","2,268.35","2,276.20","2,248.44",-,-0.81%
2016-12-15,"2,262.03","2,253.77","2,272.12","2,253.77",-,0.39%
2016-12-16,"2,258.07","2,266.81","2,268.05","2,254.24",-,-0.18%
2016-12-19,"2,262.53","2,259.24","2,267.47","2,258.21",-,0.20%
2016-12-20,"2,270.76","2,266.50","2,272.56","2,266.14",-,0.36%
2016-12-21,"2,265.18","2,270.54","2,271.23","2,265.15",-,-0.25%
2016-12-22,"2,260.96","2,262.93","2,263.18","2,256.08",-,-0.19%
2016-12-23,"2,263.79","2,260.25","2,263.79","2,258.84",-,0.13%
2016-12-27,"2,268.88","2,266.23","2,273.82","2,266.15",-,0.22%
2016-12-28,"2,249.92","2,270.23","2,271.31","2,249.11",-,-0.84%
2016-12-29,"2,249.26","2,249.50","2,254.51","2,244.56",-,-0.03%
2016-12-30,"2,238.83","2,251.61","2,253.58","2,233.62",-,-0.46%
2017-1-3,"2,257.83","2,251.57","2,263.88","2,245.13",-,0.85%
2017-1-4,"2,270.75","2,261.60","2,272.82","2,261.60",-,0.57%
2017-1-5,"2,269.00","2,268.18","2,271.50","2,260.45",-,-0.08%
2017-1-6,"2,276.98","2,271.14","2,282.10","2,264.06",-,0.35%
2017-1-9,"2,268.90","2,273.59","2,275.49","2,268.90",-,-0.35%
2017-1-10,"2,268.90","2,269.72","2,279.27","2,265.27",-,0.00%
2017-1-11,"2,275.32","2,268.60","2,275.32","2,260.83",-,0.28%
2017-1-12,"2,270.44","2,271.14","2,271.78","2,254.25",-,-0.21%
2017-1-13,"2,274.64","2,272.74","2,278.68","2,271.51",-,0.18%
2017-1-17,"2,267.89","2,269.14","2,272.08","2,262.81",-,-0.30%
2017-1-18,"2,271.89","2,269.14","2,272.01","2,263.35",-,0.18%
2017-1-19,"2,263.69","2,271.90","2,274.33","2,258.41",-,-0.36%
2017-1-20,"2,271.31","2,269.96","2,276.96","2,265.01",-,0.34%
2017-1-23,"2,265.20","2,267.78","2,271.78","2,257.02",-,-0.27%
2017-1-24,"2,280.07","2,267.88","2,284.63","2,266.68",-,0.66%
2017-1-25,"2,298.37","2,288.88","2,299.55","2,288.88",-,0.80%
2017-1-26,"2,296.68","2,298.63","2,300.99","2,294.08",-,-0.07%
2017-1-27,"2,294.69","2,299.02","2,299.02","2,291.62",-,-0.09%
2017-1-30,"2,280.90","2,286.01","2,286.01","2,268.04",-,-0.60%
2017-1-31,"2,278.87","2,274.02","2,279.09","2,267.21",-,-0.09%
2017-2-1,"2,279.55","2,285.59","2,289.14","2,272.44",-,0.03%
2017-2-2,"2,280.85","2,276.69","2,283.97","2,271.65",-,0.06%
2017-2-3,"2,297.42","2,288.54","2,298.31","2,287.88",-,0.73%
2017-2-6,"2,292.56","2,294.28","2,296.18","2,288.57",-,-0.21%
2017-2-7,"2,293.08","2,295.87","2,299.40","2,290.16",-,0.02%
2017-2-8,"2,294.67","2,289.55","2,295.91","2,285.38",-,0.07%
2017-2-9,"2,307.87","2,296.70","2,311.08","2,296.61",-,0.58%
2017-2-10,"2,316.10","2,312.27","2,319.23","2,311.10",-,0.36%
2017-2-13,"2,328.25","2,321.72","2,331.58","2,321.42",-,0.52%
2017-2-14,"2,337.58","2,326.12","2,337.58","2,322.17",-,0.40%
2017-2-15,"2,349.25","2,335.58","2,351.30","2,334.81",-,0.50%
2017-2-16,"2,347.22","2,349.64","2,351.31","2,338.87",-,-0.09%
2017-2-17,"2,351.16","2,343.01","2,351.16","2,339.58",-,0.17%
2017-2-21,"2,365.38","2,354.91","2,366.71","2,354.91",-,0.60%
2017-2-22,"2,362.82","2,361.11","2,365.13","2,358.34",-,-0.11%
2017-2-23,"2,363.81","2,367.50","2,368.26","2,355.09",-,0.04%
2017-2-24,"2,367.34","2,355.73","2,367.34","2,352.87",-,0.15%
2017-2-27,"2,369.75","2,365.23","2,371.54","2,361.87",-,0.10%
2017-2-28,"2,363.64","2,366.08","2,367.79","2,358.96",-,-0.26%
2017-3-1,"2,395.96","2,380.13","2,400.98","2,380.13",-,1.37%
2017-3-2,"2,381.92","2,394.75","2,394.75","2,380.17",-,-0.59%
2017-3-3,"2,383.12","2,380.92","2,383.89","2,375.39",-,0.05%
2017-3-6,"2,375.31","2,375.23","2,378.80","2,367.98",-,-0.33%
2017-3-7,"2,368.39","2,370.74","2,375.12","2,365.51",-,-0.29%
2017-3-8,"2,362.98","2,369.81","2,373.09","2,361.01",-,-0.23%
2017-3-9,"2,364.87","2,363.49","2,369.08","2,354.54",-,0.08%
2017-3-10,"2,372.60","2,372.52","2,376.86","2,363.04",-,0.33%
2017-3-13,"2,373.47","2,371.56","2,374.42","2,368.52",-,0.04%
2017-3-14,"2,365.45","2,368.55","2,368.55","2,358.18",-,-0.34%
2017-3-15,"2,385.26","2,370.34","2,390.01","2,368.94",-,0.84%
2017-3-16,"2,381.38","2,387.71","2,388.10","2,377.18",-,-0.16%
2017-3-17,"2,378.25","2,383.71","2,385.71","2,377.64",-,-0.13%
2017-3-20,"2,373.47","2,378.24","2,379.55","2,369.66",-,-0.20%
2017-3-21,"2,344.02","2,379.32","2,381.93","2,341.90",-,-1.24%
2017-3-22,"2,348.45","2,343.00","2,351.81","2,336.45",-,0.19%
2017-3-23,"2,345.96","2,345.97","2,358.92","2,342.13",-,-0.11%
2017-3-24,"2,343.98","2,350.42","2,356.22","2,335.74",-,-0.08%
2017-3-27,"2,341.59","2,329.11","2,344.90","2,322.25",-,-0.10%
2017-3-28,"2,358.57","2,339.79","2,363.78","2,337.63",-,0.73%
2017-3-29,"2,361.13","2,356.54","2,363.36","2,352.94",-,0.11%
2017-3-30,"2,368.06","2,361.31","2,370.42","2,358.58",-,0.29%
2017-3-31,"2,362.72","2,364.82","2,370.35","2,362.60",-,-0.23%
2017-4-3,"2,358.84","2,362.34","2,365.87","2,344.73",-,-0.16%
2017-4-4,"2,360.16","2,354.76","2,360.53","2,350.72",-,0.06%
2017-4-5,"2,352.95","2,366.59","2,378.36","2,350.52",-,-0.31%
2017-4-6,"2,357.49","2,353.79","2,364.16","2,348.90",-,0.19%
2017-4-7,"2,355.54","2,356.59","2,363.76","2,350.74",-,-0.08%
2017-4-10,"2,357.16","2,357.16","2,366.37","2,351.50",-,0.07%
2017-4-11,"2,353.78","2,353.92","2,355.22","2,337.25",-,-0.14%
2017-4-12,"2,344.93","2,352.15","2,352.72","2,341.18",-,-0.38%
2017-4-13,"2,328.95","2,341.98","2,348.26","2,328.95",-,-0.68%
2017-4-17,"2,349.01","2,332.62","2,349.14","2,332.51",-,0.86%
2017-4-18,"2,342.19","2,342.53","2,348.35","2,334.54",-,-0.29%
2017-4-19,"2,338.17","2,346.79","2,352.63","2,335.05",-,-0.17%
2017-4-20,"2,355.84","2,342.69","2,361.37","2,340.91",-,0.76%
2017-4-21,"2,348.69","2,354.74","2,356.18","2,344.51",-,-0.30%
2017-4-24,"2,374.15","2,370.33","2,376.98","2,369.19",-,1.08%
2017-4-25,"2,388.61","2,381.51","2,392.48","2,381.15",-,0.61%
2017-4-26,"2,387.45","2,388.98","2,398.16","2,386.78",-,-0.05%
2017-4-27,"2,388.77","2,389.70","2,392.10","2,382.68",-,0.06%
2017-4-28,"2,384.20","2,393.68","2,393.68","2,382.36",-,-0.19%
2017-5-1,"2,388.33","2,388.50","2,394.49","2,384.83",-,0.17%
2017-5-2,"2,391.17","2,391.05","2,392.93","2,385.82",-,0.12%
2017-5-3,"2,388.13","2,386.50","2,389.82","2,379.75",-,-0.13%
2017-5-4,"2,389.52","2,389.79","2,391.43","2,380.35",-,0.06%
2017-5-5,"2,399.29","2,392.37","2,399.29","2,389.38",-,0.41%
2017-5-8,"2,399.38","2,399.94","2,401.36","2,393.92",-,0.00%
2017-5-9,"2,396.92","2,401.58","2,403.87","2,392.44",-,-0.10%
2017-5-10,"2,399.63","2,396.79","2,399.74","2,392.79",-,0.11%
2017-5-11,"2,394.44","2,394.84","2,395.72","2,381.74",-,-0.22%
2017-5-12,"2,390.90","2,392.44","2,392.44","2,387.19",-,-0.15%
2017-5-15,"2,402.32","2,393.98","2,404.05","2,393.94",-,0.48%
2017-5-16,"2,400.67","2,404.55","2,405.77","2,396.05",-,-0.07%
2017-5-17,"2,357.03","2,382.95","2,384.87","2,356.21",-,-1.82%
2017-5-18,"2,365.72","2,354.69","2,375.74","2,352.72",-,0.37%
2017-5-19,"2,381.73","2,371.37","2,389.06","2,370.43",-,0.68%
2017-5-22,"2,394.02","2,387.21","2,395.46","2,386.92",-,0.52%
2017-5-23,"2,398.42","2,397.04","2,400.85","2,393.88",-,0.18%
2017-5-24,"2,404.39","2,401.41","2,405.58","2,397.99",-,0.25%
2017-5-25,"2,415.07","2,409.54","2,418.71","2,408.01",-,0.44%
2017-5-26,"2,415.82","2,414.50","2,416.68","2,412.20",-,0.03%
2017-5-30,"2,412.91","2,411.67","2,415.26","2,409.43",-,-0.12%
2017-5-31,"2,411.80","2,415.63","2,415.99","2,403.59",-,-0.05%
2017-6-1,"2,430.06","2,415.65","2,430.06","2,413.54",-,0.76%
2017-6-2,"2,439.07","2,431.28","2,440.23","2,427.71",-,0.37%
2017-6-5,"2,436.10","2,437.83","2,439.55","2,434.32",-,-0.12%
2017-6-6,"2,429.33","2,431.92","2,436.21","2,428.12",-,-0.28%
2017-6-7,"2,433.14","2,432.03","2,435.28","2,424.75",-,0.16%
2017-6-8,"2,433.79","2,434.27","2,439.27","2,427.94",-,0.03%
2017-6-9,"2,431.77","2,436.39","2,446.20","2,415.70",-,-0.08%
2017-6-12,"2,429.39","2,425.88","2,430.38","2,419.97",-,-0.10%
2017-6-13,"2,440.35","2,434.15","2,441.49","2,431.28",-,0.45%
2017-6-14,"2,437.92","2,443.75","2,443.75","2,428.34",-,-0.10%
2017-6-15,"2,432.46","2,424.14","2,433.95","2,418.53",-,-0.22%
2017-6-16,"2,433.15","2,431.24","2,433.15","2,422.88",-,0.03%
2017-6-19,"2,453.46","2,442.55","2,453.82","2,441.79",-,0.83%
2017-6-20,"2,437.03","2,450.66","2,450.66","2,436.60",-,-0.67%
2017-6-21,"2,435.61","2,439.31","2,442.23","2,430.74",-,-0.06%
2017-6-22,"2,434.50","2,437.40","2,441.62","2,433.27",-,-0.05%
2017-6-23,"2,438.30","2,434.65","2,441.40","2,431.11",-,0.16%
2017-6-26,"2,439.07","2,443.32","2,450.42","2,437.03",-,0.03%
2017-6-27,"2,419.38","2,436.34","2,440.15","2,419.38",-,-0.81%
2017-6-28,"2,440.69","2,428.70","2,442.97","2,428.02",-,0.88%
2017-6-29,"2,419.70","2,442.38","2,442.73","2,405.70",-,-0.86%
2017-6-30,"2,423.41","2,429.20","2,432.71","2,421.65",-,0.15%
2017-7-3,"2,429.01","2,431.39","2,439.17","2,428.69",-,0.23%
2017-7-5,"2,432.54","2,430.78","2,434.90","2,422.05",-,0.15%
2017-7-6,"2,409.75","2,423.44","2,424.28","2,407.70",-,-0.94%
2017-7-7,"2,425.18","2,413.52","2,426.92","2,413.52",-,0.64%
2017-7-10,"2,427.43","2,424.51","2,432.00","2,422.27",-,0.09%
2017-7-11,"2,425.53","2,427.35","2,429.30","2,412.79",-,-0.08%
2017-7-12,"2,443.25","2,435.75","2,445.76","2,435.75",-,0.73%
2017-7-13,"2,447.83","2,444.99","2,449.32","2,441.69",-,0.19%
2017-7-14,"2,459.27","2,449.16","2,463.54","2,446.69",-,0.47%
2017-7-17,"2,459.14","2,459.50","2,462.82","2,457.16",-,-0.01%
2017-7-18,"2,460.61","2,455.88","2,460.92","2,450.34",-,0.06%
2017-7-19,"2,473.83","2,463.85","2,473.83","2,463.85",-,0.54%
2017-7-20,"2,473.45","2,475.56","2,477.62","2,468.43",-,-0.02%
2017-7-21,"2,472.54","2,467.40","2,472.54","2,465.06",-,-0.04%
2017-7-24,"2,469.91","2,472.04","2,473.10","2,466.32",-,-0.11%
2017-7-25,"2,477.13","2,477.88","2,481.24","2,474.91",-,0.29%
2017-7-26,"2,477.83","2,479.97","2,481.69","2,474.94",-,0.03%
2017-7-27,"2,475.42","2,482.76","2,484.04","2,459.93",-,-0.10%
2017-7-28,"2,472.10","2,469.12","2,473.53","2,464.66",-,-0.13%
2017-7-31,"2,470.30","2,475.94","2,477.96","2,468.53",-,-0.07%
2017-8-1,"2,476.35","2,477.10","2,478.51","2,471.14",-,0.24%
2017-8-2,"2,477.57","2,480.38","2,480.38","2,466.48",-,0.05%
2017-8-3,"2,472.16","2,476.03","2,476.03","2,468.85",-,-0.22%
2017-8-4,"2,476.83","2,476.88","2,480.00","2,472.08",-,0.19%
2017-8-7,"2,480.91","2,477.14","2,480.95","2,475.88",-,0.16%
2017-8-8,"2,474.92","2,478.35","2,490.87","2,470.32",-,-0.24%
2017-8-9,"2,474.02","2,465.35","2,474.41","2,462.08",-,-0.04%
2017-8-10,"2,438.21","2,465.38","2,465.38","2,437.75",-,-1.45%
2017-8-11,"2,441.32","2,441.04","2,448.09","2,437.85",-,0.13%
2017-8-14,"2,465.84","2,454.96","2,468.22","2,454.96",-,1.00%
2017-8-15,"2,464.61","2,468.66","2,468.90","2,461.61",-,-0.05%
2017-8-16,"2,468.11","2,468.63","2,474.93","2,463.86",-,0.14%
2017-8-17,"2,430.01","2,462.95","2,465.02","2,430.01",-,-1.54%
2017-8-18,"2,425.55","2,427.64","2,440.27","2,420.69",-,-0.18%
2017-8-21,"2,428.37","2,425.50","2,430.58","2,417.35",-,0.12%
2017-8-22,"2,452.51","2,433.75","2,454.77","2,433.67",-,0.99%
2017-8-23,"2,444.04","2,444.88","2,448.91","2,441.42",-,-0.35%
2017-8-24,"2,438.97","2,447.91","2,450.39","2,436.19",-,-0.21%
2017-8-25,"2,443.05","2,444.72","2,453.96","2,442.22",-,0.17%
2017-8-28,"2,444.24","2,447.35","2,449.12","2,439.03",-,0.05%
2017-8-29,"2,446.30","2,431.94","2,449.19","2,428.20",-,0.08%
2017-8-30,"2,457.59","2,446.06","2,460.31","2,443.77",-,0.46%
2017-8-31,"2,471.65","2,462.65","2,475.01","2,462.65",-,0.57%
2017-9-1,"2,476.55","2,474.42","2,480.38","2,473.85",-,0.20%
2017-9-5,"2,457.85","2,470.35","2,471.97","2,446.55",-,-0.76%
2017-9-6,"2,465.54","2,463.83","2,469.64","2,459.20",-,0.31%
2017-9-7,"2,465.10","2,468.06","2,468.62","2,460.29",-,-0.02%
2017-9-8,"2,461.43","2,462.25","2,467.11","2,459.40",-,-0.15%
2017-9-11,"2,488.11","2,474.52","2,488.95","2,474.52",-,1.08%
2017-9-12,"2,496.48","2,491.94","2,496.77","2,490.37",-,0.34%
2017-9-13,"2,498.37","2,493.89","2,498.37","2,492.14",-,0.08%
2017-9-14,"2,495.62","2,494.56","2,498.43","2,491.35",-,-0.11%
2017-9-15,"2,500.23","2,495.67","2,500.23","2,493.16",-,0.18%
2017-9-18,"2,503.87","2,502.51","2,508.32","2,499.92",-,0.15%
2017-9-19,"2,506.65","2,506.29","2,507.84","2,503.19",-,0.11%
2017-9-20,"2,508.24","2,506.84","2,508.85","2,496.67",-,0.06%
2017-9-21,"2,500.60","2,507.16","2,507.16","2,499.00",-,-0.30%
2017-9-22,"2,502.22","2,497.26","2,503.47","2,496.54",-,0.06%
2017-9-25,"2,496.66","2,499.39","2,502.54","2,488.03",-,-0.22%
2017-9-26,"2,496.84","2,501.04","2,503.51","2,495.12",-,0.01%
2017-9-27,"2,507.04","2,503.30","2,511.75","2,495.91",-,0.41%
2017-9-28,"2,510.06","2,503.41","2,510.81","2,502.93",-,0.12%
2017-9-29,"2,519.36","2,509.96","2,519.44","2,507.99",-,0.37%
2017-10-2,"2,529.12","2,521.20","2,529.23","2,520.40",-,0.39%
2017-10-3,"2,534.58","2,530.34","2,535.13","2,528.85",-,0.22%
2017-10-4,"2,537.74","2,533.48","2,540.53","2,531.80",-,0.12%
2017-10-5,"2,552.07","2,540.86","2,552.51","2,540.02",-,0.56%
2017-10-6,"2,549.33","2,547.44","2,549.41","2,543.79",-,-0.11%
2017-10-9,"2,544.73","2,551.39","2,551.82","2,541.60",-,-0.18%
2017-10-10,"2,550.64","2,549.99","2,555.23","2,544.86",-,0.23%
2017-10-11,"2,555.24","2,550.62","2,555.24","2,547.95",-,0.18%
2017-10-12,"2,550.93","2,552.88","2,555.33","2,548.31",-,-0.17%
2017-10-13,"2,553.17","2,555.66","2,557.65","2,552.09",-,0.09%
2017-10-16,"2,557.64","2,555.57","2,559.47","2,552.64",-,0.18%
2017-10-17,"2,559.36","2,557.17","2,559.71","2,554.69",-,0.07%
2017-10-18,"2,561.26","2,562.87","2,564.11","2,559.67",-,0.07%
2017-10-19,"2,562.10","2,553.39","2,562.36","2,547.92",-,0.03%
2017-10-20,"2,575.21","2,567.56","2,575.44","2,567.56",-,0.51%
2017-10-23,"2,564.98","2,578.08","2,578.29","2,564.33",-,-0.40%
2017-10-24,"2,569.13","2,568.66","2,572.18","2,565.58",-,0.16%
2017-10-25,"2,557.15","2,566.52","2,567.40","2,544.00",-,-0.47%
2017-10-26,"2,560.40","2,560.08","2,567.07","2,559.80",-,0.13%
2017-10-27,"2,581.07","2,570.26","2,582.98","2,565.94",-,0.81%
2017-10-30,"2,572.83","2,577.75","2,580.03","2,568.25",-,-0.32%
2017-10-31,"2,575.26","2,575.99","2,578.29","2,572.15",-,0.09%
2017-11-1,"2,579.36","2,583.21","2,588.40","2,574.92",-,0.16%
2017-11-2,"2,579.85","2,579.46","2,581.11","2,566.17",-,0.02%
2017-11-3,"2,587.84","2,581.93","2,588.42","2,576.77",-,0.31%
2017-11-6,"2,591.13","2,587.47","2,593.38","2,585.66",-,0.13%
2017-11-7,"2,590.64","2,592.11","2,597.02","2,584.35",-,-0.02%
2017-11-8,"2,594.38","2,588.71","2,595.47","2,585.02",-,0.14%
2017-11-9,"2,584.62","2,584.00","2,586.50","2,566.33",-,-0.38%
2017-11-10,"2,582.30","2,580.18","2,583.81","2,575.57",-,-0.09%
2017-11-13,"2,584.84","2,576.53","2,587.66","2,574.48",-,0.10%
2017-11-14,"2,578.87","2,577.75","2,579.66","2,566.56",-,-0.23%
2017-11-15,"2,564.62","2,569.45","2,572.84","2,557.45",-,-0.55%
2017-11-16,"2,585.64","2,572.95","2,590.09","2,572.95",-,0.82%
2017-11-17,"2,578.85","2,582.94","2,583.96","2,577.62",-,-0.26%
2017-11-20,"2,582.14","2,579.49","2,584.64","2,578.24",-,0.13%
2017-11-21,"2,599.03","2,589.17","2,601.19","2,589.17",-,0.65%
2017-11-22,"2,597.08","2,600.31","2,600.94","2,595.23",-,-0.08%
2017-11-24,"2,602.42","2,600.42","2,604.21","2,600.42",-,0.21%
2017-11-27,"2,601.42","2,602.66","2,606.41","2,598.87",-,-0.04%
2017-11-28,"2,627.04","2,605.94","2,627.69","2,605.44",-,0.98%
2017-11-29,"2,626.07","2,627.82","2,634.89","2,620.32",-,-0.04%
2017-11-30,"2,647.58","2,633.93","2,657.74","2,633.93",-,0.82%
2017-12-1,"2,642.22","2,645.10","2,650.62","2,605.52",-,-0.20%
2017-12-4,"2,639.44","2,657.19","2,665.19","2,639.03",-,-0.11%
2017-12-5,"2,629.57","2,639.78","2,648.72","2,627.73",-,-0.37%
2017-12-6,"2,629.27","2,626.24","2,634.41","2,624.75",-,-0.01%
2017-12-7,"2,636.98","2,628.38","2,640.99","2,626.53",-,0.29%
2017-12-8,"2,651.50","2,646.21","2,651.65","2,644.10",-,0.55%
2017-12-11,"2,659.99","2,652.19","2,660.33","2,651.47",-,0.32%
2017-12-12,"2,664.11","2,661.73","2,669.72","2,659.78",-,0.15%
2017-12-13,"2,662.85","2,667.59","2,671.88","2,662.85",-,-0.05%
2017-12-14,"2,652.01","2,665.87","2,668.09","2,652.01",-,-0.41%
2017-12-15,"2,675.81","2,660.63","2,679.63","2,659.14",-,0.90%
2017-12-18,"2,690.16","2,685.92","2,694.97","2,685.92",-,0.54%
2017-12-19,"2,681.47","2,692.71","2,694.44","2,680.74",-,-0.32%
2017-12-20,"2,679.25","2,688.18","2,691.01","2,676.11",-,-0.08%
2017-12-21,"2,684.57","2,683.02","2,692.64","2,682.40",-,0.20%
2017-12-22,"2,683.34","2,684.22","2,685.35","2,678.13",-,-0.05%
2017-12-26,"2,680.50","2,679.09","2,682.74","2,677.96",-,-0.11%
2017-12-27,"2,682.62","2,682.10","2,685.64","2,678.91",-,0.08%
2017-12-28,"2,687.54","2,686.10","2,687.66","2,682.69",-,0.18%
2017-12-29,"2,673.61","2,689.15","2,692.12","2,673.61",-,-0.52%
2018-1-2,"2,695.81","2,683.73","2,695.89","2,682.36",-,0.83%
2018-1-3,"2,713.06","2,697.85","2,714.37","2,697.77",-,0.64%
2018-1-4,"2,723.99","2,719.31","2,729.29","2,719.07",-,0.40%
2018-1-5,"2,743.15","2,731.33","2,743.45","2,727.92",-,0.70%
2018-1-8,"2,747.71","2,742.67","2,748.51","2,737.60",-,0.17%
2018-1-9,"2,751.29","2,751.15","2,759.14","2,747.86",-,0.13%
2018-1-10,"2,748.23","2,745.55","2,750.80","2,736.06",-,-0.11%
2018-1-11,"2,767.56","2,752.97","2,767.56","2,752.78",-,0.70%
2018-1-12,"2,786.24","2,770.18","2,787.85","2,769.64",-,0.67%
2018-1-16,"2,776.42","2,798.96","2,807.54","2,768.64",-,-0.35%
2018-1-17,"2,802.56","2,784.99","2,807.04","2,778.38",-,0.94%
2018-1-18,"2,798.03","2,802.40","2,805.83","2,792.56",-,-0.16%
2018-1-19,"2,810.30","2,802.60","2,810.33","2,798.08",-,0.44%
2018-1-22,"2,832.97","2,809.16","2,833.03","2,808.12",-,0.81%
2018-1-23,"2,839.13","2,835.05","2,842.24","2,830.59",-,0.22%
2018-1-24,"2,837.54","2,845.42","2,852.97","2,824.81",-,-0.06%
2018-1-25,"2,839.25","2,846.24","2,848.56","2,830.94",-,0.06%
2018-1-26,"2,872.87","2,847.48","2,872.87","2,846.18",-,1.18%
2018-1-29,"2,853.53","2,867.23","2,870.62","2,851.48",-,-0.67%
2018-1-30,"2,822.43","2,832.74","2,837.75","2,818.27",-,-1.09%
2018-1-31,"2,823.81","2,832.41","2,839.26","2,813.04",-,0.05%
2018-2-1,"2,821.98","2,816.45","2,835.96","2,812.70",-,-0.06%
2018-2-2,"2,762.13","2,808.92","2,808.92","2,759.97",-,-2.12%
2018-2-5,"2,648.94","2,741.06","2,763.39","2,638.17",-,-4.10%
2018-2-6,"2,695.14","2,614.78","2,701.04","2,593.07",-,1.74%
2018-2-7,"2,681.66","2,690.95","2,727.67","2,681.33",-,-0.50%
2018-2-8,"2,581.00","2,685.01","2,685.27","2,580.56",-,-3.75%
2018-2-9,"2,619.55","2,601.78","2,638.67","2,532.69",-,1.49%
2018-2-12,"2,656.00","2,636.75","2,672.61","2,622.45",-,1.39%
2018-2-13,"2,662.94","2,646.27","2,668.84","2,637.08",-,0.26%
2018-2-14,"2,698.63","2,651.21","2,702.10","2,648.87",-,1.34%
2018-2-15,"2,731.20","2,713.46","2,731.51","2,689.82",-,1.21%
2018-2-16,"2,732.22","2,727.14","2,754.42","2,725.11",-,0.04%
2018-2-20,"2,716.26","2,722.99","2,737.60","2,706.76",-,-0.58%
2018-2-21,"2,701.33","2,720.53","2,747.75","2,701.29",-,-0.55%
2018-2-22,"2,703.96","2,710.42","2,731.26","2,697.77",-,0.10%
2018-2-23,"2,747.30","2,715.80","2,747.76","2,713.74",-,1.60%
2018-2-26,"2,779.60","2,757.37","2,780.64","2,753.78",-,1.18%
2018-2-27,"2,744.28","2,780.45","2,789.15","2,744.22",-,-1.27%
2018-2-28,"2,713.83","2,753.78","2,761.52","2,713.54",-,-1.11%
2018-3-1,"2,677.67","2,715.22","2,730.89","2,659.65",-,-1.33%
2018-3-2,"2,691.25","2,658.89","2,696.25","2,647.32",-,0.51%
2018-3-5,"2,720.94","2,681.06","2,728.09","2,675.75",-,1.10%
2018-3-6,"2,728.12","2,730.18","2,732.08","2,711.26",-,0.26%
2018-3-7,"2,726.80","2,710.18","2,730.60","2,701.74",-,-0.05%
2018-3-8,"2,738.97","2,732.75","2,740.45","2,722.65",-,0.45%
2018-3-9,"2,786.57","2,752.91","2,786.57","2,751.54",-,1.74%
2018-3-12,"2,783.02","2,790.54","2,796.98","2,779.26",-,-0.13%
2018-3-13,"2,765.31","2,792.31","2,801.90","2,758.68",-,-0.64%
2018-3-14,"2,749.48","2,774.06","2,777.11","2,744.38",-,-0.57%
2018-3-15,"2,747.33","2,754.27","2,763.03","2,741.47",-,-0.08%
2018-3-16,"2,752.01","2,750.57","2,761.85","2,749.97",-,0.17%
2018-3-19,"2,712.92","2,741.38","2,741.38","2,694.59",-,-1.42%
2018-3-20,"2,716.94","2,715.05","2,724.22","2,710.05",-,0.15%
2018-3-21,"2,711.93","2,714.99","2,739.14","2,709.79",-,-0.18%
2018-3-22,"2,643.69","2,691.36","2,695.68","2,641.59",-,-2.52%
2018-3-23,"2,588.26","2,646.71","2,657.67","2,585.89",-,-2.10%
2018-3-26,"2,658.55","2,619.35","2,661.36","2,601.81",-,2.72%
2018-3-27,"2,612.62","2,667.57","2,674.78","2,596.12",-,-1.73%
2018-3-28,"2,605.00","2,611.30","2,632.65","2,593.06",-,-0.29%
2018-3-29,"2,640.87","2,614.41","2,659.07","2,609.72",-,1.38%
2018-4-2,"2,581.88","2,633.45","2,638.30","2,553.80",-,-2.23%
2018-4-3,"2,614.45","2,592.17","2,619.14","2,575.49",-,1.26%
2018-4-4,"2,644.69","2,584.04","2,649.86","2,573.61",-,1.16%
2018-4-5,"2,662.84","2,657.36","2,672.08","2,649.58",-,0.69%
2018-4-6,"2,604.47","2,645.82","2,656.88","2,586.27",-,-2.19%
2018-4-9,"2,613.16","2,617.18","2,653.55","2,610.79",-,0.33%
2018-4-10,"2,656.87","2,638.41","2,665.45","2,635.78",-,1.67%
2018-4-11,"2,642.19","2,643.89","2,661.43","2,639.25",-,-0.55%
2018-4-12,"2,663.99","2,653.83","2,674.72","2,653.83",-,0.83%
2018-4-13,"2,656.30","2,676.90","2,680.26","2,645.05",-,-0.29%
2018-4-16,"2,677.84","2,670.10","2,686.49","2,665.16",-,0.81%
2018-4-17,"2,706.39","2,692.74","2,713.34","2,692.05",-,1.07%
2018-4-18,"2,708.64","2,710.11","2,717.49","2,703.63",-,0.08%
2018-4-19,"2,693.13","2,701.16","2,702.84","2,681.90",-,-0.57%
2018-4-20,"2,670.14","2,692.56","2,693.94","2,660.61",-,-0.85%
2018-4-23,"2,670.29","2,675.40","2,682.86","2,657.99",-,0.01%
2018-4-24,"2,634.56","2,680.80","2,683.55","2,617.32",-,-1.34%
2018-4-25,"2,639.40","2,634.92","2,645.30","2,612.67",-,0.18%
2018-4-26,"2,666.94","2,651.65","2,676.48","2,647.16",-,1.04%
2018-4-27,"2,669.91","2,675.47","2,677.35","2,659.01",-,0.11%
2018-4-30,"2,648.05","2,682.51","2,682.87","2,648.04",-,-0.82%
2018-5-1,"2,654.80","2,642.96","2,655.27","2,625.41",-,0.25%
2018-5-2,"2,635.67","2,654.24","2,660.87","2,631.70",-,-0.72%
2018-5-3,"2,629.73","2,628.08","2,637.14","2,594.62",-,-0.23%
2018-5-4,"2,663.42","2,621.45","2,670.93","2,615.32",-,1.28%
2018-5-7,"2,672.63","2,680.34","2,683.35","2,664.70",-,0.35%
2018-5-8,"2,671.92","2,670.26","2,676.34","2,655.20",-,-0.03%
2018-5-9,"2,697.79","2,678.12","2,701.27","2,674.14",-,0.97%
2018-5-10,"2,723.07","2,705.02","2,726.11","2,704.54",-,0.94%
2018-5-11,"2,727.72","2,722.70","2,732.86","2,717.45",-,0.17%
2018-5-14,"2,730.13","2,738.47","2,742.10","2,725.47",-,0.09%
2018-5-15,"2,711.45","2,718.59","2,718.59","2,701.91",-,-0.68%
2018-5-16,"2,722.46","2,712.62","2,727.76","2,712.17",-,0.41%
2018-5-17,"2,720.13","2,719.71","2,731.96","2,711.36",-,-0.09%
2018-5-18,"2,712.97","2,717.35","2,719.50","2,709.18",-,-0.26%
2018-5-21,"2,733.01","2,735.39","2,739.19","2,725.70",-,0.74%
2018-5-22,"2,724.44","2,738.34","2,742.24","2,721.88",-,-0.31%
2018-5-23,"2,733.29","2,713.98","2,733.33","2,709.54",-,0.32%
2018-5-24,"2,727.76","2,730.94","2,731.97","2,707.38",-,-0.20%
2018-5-25,"2,721.33","2,723.60","2,727.36","2,714.99",-,-0.24%
2018-5-29,"2,689.86","2,705.11","2,710.67","2,676.81",-,-1.16%
2018-5-30,"2,724.01","2,702.43","2,729.34","2,702.43",-,1.27%
2018-5-31,"2,705.27","2,720.98","2,722.50","2,700.68",-,-0.69%
2018-6-1,"2,734.62","2,718.70","2,736.93","2,718.70",-,1.08%
2018-6-4,"2,746.87","2,741.67","2,749.16","2,740.54",-,0.45%
2018-6-5,"2,748.80","2,748.46","2,752.61","2,739.51",-,0.07%
2018-6-6,"2,772.35","2,753.25","2,772.39","2,748.46",-,0.86%
2018-6-7,"2,770.37","2,774.84","2,779.90","2,760.16",-,-0.07%
2018-6-8,"2,779.03","2,765.84","2,779.39","2,763.59",-,0.31%
2018-6-11,"2,782.00","2,780.18","2,790.21","2,780.17",-,0.11%
2018-6-12,"2,786.85","2,785.60","2,789.80","2,778.78",-,0.17%
2018-6-13,"2,775.63","2,787.94","2,791.47","2,774.65",-,-0.40%
2018-6-14,"2,782.49","2,783.21","2,789.06","2,776.52",-,0.25%
2018-6-15,"2,779.66","2,777.78","2,782.81","2,761.73",-,-0.10%
2018-6-18,"2,773.75","2,765.79","2,774.99","2,757.12",-,-0.21%
2018-6-19,"2,762.59","2,752.01","2,765.05","2,743.19",-,-0.40%
2018-6-20,"2,767.32","2,769.73","2,774.86","2,763.91",-,0.17%
2018-6-21,"2,749.76","2,769.28","2,769.28","2,744.39",-,-0.63%
2018-6-22,"2,754.88","2,760.79","2,764.17","2,752.68",-,0.19%
2018-6-25,"2,717.07","2,742.94","2,742.94","2,698.67",-,-1.37%
2018-6-26,"2,723.06","2,722.12","2,732.91","2,715.60",-,0.22%
2018-6-27,"2,699.63","2,728.45","2,746.09","2,699.38",-,-0.86%
2018-6-28,"2,716.31","2,698.69","2,724.34","2,691.99",-,0.62%
2018-6-29,"2,718.37","2,727.13","2,743.26","2,718.03",-,0.08%
2018-7-2,"2,726.71","2,704.95","2,727.26","2,698.95",-,0.31%
2018-7-3,"2,713.22","2,733.27","2,736.58","2,711.16",-,-0.49%
2018-7-5,"2,736.61","2,724.19","2,737.83","2,716.02",-,0.86%
2018-7-6,"2,759.82","2,737.68","2,764.41","2,733.52",-,0.85%
2018-7-9,"2,784.17","2,775.62","2,784.65","2,770.73",-,0.88%
2018-7-10,"2,793.84","2,788.56","2,795.58","2,786.24",-,0.35%
2018-7-11,"2,774.02","2,779.82","2,785.91","2,770.77",-,-0.71%
2018-7-12,"2,798.29","2,783.14","2,799.22","2,781.53",-,0.87%
2018-7-13,"2,801.31","2,796.93","2,804.53","2,791.69",-,0.11%
2018-7-16,"2,798.43","2,797.36","2,801.19","2,793.39",-,-0.10%
2018-7-17,"2,809.55","2,789.34","2,814.19","2,789.24",-,0.40%
2018-7-18,"2,815.62","2,811.35","2,816.76","2,805.89",-,0.22%
2018-7-19,"2,804.49","2,809.37","2,812.05","2,799.77",-,-0.40%
2018-7-20,"2,801.83","2,804.55","2,809.70","2,800.01",-,-0.09%
2018-7-23,"2,806.98","2,799.17","2,808.61","2,795.14",-,0.18%
2018-7-24,"2,820.40","2,820.68","2,829.99","2,811.12",-,0.48%
2018-7-25,"2,846.07","2,817.73","2,848.03","2,817.73",-,0.91%
2018-7-26,"2,837.44","2,835.49","2,845.57","2,835.26",-,-0.30%
2018-7-27,"2,818.82","2,842.35","2,843.17","2,808.34",-,-0.66%
2018-7-30,"2,802.60","2,819.00","2,821.74","2,798.11",-,-0.58%
2018-7-31,"2,816.29","2,809.73","2,824.46","2,808.06",-,0.49%
2018-8-1,"2,813.36","2,821.17","2,825.83","2,805.85",-,-0.10%
2018-8-2,"2,827.22","2,800.48","2,829.91","2,796.34",-,0.49%
2018-8-3,"2,840.35","2,829.62","2,840.38","2,827.37",-,0.46%
2018-8-6,"2,850.40","2,840.29","2,853.29","2,835.98",-,0.35%
2018-8-7,"2,858.45","2,855.92","2,863.43","2,855.92",-,0.28%
2018-8-8,"2,857.70","2,856.79","2,862.44","2,853.09",-,-0.03%
2018-8-9,"2,853.58","2,857.19","2,862.48","2,851.98",-,-0.14%
2018-8-10,"2,833.28","2,838.90","2,842.20","2,825.81",-,-0.71%
2018-8-13,"2,821.93","2,835.46","2,843.40","2,819.88",-,-0.40%
2018-8-14,"2,839.96","2,827.88","2,843.11","2,826.58",-,0.64%
2018-8-15,"2,818.37","2,827.95","2,827.95","2,802.49",-,-0.76%
2018-8-16,"2,840.69","2,831.44","2,850.49","2,831.44",-,0.79%
2018-8-17,"2,850.13","2,838.32","2,855.63","2,833.73",-,0.33%
2018-8-20,"2,857.05","2,853.93","2,859.76","2,850.62",-,0.24%
2018-8-21,"2,862.96","2,861.51","2,873.23","2,861.32",-,0.21%
2018-8-22,"2,861.82","2,860.99","2,867.54","2,856.05",-,-0.04%
2018-8-23,"2,856.98","2,860.29","2,868.78","2,854.03",-,-0.17%
2018-8-24,"2,874.69","2,862.35","2,876.16","2,862.35",-,0.62%
2018-8-27,"2,896.74","2,884.69","2,898.25","2,884.69",-,0.77%
2018-8-28,"2,897.52","2,901.45","2,903.77","2,893.50",-,0.03%
2018-8-29,"2,914.04","2,900.62","2,916.50","2,898.40",-,0.57%
2018-8-30,"2,901.13","2,908.94","2,912.46","2,895.22",-,-0.44%
2018-8-31,"2,901.52","2,898.37","2,906.32","2,891.73",-,0.01%
2018-9-4,"2,896.72","2,896.96","2,900.18","2,885.13",-,-0.17%
2018-9-5,"2,888.60","2,891.59","2,894.21","2,876.92",-,-0.28%
2018-9-6,"2,878.05","2,888.64","2,892.05","2,867.29",-,-0.37%
2018-9-7,"2,871.68","2,868.26","2,883.81","2,864.12",-,-0.22%
2018-9-10,"2,877.13","2,881.39","2,886.93","2,875.94",-,0.19%
2018-9-11,"2,887.89","2,871.57","2,892.52","2,866.78",-,0.37%
2018-9-12,"2,888.92","2,888.29","2,894.65","2,879.20",-,0.04%
2018-9-13,"2,904.18","2,896.85","2,906.76","2,896.39",-,0.53%
2018-9-14,"2,904.98","2,906.38","2,908.30","2,895.77",-,0.03%
2018-9-17,"2,888.80","2,903.83","2,904.65","2,886.16",-,-0.56%
2018-9-18,"2,904.31","2,890.74","2,911.17","2,890.43",-,0.54%
2018-9-19,"2,907.95","2,906.60","2,912.36","2,903.82",-,0.13%
2018-9-20,"2,930.75","2,919.73","2,934.80","2,919.73",-,0.78%
2018-9-21,"2,929.67","2,936.76","2,940.91","2,927.11",-,-0.04%
2018-9-24,"2,919.37","2,921.83","2,923.79","2,912.63",-,-0.35%
2018-9-25,"2,915.56","2,921.75","2,923.95","2,913.70",-,-0.13%
2018-9-26,"2,905.97","2,916.98","2,931.15","2,903.28",-,-0.33%
2018-9-27,"2,914.00","2,911.65","2,927.22","2,909.27",-,0.28%
2018-9-28,"2,913.98","2,910.03","2,920.53","2,907.50",-,-0.00%
2018-10-1,"2,924.59","2,926.29","2,937.06","2,917.91",-,0.36%
2018-10-2,"2,923.43","2,923.80","2,931.42","2,919.37",-,-0.04%
2018-10-3,"2,925.51","2,931.69","2,939.86","2,921.36",-,0.07%
2018-10-4,"2,901.61","2,919.35","2,919.78","2,883.92",-,-0.82%
2018-10-5,"2,885.57","2,902.54","2,909.64","2,869.29",-,-0.55%
2018-10-8,"2,884.43","2,877.53","2,889.45","2,862.08",-,-0.04%
2018-10-9,"2,880.34","2,882.51","2,894.83","2,874.27",-,-0.14%
2018-10-10,"2,785.68","2,873.90","2,874.02","2,784.86",-,-3.29%
2018-10-11,"2,728.37","2,776.87","2,795.14","2,710.51",-,-2.06%
2018-10-12,"2,767.13","2,770.54","2,775.77","2,729.44",-,1.42%
2018-10-15,"2,750.79","2,763.83","2,775.99","2,749.03",-,-0.59%
2018-10-16,"2,809.92","2,767.05","2,813.46","2,766.91",-,2.15%
2018-10-17,"2,809.21","2,811.67","2,816.94","2,781.81",-,-0.03%
2018-10-18,"2,768.78","2,802.00","2,806.04","2,755.18",-,-1.44%
2018-10-19,"2,767.78","2,775.66","2,797.77","2,760.27",-,-0.04%
2018-10-22,"2,755.88","2,773.94","2,778.94","2,749.22",-,-0.43%
2018-10-23,"2,740.69","2,721.03","2,753.59","2,691.43",-,-0.55%
2018-10-24,"2,656.10","2,737.87","2,742.59","2,651.89",-,-3.09%
2018-10-25,"2,705.57","2,674.88","2,722.70","2,667.84",-,1.86%
2018-10-26,"2,658.69","2,667.86","2,692.38","2,628.16",-,-1.73%
2018-10-29,"2,641.25","2,682.65","2,706.85","2,603.54",-,-0.66%
2018-10-30,"2,682.63","2,640.68","2,685.43","2,635.34",-,1.57%
2018-10-31,"2,711.74","2,705.60","2,736.69","2,705.60",-,1.09%
2018-11-1,"2,740.37","2,717.58","2,741.67","2,708.85",-,1.06%
2018-11-2,"2,723.06","2,745.45","2,756.55","2,700.44",-,-0.63%
2018-11-5,"2,738.31","2,726.37","2,744.27","2,717.94",-,0.56%
2018-11-6,"2,755.45","2,738.40","2,756.82","2,737.08",-,0.63%
2018-11-7,"2,813.89","2,774.13","2,815.15","2,774.13",-,2.12%
2018-11-8,"2,806.83","2,806.38","2,814.75","2,794.99",-,-0.25%
2018-11-9,"2,781.01","2,794.10","2,794.10","2,764.24",-,-0.92%
2018-11-12,"2,726.22","2,773.93","2,775.99","2,722.00",-,-1.97%
2018-11-13,"2,722.18","2,730.05","2,754.60","2,714.98",-,-0.15%
2018-11-14,"2,701.58","2,737.90","2,746.80","2,685.75",-,-0.76%
2018-11-15,"2,730.20","2,693.52","2,735.38","2,670.75",-,1.06%
2018-11-16,"2,736.27","2,718.54","2,746.75","2,712.16",-,0.22%
2018-11-19,"2,690.73","2,730.74","2,733.16","2,681.09",-,-1.66%
2018-11-20,"2,641.89","2,654.60","2,669.44","2,631.52",-,-1.82%
2018-11-21,"2,649.93","2,657.74","2,670.73","2,649.82",-,0.30%
2018-11-23,"2,632.56","2,633.36","2,647.55","2,631.09",-,-0.66%
2018-11-26,"2,673.45","2,649.97","2,674.35","2,649.97",-,1.55%
2018-11-27,"2,682.17","2,663.75","2,682.53","2,655.89",-,0.33%
2018-11-28,"2,743.79","2,691.45","2,744.00","2,684.38",-,2.30%
2018-11-29,"2,737.80","2,736.97","2,753.75","2,722.94",-,-0.22%
2018-11-30,"2,760.17","2,737.76","2,760.88","2,732.76",-,0.82%
2018-12-3,"2,790.37","2,790.50","2,800.18","2,773.38",-,1.09%
2018-12-4,"2,700.06","2,782.43","2,785.93","2,697.18",-,-3.24%
2018-12-6,"2,695.95","2,663.51","2,696.15","2,621.53",-,-0.15%
2018-12-7,"2,633.08","2,691.26","2,708.54","2,623.14",-,-2.33%
2018-12-10,"2,637.72","2,630.86","2,647.51","2,583.23",-,0.18%
2018-12-11,"2,636.78","2,664.44","2,674.35","2,621.30",-,-0.04%
2018-12-12,"2,651.07","2,658.23","2,685.44","2,650.26",-,0.54%
2018-12-13,"2,650.54","2,658.70","2,670.19","2,637.27",-,-0.02%
2018-12-14,"2,599.95","2,629.68","2,635.07","2,593.84",-,-1.91%
2018-12-17,"2,545.94","2,590.75","2,601.13","2,530.54",-,-2.08%
2018-12-18,"2,546.16","2,559.90","2,573.99","2,528.71",-,0.01%
2018-12-19,"2,506.96","2,547.05","2,585.29","2,488.96",-,-1.54%
2018-12-20,"2,467.42","2,496.77","2,509.63","2,441.18",-,-1.58%
2018-12-21,"2,416.62","2,465.38","2,504.41","2,408.55",-,-2.06%
2018-12-24,"2,351.10","2,400.56","2,410.34","2,351.10",-,-2.71%
2018-12-26,"2,467.70","2,363.12","2,467.76","2,346.58",-,4.96%
2018-12-27,"2,488.83","2,442.50","2,489.10","2,397.94",-,0.86%
2018-12-28,"2,485.74","2,498.77","2,520.27","2,472.89",-,-0.12%
2018-12-31,"2,506.85","2,498.94","2,509.24","2,482.82",-,0.85%
2019-1-2,"2,510.03","2,476.96","2,519.49","2,467.47",-,0.13%
2019-1-3,"2,447.89","2,491.92","2,493.14","2,443.96",-,-2.48%
2019-1-4,"2,531.94","2,474.33","2,538.07","2,474.33",-,3.43%
2019-1-7,"2,549.69","2,535.61","2,566.16","2,524.56",-,0.70%
2019-1-8,"2,574.41","2,568.11","2,579.82","2,547.56",-,0.97%
2019-1-9,"2,584.96","2,580.00","2,595.32","2,568.89",-,0.41%
2019-1-10,"2,596.64","2,573.51","2,597.82","2,562.02",-,0.45%
2019-1-11,"2,596.26","2,588.11","2,596.27","2,577.40",-,-0.01%
2019-1-14,"2,582.61","2,580.31","2,589.32","2,570.41",-,-0.53%
2019-1-15,"2,610.30","2,585.10","2,613.08","2,585.10",-,1.07%
2019-1-16,"2,616.10","2,614.75","2,625.76","2,612.68",-,0.22%
2019-1-17,"2,635.96","2,609.28","2,645.06","2,606.36",-,0.76%
2019-1-18,"2,670.71","2,651.27","2,675.47","2,647.58",-,1.32%
2019-1-22,"2,632.90","2,657.88","2,657.88","2,617.27",-,-1.42%
2019-1-23,"2,638.70","2,643.48","2,653.19","2,612.86",-,0.22%
2019-1-24,"2,642.33","2,638.84","2,647.20","2,627.01",-,0.14%
2019-1-25,"2,664.76","2,657.44","2,672.38","2,657.33",-,0.85%
2019-1-28,"2,643.85","2,644.97","2,644.97","2,624.06",-,-0.78%
2019-1-29,"2,640.00","2,644.89","2,650.93","2,631.05",-,-0.15%
2019-1-30,"2,681.05","2,653.62","2,690.44","2,648.34",-,1.55%
2019-1-31,"2,704.10","2,685.49","2,708.95","2,678.65",-,0.86%
2019-2-1,"2,706.53","2,702.32","2,716.66","2,696.88",-,0.09%
2019-2-4,"2,724.87","2,706.49","2,724.99","2,698.75",-,0.68%
2019-2-5,"2,737.70","2,728.34","2,738.98","2,724.03",-,0.47%
2019-2-6,"2,731.61","2,735.05","2,738.08","2,724.15",-,-0.22%
2019-2-7,"2,706.05","2,717.53","2,719.32","2,687.26",-,-0.94%
2019-2-8,"2,707.88","2,692.36","2,708.07","2,681.83",-,0.07%
2019-2-11,"2,709.80","2,712.40","2,718.05","2,703.79",-,0.07%
2019-2-12,"2,744.73","2,722.61","2,748.19","2,722.61",-,1.29%
2019-2-13,"2,753.03","2,750.30","2,761.85","2,748.63",-,0.30%
2019-2-14,"2,745.73","2,743.50","2,757.90","2,731.23",-,-0.27%
2019-2-15,"2,775.60","2,760.24","2,775.66","2,760.24",-,1.09%
2019-2-19,"2,779.76","2,769.28","2,787.33","2,767.29",-,0.15%
2019-2-20,"2,784.70","2,779.05","2,789.88","2,774.06",-,0.18%
2019-2-21,"2,774.88","2,780.24","2,781.58","2,764.55",-,-0.35%
2019-2-22,"2,792.67","2,780.67","2,794.20","2,779.11",-,0.64%
2019-2-25,"2,796.11","2,804.35","2,813.49","2,794.99",-,0.12%
2019-2-26,"2,793.90","2,792.36","2,803.12","2,789.47",-,-0.08%
2019-2-27,"2,792.38","2,787.50","2,795.76","2,775.13",-,-0.05%
2019-2-28,"2,784.49","2,788.11","2,793.73","2,782.51",-,-0.28%
2019-3-1,"2,803.69","2,798.22","2,808.02","2,787.38",-,0.69%
2019-3-4,"2,792.81","2,814.37","2,816.88","2,767.66",-,-0.39%
2019-3-5,"2,789.65","2,794.41","2,796.44","2,782.97",-,-0.11%
2019-3-6,"2,771.45","2,790.27","2,790.27","2,768.69",-,-0.65%
2019-3-7,"2,748.93","2,766.53","2,767.25","2,739.09",-,-0.81%
2019-3-8,"2,743.07","2,730.79","2,744.13","2,722.27",-,-0.21%
2019-3-11,"2,783.30","2,747.61","2,784.00","2,747.61",-,1.47%
2019-3-12,"2,791.52","2,787.34","2,798.32","2,786.73",-,0.30%
2019-3-13,"2,810.92","2,799.78","2,821.24","2,799.78",-,0.69%
2019-3-14,"2,808.48","2,810.38","2,815.00","2,803.46",-,-0.09%
2019-3-15,"2,822.48","2,810.79","2,830.73","2,810.79",-,0.50%
2019-3-18,"2,832.94","2,822.61","2,835.41","2,821.99",-,0.37%
2019-3-19,"2,832.57","2,840.76","2,852.42","2,823.27",-,-0.01%
2019-3-20,"2,824.23","2,831.34","2,843.54","2,812.43",-,-0.29%
2019-3-21,"2,854.88","2,819.72","2,860.31","2,817.38",-,1.09%
2019-3-22,"2,800.71","2,844.52","2,846.16","2,800.47",-,-1.90%
2019-3-25,"2,798.36","2,796.01","2,809.79","2,785.02",-,-0.08%
2019-3-26,"2,818.46","2,812.66","2,829.87","2,803.99",-,0.72%
2019-3-27,"2,805.37","2,819.72","2,825.56","2,787.72",-,-0.46%
2019-3-28,"2,815.44","2,809.40","2,819.71","2,798.77",-,0.36%
2019-3-29,"2,834.40","2,828.27","2,836.03","2,819.23",-,0.67%
2019-4-1,"2,867.19","2,848.63","2,869.40","2,848.63",-,1.16%
2019-4-2,"2,867.24","2,868.24","2,872.90","2,858.75",-,0.00%
2019-4-3,"2,873.40","2,876.09","2,885.25","2,865.17",-,0.21%
2019-4-4,"2,879.39","2,873.99","2,881.28","2,867.14",-,0.21%
2019-4-5,"2,892.74","2,884.16","2,893.24","2,882.99",-,0.46%
2019-4-8,"2,895.77","2,888.46","2,895.95","2,880.78",-,0.10%
2019-4-9,"2,878.20","2,886.58","2,886.88","2,873.33",-,-0.61%
2019-4-10,"2,888.21","2,881.37","2,889.71","2,879.13",-,0.35%
2019-4-11,"2,888.32","2,891.92","2,893.42","2,881.99",-,0.00%
2019-4-12,"2,907.41","2,900.86","2,910.54","2,898.37",-,0.66%
2019-4-15,"2,905.58","2,908.32","2,909.60","2,896.48",-,-0.06%
2019-4-16,"2,907.06","2,912.26","2,916.06","2,900.71",-,0.05%
2019-4-17,"2,900.45","2,916.04","2,918.00","2,895.45",-,-0.23%
2019-4-18,"2,905.03","2,904.81","2,908.40","2,891.90",-,0.16%
2019-4-22,"2,907.97","2,898.78","2,909.51","2,896.35",-,0.10%
2019-4-23,"2,933.68","2,909.99","2,936.31","2,908.53",-,0.88%
2019-4-24,"2,927.25","2,934.00","2,936.83","2,926.05",-,-0.22%
2019-4-25,"2,926.17","2,928.99","2,933.10","2,912.84",-,-0.04%
2019-4-26,"2,939.88","2,925.81","2,939.88","2,917.56",-,0.47%
2019-4-29,"2,943.03","2,940.58","2,949.52","2,939.35",-,0.11%
2019-4-30,"2,945.83","2,937.14","2,948.22","2,924.11",-,0.10%
2019-5-1,"2,923.73","2,952.33","2,954.13","2,923.36",-,-0.75%
2019-5-2,"2,917.52","2,922.16","2,931.68","2,900.50",-,-0.21%
2019-5-3,"2,945.64","2,929.21","2,947.85","2,929.21",-,0.96%
2019-5-6,"2,932.47","2,908.89","2,937.32","2,898.21",-,-0.45%
2019-5-7,"2,884.05","2,913.03","2,913.03","2,862.60",-,-1.65%
2019-5-8,"2,879.42","2,879.61","2,897.96","2,873.28",-,-0.16%
2019-5-9,"2,870.72","2,859.84","2,875.97","2,836.40",-,-0.30%
2019-5-10,"2,881.40","2,863.10","2,891.31","2,825.39",-,0.37%
2019-5-13,"2,811.87","2,840.19","2,840.19","2,801.43",-,-2.41%
2019-5-14,"2,834.41","2,820.12","2,852.54","2,820.12",-,0.80%
2019-5-15,"2,850.96","2,820.38","2,858.68","2,815.08",-,0.58%
2019-5-16,"2,876.32","2,855.80","2,892.15","2,855.80",-,0.89%
2019-5-17,"2,859.53","2,858.60","2,885.48","2,854.23",-,-0.58%
2019-5-20,"2,840.23","2,841.94","2,853.86","2,831.29",-,-0.67%
2019-5-21,"2,864.36","2,854.02","2,868.88","2,854.02",-,0.85%
2019-5-22,"2,856.27","2,856.06","2,865.47","2,851.11",-,-0.28%
2019-5-23,"2,822.24","2,836.70","2,836.70","2,805.49",-,-1.19%
2019-5-24,"2,826.06","2,832.41","2,841.36","2,820.19",-,0.14%
2019-5-28,"2,802.39","2,830.03","2,840.51","2,801.58",-,-0.84%
2019-5-29,"2,783.02","2,790.25","2,792.03","2,766.06",-,-0.69%
2019-5-30,"2,788.86","2,786.94","2,799.00","2,776.74",-,0.21%
2019-5-31,"2,752.06","2,766.15","2,768.98","2,750.52",-,-1.32%
2019-6-3,"2,744.45","2,751.53","2,763.07","2,728.81",-,-0.28%
2019-6-4,"2,803.27","2,762.64","2,804.49","2,762.64",-,2.14%
2019-6-5,"2,826.15","2,818.09","2,827.28","2,800.92",-,0.82%
2019-6-6,"2,843.49","2,828.51","2,852.10","2,822.45",-,0.61%
2019-6-7,"2,873.34","2,852.87","2,884.97","2,852.87",-,1.05%
2019-6-10,"2,886.73","2,885.83","2,904.77","2,885.51",-,0.47%
2019-6-11,"2,885.72","2,903.27","2,910.61","2,878.53",-,-0.03%
2019-6-12,"2,879.84","2,882.73","2,888.57","2,874.68",-,-0.20%
2019-6-13,"2,891.64","2,886.24","2,895.24","2,881.99",-,0.41%
2019-6-14,"2,886.98","2,886.82","2,894.45","2,879.62",-,-0.16%
2019-6-17,"2,889.67","2,889.75","2,897.27","2,887.30",-,0.09%
2019-6-18,"2,917.75","2,906.71","2,930.79","2,905.44",-,0.97%
2019-6-19,"2,926.46","2,920.55","2,931.74","2,911.43",-,0.30%
2019-6-20,"2,954.18","2,949.60","2,958.06","2,931.50",-,0.95%
2019-6-21,"2,950.46","2,952.71","2,964.15","2,946.87",-,-0.13%
2019-6-24,"2,945.35","2,951.42","2,954.92","2,944.05",-,-0.17%
2019-6-25,"2,917.38","2,945.78","2,946.52","2,916.01",-,-0.95%
2019-6-26,"2,913.78","2,926.07","2,932.59","2,912.99",-,-0.12%
2019-6-27,"2,924.92","2,919.66","2,929.30","2,918.57",-,0.38%
2019-6-28,"2,941.76","2,932.94","2,943.98","2,929.05",-,0.58%
2019-7-1,"2,964.33","2,971.41","2,977.93","2,952.22",-,0.77%
2019-7-2,"2,973.01","2,964.66","2,973.21","2,955.92",-,0.29%
2019-7-3,"2,995.82","2,978.08","2,995.84","2,977.96",-,0.77%
2019-7-5,"2,990.41","2,984.25","2,994.03","2,967.97",-,-0.18%
2019-7-8,"2,975.95","2,979.77","2,980.76","2,970.09",-,-0.48%
2019-7-9,"2,979.63","2,965.52","2,981.90","2,963.44",-,0.12%
2019-7-10,"2,993.07","2,989.30","3,002.98","2,984.62",-,0.45%
2019-7-11,"2,999.91","2,999.62","3,002.33","2,988.80",-,0.23%
2019-7-12,"3,013.77","3,003.36","3,013.92","3,001.87",-,0.46%
2019-7-15,"3,014.30","3,017.80","3,017.80","3,008.77",-,0.02%
2019-7-16,"3,004.04","3,012.13","3,015.02","3,001.15",-,-0.34%
2019-7-17,"2,984.42","3,005.10","3,005.26","2,984.25",-,-0.65%
2019-7-18,"2,995.11","2,978.87","2,998.28","2,973.09",-,0.36%
2019-7-19,"2,976.61","3,004.26","3,006.02","2,975.86",-,-0.62%
2019-7-22,"2,985.03","2,981.93","2,990.71","2,976.65",-,0.28%
2019-7-23,"3,005.47","2,994.74","3,005.90","2,988.56",-,0.68%
2019-7-24,"3,019.56","2,998.77","3,019.59","2,996.82",-,0.47%
2019-7-25,"3,003.67","3,016.26","3,016.31","2,997.24",-,-0.53%
2019-7-26,"3,025.86","3,013.25","3,027.98","3,012.59",-,0.74%
2019-7-29,"3,020.97","3,024.47","3,025.61","3,014.30",-,-0.16%
2019-7-30,"3,013.18","3,007.66","3,017.19","3,000.94",-,-0.26%
2019-7-31,"2,980.38","3,016.22","3,017.40","2,958.08",-,-1.09%
2019-8-1,"2,953.56","2,980.32","3,013.59","2,945.23",-,-0.90%
2019-8-2,"2,932.05","2,943.90","2,945.50","2,914.11",-,-0.73%
2019-8-5,"2,844.74","2,898.07","2,898.07","2,822.12",-,-2.98%
2019-8-6,"2,881.77","2,861.18","2,884.40","2,847.42",-,1.30%
2019-8-7,"2,883.98","2,858.65","2,892.17","2,825.71",-,0.08%
2019-8-8,"2,938.09","2,896.21","2,938.72","2,894.47",-,1.88%
2019-8-9,"2,918.65","2,930.51","2,935.75","2,900.15",-,-0.66%
2019-8-12,"2,882.70","2,907.07","2,907.58","2,873.14",-,-1.23%
2019-8-13,"2,926.32","2,880.72","2,943.31","2,877.05",-,1.51%
2019-8-14,"2,840.60","2,894.15","2,894.15","2,839.64",-,-2.93%
2019-8-15,"2,847.60","2,846.20","2,856.67","2,825.51",-,0.25%
2019-8-16,"2,888.68","2,864.74","2,893.63","2,864.74",-,1.44%
2019-8-19,"2,923.65","2,913.48","2,931.00","2,913.48",-,1.21%
2019-8-20,"2,900.51","2,919.01","2,923.63","2,899.60",-,-0.79%
