日期,收盘,开盘,高,低,交易量,涨跌幅
1979-12-24,107.66,107.59,108.08,106.80,-,0.00%
1979-12-26,107.78,107.66,108.37,107.06,-,0.11%
1979-12-27,107.96,107.78,108.50,107.14,-,0.17%
1979-12-28,107.84,107.96,108.61,107.16,-,-0.11%
1980-1-1,107.94,107.94,107.94,107.94,-,0.00%
1980-1-2,105.76,107.94,108.43,105.29,-,-2.02%
1980-1-3,105.22,105.76,106.08,103.26,-,-0.51%
1980-1-4,106.52,105.22,107.08,105.09,-,1.24%
1980-1-7,106.81,106.52,107.80,105.80,-,0.27%
1980-1-8,108.95,106.81,109.29,106.29,-,2.00%
1980-1-9,109.05,108.95,111.09,108.41,-,0.09%
1980-1-10,109.89,109.05,110.86,108.47,-,0.77%
1980-1-11,109.92,109.89,111.16,108.89,-,0.03%
1980-1-14,110.38,109.92,111.44,109.34,-,0.42%
1980-1-15,111.14,110.38,111.93,109.45,-,0.69%
1980-1-16,111.05,111.14,112.90,110.38,-,-0.08%
1980-1-17,110.70,111.05,112.01,109.81,-,-0.32%
1980-1-18,111.07,110.70,111.74,109.88,-,0.33%
1980-1-21,112.10,111.07,112.90,110.66,-,0.93%
1980-1-22,111.51,112.10,113.10,110.92,-,-0.53%
1980-1-23,113.44,111.51,113.93,110.93,-,1.73%
1980-1-24,113.70,113.44,115.27,112.95,-,0.23%
1980-1-25,113.61,113.70,114.45,112.36,-,-0.08%
1980-1-28,114.85,113.61,115.65,112.93,-,1.09%
1980-1-29,114.07,114.85,115.77,113.03,-,-0.68%
1980-1-30,115.20,114.07,115.85,113.37,-,0.99%
1980-1-31,114.16,115.20,117.17,113.78,-,-0.90%
1980-2-1,115.12,114.16,115.54,113.13,-,0.84%
1980-2-4,114.37,115.12,116.01,113.83,-,-0.65%
1980-2-5,114.66,114.37,115.25,112.15,-,0.25%
1980-2-6,115.72,114.66,116.57,113.65,-,0.92%
1980-2-7,116.28,115.72,117.87,115.22,-,0.48%
1980-2-8,117.95,116.28,118.66,115.72,-,1.44%
1980-2-11,117.12,117.95,119.05,116.31,-,-0.70%
1980-2-12,117.90,117.12,118.41,115.75,-,0.67%
1980-2-13,118.44,117.90,120.22,117.57,-,0.46%
1980-2-14,116.72,118.44,119.30,116.04,-,-1.45%
1980-2-15,115.41,116.70,116.70,114.12,-,-1.12%
1980-2-19,114.60,115.41,115.67,113.35,-,-0.70%
1980-2-20,116.47,114.60,117.18,114.06,-,1.63%
1980-2-21,115.28,116.47,117.90,114.44,-,-1.02%
1980-2-22,115.04,115.28,116.46,113.43,-,-0.21%
1980-2-25,113.33,114.93,114.93,112.62,-,-1.49%
1980-2-26,113.98,113.33,114.76,112.30,-,0.57%
1980-2-27,112.38,113.98,115.12,111.91,-,-1.40%
1980-2-28,112.35,112.38,113.70,111.33,-,-0.03%
1980-2-29,113.66,112.35,114.12,111.77,-,1.17%
1980-3-3,112.50,113.66,114.34,112.01,-,-1.02%
1980-3-4,112.78,112.50,113.41,110.83,-,0.25%
1980-3-5,111.13,112.78,113.94,110.58,-,-1.46%
1980-3-6,108.65,111.13,111.29,107.85,-,-2.23%
1980-3-7,106.90,108.65,108.96,105.99,-,-1.61%
1980-3-10,106.51,106.90,107.86,104.92,-,-0.36%
1980-3-11,107.78,106.51,108.54,106.18,-,1.19%
1980-3-12,106.87,107.78,108.40,105.42,-,-0.84%
1980-3-13,105.62,106.87,107.55,105.10,-,-1.17%
1980-3-14,105.43,105.62,106.49,104.01,-,-0.18%
1980-3-17,102.26,105.23,105.23,101.82,-,-3.01%
1980-3-18,104.10,102.26,104.71,101.14,-,1.80%
1980-3-19,104.31,104.10,105.72,103.35,-,0.20%
1980-3-20,103.12,104.31,105.17,102.52,-,-1.14%
1980-3-21,102.31,103.12,103.73,101.55,-,-0.79%
1980-3-24,99.28,102.18,102.18,98.88,-,-2.96%
1980-3-25,99.19,99.28,100.58,97.89,-,-0.09%
1980-3-26,98.68,99.19,101.22,98.10,-,-0.51%
1980-3-27,98.22,98.68,99.58,94.23,-,-0.47%
1980-3-28,100.68,98.22,101.43,97.72,-,2.50%
1980-3-31,102.09,100.68,102.65,100.02,-,1.40%
1980-4-1,102.18,102.09,103.28,100.85,-,0.09%
1980-4-2,102.68,102.18,103.87,101.45,-,0.49%
1980-4-3,102.15,102.68,103.34,101.31,-,-0.52%
1980-4-7,100.19,102.15,102.27,99.73,-,-1.92%
1980-4-8,101.20,100.19,101.88,99.23,-,1.01%
1980-4-9,103.11,101.20,103.60,101.01,-,1.89%
1980-4-10,104.08,103.11,105.00,102.81,-,0.94%
1980-4-11,103.79,104.08,105.15,103.20,-,-0.28%
1980-4-14,102.84,103.79,103.92,102.08,-,-0.92%
1980-4-15,102.63,102.84,103.94,101.85,-,-0.20%
1980-4-16,101.54,102.63,104.42,101.13,-,-1.06%
1980-4-17,101.05,101.54,102.21,100.12,-,-0.48%
1980-4-18,100.55,101.05,102.07,99.97,-,-0.49%
1980-4-21,99.80,100.55,101.26,98.95,-,-0.75%
1980-4-22,103.43,100.81,104.02,100.81,-,3.64%
1980-4-23,103.73,103.43,105.11,102.81,-,0.29%
1980-4-24,104.40,103.73,105.43,102.93,-,0.65%
1980-4-25,105.16,104.40,105.57,103.02,-,0.73%
1980-4-28,105.64,105.16,106.79,104.64,-,0.46%
1980-4-29,105.86,105.64,106.70,104.86,-,0.21%
1980-4-30,106.29,105.86,106.72,104.50,-,0.41%
1980-5-1,105.46,106.29,106.86,104.72,-,-0.78%
1980-5-2,105.58,105.46,106.25,104.61,-,0.11%
1980-5-5,106.38,105.58,106.83,104.64,-,0.76%
1980-5-6,106.25,106.38,107.83,105.36,-,-0.12%
1980-5-7,107.18,106.25,108.12,105.83,-,0.88%
1980-5-8,106.13,107.18,108.02,105.50,-,-0.98%
1980-5-9,104.72,106.13,106.20,104.18,-,-1.33%
1980-5-12,104.78,104.72,105.48,103.50,-,0.06%
1980-5-13,106.30,104.78,106.76,104.44,-,1.45%
1980-5-14,106.85,106.30,107.89,106.00,-,0.52%
1980-5-15,106.99,106.85,107.99,106.07,-,0.13%
1980-5-16,107.35,106.99,107.89,106.25,-,0.34%
1980-5-19,107.67,107.35,108.43,106.51,-,0.30%
1980-5-20,107.62,107.67,108.39,106.75,-,-0.05%
1980-5-21,107.72,107.62,108.31,106.54,-,0.09%
1980-5-22,109.01,107.72,109.73,107.34,-,1.20%
1980-5-23,110.62,109.01,111.37,109.01,-,1.48%
1980-5-27,111.40,110.62,112.30,110.35,-,0.71%
1980-5-28,112.06,111.40,112.72,110.42,-,0.59%
1980-5-29,110.27,112.06,112.64,109.86,-,-1.60%
1980-5-30,111.24,110.27,111.55,108.87,-,0.88%
1980-6-2,110.76,111.24,112.15,110.06,-,-0.43%
1980-6-3,110.51,110.76,111.63,109.77,-,-0.23%
1980-6-4,112.61,110.51,113.45,110.22,-,1.90%
1980-6-5,112.78,112.61,114.38,111.89,-,0.15%
1980-6-6,113.20,112.78,114.01,112.11,-,0.37%
1980-6-9,113.71,113.20,114.51,112.68,-,0.45%
1980-6-10,114.66,113.71,115.50,113.17,-,0.84%
1980-6-11,116.02,114.66,116.64,114.22,-,1.19%
1980-6-12,115.52,116.02,117.01,114.28,-,-0.43%
1980-6-13,115.81,115.52,116.94,114.67,-,0.25%
1980-6-16,116.09,115.81,116.80,114.78,-,0.24%
1980-6-17,116.03,116.09,117.16,115.13,-,-0.05%
1980-6-18,116.26,116.03,116.84,114.77,-,0.20%
1980-6-19,114.66,116.26,116.81,114.36,-,-1.38%
1980-6-20,114.06,114.66,114.90,113.12,-,-0.52%
1980-6-23,114.51,114.06,115.28,113.35,-,0.39%
1980-6-24,115.14,114.51,115.75,113.76,-,0.55%
1980-6-25,116.72,115.14,117.37,115.07,-,1.37%
1980-6-26,116.19,116.72,117.98,115.58,-,-0.45%
1980-6-27,116.00,116.19,116.93,115.06,-,-0.16%
1980-6-30,114.24,116.00,116.04,113.55,-,-1.52%
1980-7-1,114.93,114.24,115.45,113.54,-,0.60%
1980-7-2,115.68,114.93,116.44,114.36,-,0.65%
1980-7-3,117.46,115.68,117.80,115.49,-,1.54%
1980-7-7,118.29,117.46,118.85,116.96,-,0.71%
1980-7-8,117.84,118.29,119.11,117.07,-,-0.38%
1980-7-9,117.98,117.84,119.52,117.10,-,0.12%
1980-7-10,116.95,117.98,118.57,116.38,-,-0.87%
1980-7-11,117.84,116.95,118.38,116.29,-,0.76%
1980-7-14,120.01,117.84,120.37,117.45,-,1.84%
1980-7-15,119.30,120.01,121.56,118.85,-,-0.59%
1980-7-16,119.63,119.30,120.87,118.54,-,0.28%
1980-7-17,121.44,119.63,121.84,119.43,-,1.51%
1980-7-18,122.04,121.44,123.19,120.88,-,0.49%
1980-7-21,122.51,122.04,123.15,120.85,-,0.39%
1980-7-22,122.19,122.51,123.90,121.38,-,-0.26%
1980-7-23,121.93,122.19,123.26,120.93,-,-0.21%
1980-7-24,121.79,121.93,122.98,120.83,-,-0.11%
1980-7-25,120.78,121.79,121.96,119.94,-,-0.83%
1980-7-28,121.43,120.78,122.02,119.78,-,0.54%
1980-7-29,122.40,121.43,122.99,120.76,-,0.80%
1980-7-30,122.23,122.40,123.93,121.16,-,-0.14%
1980-7-31,121.67,122.23,122.34,119.40,-,-0.46%
1980-8-1,121.21,121.67,122.38,120.08,-,-0.38%
1980-8-4,120.98,121.21,121.63,119.42,-,-0.19%
1980-8-5,120.74,120.98,122.09,119.96,-,-0.20%
1980-8-6,121.55,120.74,122.01,119.94,-,0.67%
1980-8-7,123.30,121.66,123.84,121.66,-,1.44%
1980-8-8,123.61,123.30,125.23,122.82,-,0.25%
1980-8-11,124.78,123.61,125.31,122.85,-,0.95%
1980-8-12,123.79,124.78,125.78,123.29,-,-0.79%
1980-8-13,123.28,123.79,124.67,122.49,-,-0.41%
1980-8-14,125.25,123.28,125.62,122.68,-,1.60%
1980-8-15,125.72,125.25,126.61,124.57,-,0.38%
1980-8-18,123.39,125.28,125.28,122.82,-,-1.85%
1980-8-19,122.60,123.39,124.00,121.97,-,-0.64%
1980-8-20,123.77,122.60,124.27,121.91,-,0.95%
1980-8-21,125.46,123.77,125.99,123.61,-,1.37%
1980-8-22,126.02,125.46,127.78,125.18,-,0.45%
1980-8-25,125.16,126.02,126.28,124.65,-,-0.68%
1980-8-26,124.84,125.16,126.29,124.01,-,-0.26%
1980-8-27,123.52,124.84,124.98,122.93,-,-1.06%
1980-8-28,122.08,123.52,123.91,121.61,-,-1.17%
1980-8-29,122.38,122.08,123.01,121.06,-,0.25%
1980-9-2,123.74,122.38,124.36,121.79,-,1.11%
1980-9-3,126.12,123.87,126.43,123.87,-,1.92%
1980-9-4,125.42,126.12,127.70,124.42,-,-0.56%
1980-9-5,124.88,125.42,126.12,124.08,-,-0.43%
1980-9-8,123.31,124.88,125.67,122.78,-,-1.26%
1980-9-9,124.07,123.31,124.52,121.94,-,0.62%
1980-9-10,124.81,124.07,125.95,123.60,-,0.60%
1980-9-11,125.66,124.81,126.48,124.19,-,0.68%
1980-9-12,125.54,125.66,126.75,124.72,-,-0.10%
1980-9-15,125.67,125.54,126.35,124.09,-,0.10%
1980-9-16,126.74,125.67,127.78,125.15,-,0.85%
1980-9-17,128.87,126.74,129.68,126.37,-,1.68%
1980-9-18,128.40,128.87,130.38,127.63,-,-0.36%
1980-9-19,129.25,128.40,130.33,127.57,-,0.66%
1980-9-22,130.40,129.25,130.99,127.89,-,0.89%
1980-9-23,129.43,130.40,132.17,128.55,-,-0.74%
1980-9-24,130.37,129.43,131.34,128.45,-,0.73%
1980-9-25,128.72,130.37,131.53,128.13,-,-1.27%
1980-9-26,126.35,128.17,128.17,125.29,-,-1.84%
1980-9-29,123.54,125.41,125.41,122.87,-,-2.22%
1980-9-30,125.46,123.54,126.09,123.54,-,1.55%
1980-10-1,127.13,125.46,127.88,124.66,-,1.33%
1980-10-2,128.09,127.13,128.82,126.04,-,0.76%
1980-10-3,129.33,128.09,130.44,127.65,-,0.97%
1980-10-6,131.73,129.35,132.38,129.35,-,1.86%
1980-10-7,131.00,131.73,132.88,130.10,-,-0.55%
1980-10-8,131.65,131.00,132.78,130.28,-,0.50%
1980-10-9,131.04,131.65,132.65,130.25,-,-0.46%
1980-10-10,130.29,131.04,132.15,129.58,-,-0.57%
1980-10-13,132.03,130.29,132.46,129.37,-,1.34%
1980-10-14,132.02,132.03,133.57,131.16,-,-0.01%
1980-10-15,133.70,132.02,134.35,131.59,-,1.27%
1980-10-16,132.22,133.70,135.88,131.64,-,-1.11%
1980-10-17,131.52,132.22,133.07,130.22,-,-0.53%
1980-10-20,132.61,131.52,133.21,130.04,-,0.83%
1980-10-21,131.84,132.61,134.01,130.78,-,-0.58%
1980-10-22,131.92,131.84,132.97,130.62,-,0.06%
1980-10-23,129.53,131.92,132.54,128.87,-,-1.81%
1980-10-24,129.85,129.53,130.55,128.04,-,0.25%
1980-10-27,127.88,129.85,129.94,127.34,-,-1.52%
1980-10-28,128.05,127.88,128.86,126.36,-,0.13%
1980-10-29,127.91,128.05,129.91,127.07,-,-0.11%
1980-10-30,126.29,127.91,128.71,125.78,-,-1.27%
1980-10-31,127.47,126.29,128.24,125.29,-,0.93%
1980-11-3,129.04,127.47,129.85,127.23,-,1.23%
1980-11-5,131.33,130.77,135.65,130.77,-,1.77%
1980-11-6,128.91,131.30,131.30,128.23,-,-1.84%
1980-11-7,129.18,128.91,130.08,127.74,-,0.21%
1980-11-10,129.48,129.18,130.51,128.19,-,0.23%
1980-11-11,131.26,129.48,132.30,129.48,-,1.37%
1980-11-12,134.59,131.33,135.12,131.33,-,2.54%
1980-11-13,136.49,134.59,137.21,134.12,-,1.41%
1980-11-14,137.15,136.49,138.96,135.12,-,0.48%
1980-11-17,137.75,137.15,138.46,134.90,-,0.44%
1980-11-18,139.70,137.91,140.92,137.91,-,1.42%
1980-11-19,139.06,139.70,141.76,138.06,-,-0.46%
1980-11-20,140.40,139.06,141.24,137.79,-,0.96%
1980-11-21,139.11,140.40,141.24,138.10,-,-0.92%
1980-11-24,138.31,139.11,139.36,136.36,-,-0.58%
1980-11-25,139.33,138.31,140.83,137.42,-,0.74%
1980-11-26,140.17,139.33,141.96,138.60,-,0.60%
1980-11-28,140.52,140.17,141.54,139.00,-,0.25%
1980-12-1,137.21,140.52,140.66,136.75,-,-2.36%
1980-12-2,136.97,137.21,138.11,134.37,-,-0.17%
1980-12-3,136.71,136.97,138.09,135.43,-,-0.19%
1980-12-4,136.48,136.71,138.40,135.09,-,-0.17%
1980-12-5,134.03,136.37,136.37,132.91,-,-1.80%
1980-12-8,130.61,133.19,133.19,129.71,-,-2.55%
1980-12-9,130.48,130.61,131.92,128.77,-,-0.10%
1980-12-10,128.26,130.48,131.99,127.94,-,-1.70%
1980-12-11,127.36,128.26,128.73,125.32,-,-0.70%
1980-12-12,129.23,127.36,129.98,127.15,-,1.47%
1980-12-15,129.45,129.23,131.33,128.64,-,0.17%
1980-12-16,130.60,129.45,131.22,128.33,-,0.89%
1980-12-17,132.89,130.60,133.59,130.22,-,1.75%
1980-12-18,133.00,132.89,135.90,131.89,-,0.08%
1980-12-19,133.70,133.00,134.00,131.80,-,0.53%
1980-12-22,135.78,133.70,136.68,132.88,-,1.56%
1980-12-23,135.30,135.78,137.48,134.01,-,-0.35%
1980-12-24,135.88,135.30,136.55,134.15,-,0.43%
1980-12-26,136.57,135.88,137.02,135.20,-,0.51%
1980-12-29,135.03,136.57,137.51,134.36,-,-1.13%
1980-12-30,135.33,135.03,136.51,134.04,-,0.22%
1980-12-31,135.76,135.33,136.76,134.29,-,0.32%
1981-1-2,136.34,135.76,137.10,134.61,-,0.43%
1981-1-5,137.97,136.34,139.24,135.86,-,1.20%
1981-1-6,138.12,137.97,140.32,135.78,-,0.11%
1981-1-7,135.08,136.02,136.02,132.30,-,-2.20%
1981-1-8,133.06,135.08,136.10,131.96,-,-1.50%
1981-1-9,133.48,133.06,134.76,131.71,-,0.32%
1981-1-12,133.52,133.48,135.88,132.79,-,0.03%
1981-1-13,133.29,133.52,134.27,131.69,-,-0.17%
1981-1-14,133.47,133.29,135.25,132.65,-,0.14%
1981-1-15,134.22,133.47,135.15,132.44,-,0.56%
1981-1-16,134.77,134.22,135.91,133.35,-,0.41%
1981-1-19,134.37,134.77,135.86,133.51,-,-0.30%
1981-1-20,131.65,134.37,135.30,131.26,-,-2.02%
1981-1-21,131.36,131.65,132.48,129.93,-,-0.22%
1981-1-22,130.26,131.36,132.08,129.23,-,-0.84%
1981-1-23,130.23,130.26,131.34,129.00,-,-0.02%
1981-1-26,129.84,130.23,131.18,128.57,-,-0.30%
1981-1-27,131.12,129.84,131.95,129.32,-,0.99%
1981-1-28,130.34,131.12,132.41,129.82,-,-0.59%
1981-1-29,130.24,130.34,131.78,128.97,-,-0.08%
1981-1-30,129.55,130.24,131.65,128.61,-,-0.53%
1981-2-2,126.91,129.48,129.48,125.82,-,-2.04%
1981-2-3,128.46,126.91,128.92,125.89,-,1.22%
1981-2-4,128.59,128.46,129.71,127.29,-,0.10%
1981-2-5,129.63,128.59,130.49,127.99,-,0.81%
1981-2-6,130.60,129.63,131.81,129.03,-,0.75%
1981-2-9,129.27,130.60,131.39,128.61,-,-1.02%
1981-2-10,129.24,129.27,130.19,128.05,-,-0.02%
1981-2-11,128.24,129.24,129.92,127.60,-,-0.77%
1981-2-12,127.48,128.24,128.95,126.78,-,-0.59%
1981-2-13,126.98,127.48,128.34,126.04,-,-0.39%
1981-2-17,127.81,126.98,128.75,126.43,-,0.65%
1981-2-18,128.48,127.81,129.25,127.09,-,0.52%
1981-2-19,126.61,128.48,129.07,125.98,-,-1.46%
1981-2-20,126.58,126.61,127.65,124.66,-,-0.02%
1981-2-23,127.35,126.58,128.28,125.69,-,0.61%
1981-2-24,127.39,127.35,128.76,126.49,-,0.03%
1981-2-25,128.52,127.39,129.21,125.77,-,0.89%
1981-2-26,130.10,128.52,130.93,128.02,-,1.23%
1981-2-27,131.27,130.10,132.02,129.35,-,0.90%
1981-3-2,132.01,131.27,132.96,130.15,-,0.56%
1981-3-3,130.56,132.01,132.72,129.66,-,-1.10%
1981-3-4,130.86,130.56,132.07,129.57,-,0.23%
1981-3-5,129.93,130.86,131.82,129.25,-,-0.71%
1981-3-6,129.85,129.93,131.18,128.56,-,-0.06%
1981-3-9,131.12,129.85,131.94,129.39,-,0.98%
1981-3-10,130.46,131.12,132.64,129.72,-,-0.50%
1981-3-11,129.95,130.46,131.20,128.72,-,-0.39%
1981-3-12,133.19,129.95,133.56,129.76,-,2.49%
1981-3-13,133.11,133.19,135.53,132.39,-,-0.06%
1981-3-16,134.68,133.11,135.35,132.10,-,1.18%
1981-3-17,133.92,134.68,136.09,132.80,-,-0.56%
1981-3-18,134.22,133.92,135.66,132.80,-,0.22%
1981-3-19,133.46,134.22,135.37,132.37,-,-0.57%
1981-3-20,134.08,133.46,135.29,132.50,-,0.46%
1981-3-23,135.69,134.08,136.50,133.41,-,1.20%
1981-3-24,134.67,135.69,137.40,134.10,-,-0.75%
1981-3-25,137.11,134.67,137.32,133.92,-,1.81%
1981-3-26,136.27,137.11,138.38,135.29,-,-0.61%
1981-3-27,134.65,136.27,136.89,133.91,-,-1.19%
1981-3-30,134.28,134.65,135.87,133.51,-,-0.27%
1981-3-31,136.00,134.68,137.15,134.68,-,1.28%
1981-4-1,136.57,136.00,137.56,135.04,-,0.42%
1981-4-2,136.32,136.57,137.72,135.16,-,-0.18%
1981-4-3,135.49,136.32,137.04,134.67,-,-0.61%
1981-4-6,133.93,135.49,135.61,132.91,-,-1.15%
1981-4-7,133.91,133.93,135.27,132.96,-,-0.01%
1981-4-8,134.31,133.91,135.34,133.26,-,0.30%
1981-4-9,134.67,134.31,135.80,132.59,-,0.27%
1981-4-10,134.51,134.67,136.23,133.18,-,-0.12%
1981-4-13,133.15,134.51,134.91,132.24,-,-1.01%
1981-4-14,132.68,133.15,134.03,131.58,-,-0.35%
1981-4-15,134.17,132.68,134.79,132.20,-,1.12%
1981-4-16,134.70,134.17,135.82,133.43,-,0.40%
1981-4-20,135.45,134.70,136.25,133.19,-,0.56%
1981-4-21,134.23,135.45,136.38,133.49,-,-0.90%
1981-4-22,134.14,134.23,135.54,132.72,-,-0.07%
1981-4-23,133.94,134.14,135.90,132.90,-,-0.15%
1981-4-24,135.14,133.94,136.00,132.88,-,0.90%
1981-4-27,135.48,135.14,136.56,134.13,-,0.25%
1981-4-28,134.33,135.48,136.09,133.10,-,-0.85%
1981-4-29,133.05,134.33,134.69,131.82,-,-0.95%
1981-4-30,132.81,133.05,134.44,131.85,-,-0.18%
1981-5-1,132.72,132.81,134.17,131.43,-,-0.07%
1981-5-4,130.67,131.78,131.78,129.61,-,-1.54%
1981-5-5,130.32,130.67,131.33,128.93,-,-0.27%
1981-5-6,130.78,130.32,132.38,130.09,-,0.35%
1981-5-7,131.67,130.78,132.41,130.21,-,0.68%
1981-5-8,131.66,131.67,132.69,130.84,-,-0.01%
1981-5-11,129.71,131.66,132.23,129.11,-,-1.48%
1981-5-12,130.72,129.71,131.17,128.78,-,0.78%
1981-5-13,130.55,130.72,131.96,129.53,-,-0.13%
1981-5-14,131.28,130.55,132.15,129.91,-,0.56%
1981-5-15,132.17,131.28,133.21,130.75,-,0.68%
1981-5-18,132.54,132.17,133.65,131.49,-,0.28%
1981-5-19,132.09,132.54,133.22,130.78,-,-0.34%
1981-5-20,132.00,132.09,133.03,130.59,-,-0.07%
1981-5-21,131.75,132.00,133.03,130.70,-,-0.19%
1981-5-22,131.33,131.75,132.65,130.42,-,-0.32%
1981-5-26,132.77,131.33,133.30,130.64,-,1.10%
1981-5-27,133.77,132.77,134.65,131.85,-,0.75%
1981-5-28,133.45,133.77,134.92,132.00,-,-0.24%
1981-5-29,132.59,133.45,134.36,131.52,-,-0.64%
1981-6-1,132.41,132.59,134.62,131.49,-,-0.14%
1981-6-2,130.62,132.41,132.96,129.84,-,-1.35%
1981-6-3,130.71,130.62,131.37,128.77,-,0.07%
1981-6-4,130.96,130.71,132.21,129.72,-,0.19%
1981-6-5,132.22,130.96,132.98,130.17,-,0.96%
1981-6-8,132.24,132.22,133.68,131.29,-,0.02%
1981-6-9,131.97,132.24,133.30,130.94,-,-0.20%
1981-6-10,132.32,131.97,133.49,131.04,-,0.27%
1981-6-11,133.75,132.32,134.31,131.58,-,1.08%
1981-6-12,133.49,133.75,135.09,132.40,-,-0.19%
1981-6-15,133.61,133.49,135.67,132.78,-,0.09%
1981-6-16,132.15,133.61,134.00,131.29,-,-1.09%
1981-6-17,133.32,132.15,133.98,130.81,-,0.89%
1981-6-18,131.64,133.32,133.98,130.94,-,-1.26%
1981-6-19,132.27,131.64,133.27,130.49,-,0.48%
1981-6-22,131.95,132.27,133.54,131.10,-,-0.24%
1981-6-23,133.35,131.95,133.98,131.16,-,1.06%
1981-6-24,132.66,133.35,133.90,131.65,-,-0.52%
1981-6-25,132.81,132.66,134.30,131.78,-,0.11%
1981-6-26,132.56,132.81,133.75,131.71,-,-0.19%
1981-6-29,131.89,132.56,133.50,131.20,-,-0.51%
1981-6-30,131.21,131.89,132.67,130.31,-,-0.52%
1981-7-1,129.77,131.21,131.69,129.04,-,-1.10%
1981-7-2,128.64,129.77,130.48,127.84,-,-0.87%
1981-7-6,127.37,128.64,128.99,126.44,-,-0.99%
1981-7-7,128.24,127.37,129.60,126.39,-,0.68%
1981-7-8,128.32,128.24,129.57,126.95,-,0.06%
1981-7-9,129.30,128.32,130.08,127.57,-,0.76%
1981-7-10,129.37,129.30,130.43,128.38,-,0.05%
1981-7-13,129.64,129.37,130.82,128.79,-,0.21%
1981-7-14,129.65,129.64,130.78,128.14,-,0.01%
1981-7-15,130.23,129.65,131.59,128.89,-,0.45%
1981-7-16,130.34,130.23,131.41,129.30,-,0.08%
1981-7-17,130.76,130.34,131.60,129.49,-,0.32%
1981-7-20,128.72,130.60,130.60,127.98,-,-1.56%
1981-7-21,128.34,128.72,129.60,127.08,-,-0.30%
1981-7-22,127.13,128.34,129.72,126.70,-,-0.94%
1981-7-23,127.40,127.13,128.26,125.96,-,0.21%
1981-7-24,128.46,127.40,129.31,127.11,-,0.83%
1981-7-27,129.90,128.46,130.61,128.43,-,1.12%
1981-7-28,129.14,129.90,130.44,128.28,-,-0.59%
1981-7-29,129.16,129.14,130.09,128.37,-,0.02%
1981-7-30,130.01,129.16,130.68,128.56,-,0.66%
1981-7-31,130.92,130.01,131.78,129.60,-,0.70%
1981-8-3,130.48,130.92,131.74,129.42,-,-0.34%
1981-8-4,131.18,130.48,131.66,129.43,-,0.54%
1981-8-5,132.67,131.18,133.39,130.76,-,1.14%
1981-8-6,132.64,132.67,134.04,131.74,-,-0.02%
1981-8-7,131.75,132.64,133.04,130.96,-,-0.67%
1981-8-10,132.54,131.75,133.32,130.83,-,0.60%
1981-8-11,133.85,132.54,134.63,132.09,-,0.99%
1981-8-12,133.40,133.85,135.18,132.73,-,-0.34%
1981-8-13,133.51,133.40,134.58,132.53,-,0.08%
1981-8-14,132.49,133.51,134.33,131.91,-,-0.76%
1981-8-17,131.22,132.49,133.02,130.75,-,-0.96%
1981-8-18,130.11,131.22,131.73,129.10,-,-0.85%
1981-8-19,130.49,130.11,131.20,128.99,-,0.29%
1981-8-20,130.69,130.49,131.74,129.84,-,0.15%
1981-8-21,129.23,130.69,131.06,128.70,-,-1.12%
1981-8-24,125.50,128.59,128.59,125.02,-,-2.89%
1981-8-25,125.13,125.50,125.77,123.00,-,-0.29%
1981-8-26,124.96,125.13,126.17,123.99,-,-0.14%
1981-8-27,123.51,124.96,125.31,122.90,-,-1.16%
1981-8-28,124.08,123.51,125.09,122.85,-,0.46%
1981-8-31,122.79,124.08,125.58,122.29,-,-1.04%
1981-9-1,123.02,122.79,123.92,121.59,-,0.19%
1981-9-2,123.49,123.02,124.58,122.54,-,0.38%
1981-9-3,121.24,123.49,124.16,120.82,-,-1.82%
1981-9-4,120.07,121.24,121.54,119.24,-,-0.97%
1981-9-8,117.98,120.07,120.12,116.85,-,-1.74%
1981-9-9,118.40,117.98,119.49,116.87,-,0.36%
1981-9-10,120.14,118.40,122.18,118.33,-,1.47%
1981-9-11,121.61,120.14,122.13,119.29,-,1.22%
1981-9-14,120.66,121.61,122.00,119.67,-,-0.78%
1981-9-15,119.77,120.66,121.77,119.27,-,-0.74%
1981-9-16,118.87,119.77,120.00,117.89,-,-0.75%
1981-9-17,117.15,118.87,119.87,116.63,-,-1.45%
1981-9-18,116.26,117.15,117.69,115.18,-,-0.76%
1981-9-21,117.24,116.26,118.07,115.04,-,0.84%
1981-9-22,116.68,117.24,118.19,115.93,-,-0.48%
1981-9-23,115.65,116.68,116.68,113.60,-,-0.88%
1981-9-24,115.01,115.65,117.47,114.32,-,-0.55%
1981-9-25,112.77,114.69,114.69,111.64,-,-1.95%
1981-9-28,115.53,112.77,115.83,110.19,-,2.45%
1981-9-29,115.94,115.53,117.75,114.75,-,0.35%
1981-9-30,116.18,115.94,117.05,114.60,-,0.21%
1981-10-1,117.08,116.18,117.66,115.00,-,0.77%
1981-10-2,119.36,117.08,120.16,117.07,-,1.95%
1981-10-5,119.51,119.36,121.54,118.61,-,0.13%
1981-10-6,119.39,119.51,121.39,118.08,-,-0.10%
1981-10-7,121.31,119.39,121.87,119.09,-,1.61%
1981-10-8,122.31,121.31,123.08,120.23,-,0.82%
1981-10-9,121.45,122.31,123.28,120.63,-,-0.70%
1981-10-12,121.21,121.45,122.37,120.17,-,-0.20%
1981-10-13,120.78,121.21,122.37,119.96,-,-0.35%
1981-10-14,118.80,120.78,120.97,118.38,-,-1.64%
1981-10-15,119.71,118.80,120.58,118.01,-,0.77%
1981-10-16,119.19,119.71,120.46,118.38,-,-0.43%
1981-10-19,118.98,119.19,119.85,117.58,-,-0.18%
1981-10-20,120.28,118.98,121.29,118.78,-,1.09%
1981-10-21,120.10,120.28,121.94,119.35,-,-0.15%
1981-10-22,119.64,120.10,120.78,118.48,-,-0.38%
1981-10-23,118.60,119.64,119.92,117.78,-,-0.87%
1981-10-26,118.16,118.60,119.00,116.81,-,-0.37%
1981-10-27,119.29,118.16,120.43,117.80,-,0.96%
1981-10-28,119.45,119.29,120.96,118.39,-,0.13%
1981-10-29,119.06,119.45,120.37,118.14,-,-0.33%
1981-10-30,121.89,119.06,122.53,118.43,-,2.38%
1981-11-2,124.20,122.35,125.14,122.35,-,1.90%
1981-11-3,124.80,124.20,125.52,123.14,-,0.48%
1981-11-4,124.74,124.80,126.00,123.64,-,-0.05%
1981-11-5,123.54,124.74,125.80,122.98,-,-0.96%
1981-11-6,122.67,123.54,124.03,121.85,-,-0.70%
1981-11-9,123.29,122.67,124.13,121.59,-,0.51%
1981-11-10,122.70,123.29,124.69,122.01,-,-0.48%
1981-11-11,122.92,122.70,123.82,121.51,-,0.18%
1981-11-12,123.19,122.92,124.71,122.19,-,0.22%
1981-11-13,121.67,123.19,123.61,121.06,-,-1.23%
1981-11-16,120.24,121.64,121.64,119.13,-,-1.18%
1981-11-17,121.15,120.24,121.78,119.50,-,0.76%
1981-11-18,120.26,121.15,121.66,119.61,-,-0.73%
1981-11-19,120.71,120.26,121.67,119.42,-,0.37%
1981-11-20,121.71,120.71,122.59,120.13,-,0.83%
1981-11-23,121.60,121.71,123.09,120.76,-,-0.09%
1981-11-24,123.51,121.60,124.04,121.22,-,1.57%
1981-11-25,124.05,123.51,125.29,123.07,-,0.44%
1981-11-27,125.09,124.05,125.71,123.63,-,0.84%
1981-11-30,126.35,125.09,126.97,124.18,-,1.01%
1981-12-1,126.10,126.35,127.30,124.84,-,-0.20%
1981-12-2,124.69,126.10,126.45,124.18,-,-1.12%
1981-12-3,125.12,124.69,125.84,123.63,-,0.34%
1981-12-4,126.26,125.12,127.32,125.12,-,0.91%
1981-12-7,125.19,126.26,126.91,124.67,-,-0.85%
1981-12-8,124.82,125.19,125.75,123.52,-,-0.30%
1981-12-9,125.48,124.82,126.08,124.09,-,0.53%
1981-12-10,125.71,125.48,126.54,124.60,-,0.18%
1981-12-11,124.93,125.71,126.26,124.32,-,-0.62%
1981-12-14,122.78,124.37,124.37,122.17,-,-1.72%
1981-12-15,122.99,122.78,123.78,121.83,-,0.17%
1981-12-16,122.42,122.99,123.66,121.73,-,-0.46%
1981-12-17,123.12,122.42,123.79,121.82,-,0.57%
1981-12-18,124.00,123.12,124.87,122.56,-,0.71%
1981-12-21,123.34,124.00,124.71,122.67,-,-0.53%
1981-12-22,122.88,123.34,124.17,122.19,-,-0.37%
1981-12-23,122.31,122.88,123.59,121.58,-,-0.46%
1981-12-24,122.54,122.31,123.06,121.57,-,0.19%
1981-12-28,122.27,122.54,123.36,121.73,-,-0.22%
1981-12-29,121.67,122.27,122.90,121.12,-,-0.49%
1981-12-30,122.30,121.67,123.11,121.04,-,0.52%
1981-12-31,122.55,122.30,123.42,121.57,-,0.20%
1982-1-4,122.74,122.55,123.72,121.48,-,0.16%
1982-1-5,120.05,122.61,122.61,119.57,-,-2.19%
1982-1-6,119.18,120.05,120.45,117.99,-,-0.72%
1982-1-7,118.93,119.18,119.88,117.70,-,-0.21%
1982-1-8,119.55,118.93,120.59,118.55,-,0.52%
1982-1-11,116.78,119.55,120.34,116.47,-,-2.32%
1982-1-12,116.30,116.78,117.49,115.18,-,-0.41%
1982-1-13,114.88,116.30,117.46,114.24,-,-1.22%
1982-1-14,115.54,114.88,116.30,114.07,-,0.57%
1982-1-15,116.33,115.54,117.14,115.10,-,0.68%
1982-1-18,117.22,116.33,117.69,114.85,-,0.77%
1982-1-19,115.97,117.22,118.15,115.52,-,-1.07%
1982-1-20,115.27,115.97,116.64,114.29,-,-0.60%
1982-1-21,115.75,115.27,116.92,114.60,-,0.42%
1982-1-22,115.38,115.75,116.53,114.58,-,-0.32%
1982-1-25,115.41,115.38,115.93,113.63,-,0.03%
1982-1-26,115.19,115.41,116.60,114.49,-,-0.19%
1982-1-27,115.74,115.19,116.60,114.38,-,0.48%
1982-1-28,118.92,116.10,119.35,116.10,-,2.75%
1982-1-29,120.40,118.92,121.38,118.64,-,1.24%
1982-2-1,117.78,119.81,119.81,117.14,-,-2.18%
1982-2-2,118.01,117.78,119.15,116.91,-,0.20%
1982-2-3,116.48,118.01,118.67,116.04,-,-1.30%
1982-2-4,116.42,116.48,117.49,114.88,-,-0.05%
1982-2-5,117.26,116.42,118.26,115.74,-,0.72%
1982-2-8,114.63,117.04,117.04,114.20,-,-2.24%
1982-2-9,113.68,114.63,115.15,112.82,-,-0.83%
1982-2-10,114.66,113.68,115.62,113.45,-,0.86%
1982-2-11,114.43,114.66,115.59,113.41,-,-0.20%
1982-2-12,114.38,114.43,115.39,113.70,-,-0.04%
1982-2-16,114.06,114.38,114.63,112.06,-,-0.28%
1982-2-17,113.69,114.06,115.09,112.97,-,-0.32%
1982-2-18,113.82,113.69,115.04,112.97,-,0.11%
1982-2-19,113.22,113.82,114.58,112.33,-,-0.53%
1982-2-22,111.59,113.22,114.90,111.20,-,-1.44%
1982-2-23,111.51,111.59,112.46,110.03,-,-0.07%
1982-2-24,113.47,111.51,113.88,110.71,-,1.76%
1982-2-25,113.21,113.47,114.86,112.44,-,-0.23%
1982-2-26,113.11,113.21,114.01,112.04,-,-0.09%
1982-3-1,113.31,113.11,114.32,111.86,-,0.18%
1982-3-2,112.68,113.31,114.80,112.03,-,-0.56%
1982-3-3,110.92,112.51,112.51,109.98,-,-1.56%
1982-3-4,109.88,110.92,111.78,108.77,-,-0.94%
1982-3-5,109.34,109.88,110.90,108.31,-,-0.49%
1982-3-8,107.34,109.34,111.06,107.03,-,-1.83%
1982-3-9,108.83,107.34,109.88,106.17,-,1.39%
1982-3-10,109.41,108.83,110.98,108.09,-,0.53%
1982-3-11,109.36,109.41,110.87,108.38,-,-0.05%
1982-3-12,108.61,109.36,109.72,104.46,-,-0.69%
1982-3-15,109.45,108.61,109.99,107.47,-,0.77%
1982-3-16,109.28,109.45,110.92,108.57,-,-0.16%
1982-3-17,109.08,109.28,110.10,108.11,-,-0.18%
1982-3-18,110.30,109.08,111.02,108.85,-,1.12%
1982-3-19,110.61,110.30,111.59,109.64,-,0.28%
1982-3-22,112.77,110.71,113.35,110.71,-,1.95%
1982-3-23,113.55,112.77,114.51,112.29,-,0.69%
1982-3-24,112.97,113.55,114.31,112.23,-,-0.51%
1982-3-25,113.21,112.97,114.26,112.02,-,0.21%
1982-3-26,111.94,113.21,113.43,111.26,-,-1.12%
1982-3-29,112.30,111.94,112.82,110.90,-,0.32%
1982-3-30,112.27,112.30,113.09,111.30,-,-0.03%
1982-3-31,111.96,112.27,113.17,111.32,-,-0.28%
1982-4-1,113.79,111.96,114.22,111.48,-,1.63%
1982-4-2,115.12,113.79,115.79,113.65,-,1.17%
1982-4-5,114.73,115.12,115.90,113.94,-,-0.34%
1982-4-6,115.36,114.73,115.92,113.70,-,0.55%
1982-4-7,115.46,115.36,116.45,114.58,-,0.09%
1982-4-8,116.22,115.46,116.94,114.94,-,0.66%
1982-4-12,116.00,116.22,117.02,115.16,-,-0.19%
1982-4-13,115.99,116.00,117.12,115.16,-,-0.01%
1982-4-14,115.83,115.99,116.69,114.80,-,-0.14%
1982-4-15,116.35,115.83,116.86,115.02,-,0.45%
1982-4-16,116.81,116.35,117.70,115.68,-,0.40%
1982-4-19,116.70,116.81,118.16,115.83,-,-0.09%
1982-4-20,115.44,115.80,117.14,114.83,-,-1.08%
1982-4-21,115.72,115.48,115.87,115.30,-,0.24%
1982-4-22,117.19,115.72,117.25,115.72,-,1.27%
1982-4-23,118.64,118.02,118.64,117.19,-,1.24%
1982-4-26,119.26,118.94,119.33,118.25,-,0.52%
1982-4-27,118.00,119.07,119.26,117.73,-,-1.06%
1982-4-28,117.26,117.83,118.05,116.94,-,-0.63%
1982-4-29,116.14,116.40,117.24,116.11,-,-0.96%
1982-4-30,116.44,116.21,116.78,116.07,-,0.26%
1982-5-3,116.82,115.96,116.82,115.91,-,0.33%
1982-5-4,117.46,117.41,117.64,116.85,-,0.55%
1982-5-5,117.67,117.85,118.05,117.31,-,0.18%
1982-5-6,118.68,118.82,118.83,117.68,-,0.86%
1982-5-7,119.47,119.08,119.89,118.71,-,0.67%
1982-5-10,118.38,119.08,119.49,118.37,-,-0.91%
1982-5-11,119.42,118.54,119.59,118.32,-,0.88%
1982-5-12,119.17,119.89,119.92,118.76,-,-0.21%
1982-5-13,118.22,119.08,119.20,118.13,-,-0.80%
1982-5-14,118.01,118.20,118.40,118.01,-,-0.18%
1982-5-17,116.71,117.62,118.02,116.66,-,-1.10%
1982-5-18,115.84,116.35,116.70,115.71,-,-0.75%
1982-5-19,114.89,115.61,115.96,114.82,-,-0.82%
1982-5-20,114.59,114.85,115.07,114.37,-,-0.26%
1982-5-21,114.89,115.03,115.13,114.60,-,0.26%
1982-5-24,114.79,114.46,114.86,114.24,-,-0.09%
1982-5-25,114.40,115.50,115.51,114.40,-,-0.34%
1982-5-26,113.11,113.68,114.40,112.88,-,-1.13%
1982-5-27,112.66,113.11,113.12,112.58,-,-0.40%
1982-5-28,111.88,112.79,112.80,111.66,-,-0.69%
1982-6-1,111.68,111.97,112.07,111.66,-,-0.18%
1982-6-2,112.04,111.74,112.19,111.55,-,0.32%
1982-6-3,111.86,112.04,112.48,111.45,-,-0.16%
1982-6-4,110.09,111.66,111.85,110.02,-,-1.58%
1982-6-7,110.12,109.59,110.59,109.42,-,0.03%
1982-6-8,109.63,110.33,110.33,109.60,-,-0.44%
1982-6-9,108.99,109.46,109.63,108.53,-,-0.58%
1982-6-10,109.61,109.35,109.70,108.96,-,0.57%
1982-6-11,111.24,111.11,111.48,109.65,-,1.49%
1982-6-14,109.96,110.50,111.22,109.90,-,-1.15%
1982-6-15,109.69,109.63,109.96,108.98,-,-0.25%
1982-6-16,108.87,110.10,110.13,108.82,-,-0.75%
1982-6-17,107.60,108.01,108.85,107.48,-,-1.17%
1982-6-18,107.28,107.60,107.60,107.07,-,-0.30%
1982-6-21,107.20,107.28,107.88,107.01,-,-0.07%
1982-6-22,108.30,107.25,108.30,107.17,-,1.03%
1982-6-23,110.14,108.59,110.14,108.09,-,1.70%
1982-6-24,109.83,110.25,110.92,109.79,-,-0.28%
1982-6-25,109.14,109.56,109.83,109.09,-,-0.63%
1982-6-28,110.26,109.30,110.45,109.17,-,1.03%
1982-6-29,110.21,110.26,110.57,109.68,-,-0.05%
1982-6-30,109.61,110.95,111.00,109.50,-,-0.54%
1982-7-1,108.71,109.52,109.63,108.62,-,-0.82%
1982-7-2,107.65,108.10,108.71,107.60,-,-0.98%
1982-7-6,107.29,107.27,107.67,106.74,-,-0.33%
1982-7-7,107.22,107.08,107.61,106.99,-,-0.07%
1982-7-8,107.53,106.85,107.53,105.57,-,0.29%
1982-7-9,108.83,108.23,108.97,107.56,-,1.21%
1982-7-12,109.57,109.48,109.62,108.89,-,0.68%
1982-7-13,109.45,109.19,110.07,109.19,-,-0.11%
1982-7-14,110.44,109.68,110.44,109.08,-,0.90%
1982-7-15,110.47,110.83,110.95,110.27,-,0.03%
1982-7-16,111.07,110.16,111.48,110.16,-,0.54%
1982-7-19,110.73,111.75,111.78,110.66,-,-0.31%
1982-7-20,111.54,111.11,111.56,110.35,-,0.73%
1982-7-21,111.42,112.15,112.39,111.38,-,-0.11%
1982-7-22,111.48,110.95,112.02,110.94,-,0.05%
1982-7-23,111.17,111.46,111.58,111.05,-,-0.28%
1982-7-26,110.36,110.66,111.16,110.29,-,-0.73%
1982-7-27,109.43,110.26,110.35,109.36,-,-0.84%
1982-7-28,107.74,109.42,109.42,107.53,-,-1.54%
1982-7-29,107.72,107.42,107.92,106.62,-,-0.02%
1982-7-30,107.09,107.35,107.95,107.01,-,-0.58%
1982-8-2,108.98,107.71,109.09,107.11,-,1.76%
1982-8-3,107.83,108.98,109.43,107.81,-,-1.06%
1982-8-4,106.14,107.83,107.83,106.11,-,-1.57%
1982-8-5,105.16,106.10,106.10,104.76,-,-0.92%
1982-8-6,103.71,105.16,105.16,103.67,-,-1.38%
1982-8-9,103.08,103.69,103.69,102.20,-,-0.61%
1982-8-10,102.84,103.11,103.84,102.82,-,-0.23%
1982-8-11,102.60,102.83,103.01,102.48,-,-0.23%
1982-8-12,102.42,102.60,103.22,102.39,-,-0.18%
1982-8-13,103.85,102.42,103.85,102.40,-,1.40%
1982-8-16,104.09,103.86,105.52,103.86,-,0.23%
1982-8-17,109.04,105.40,109.04,104.09,-,4.76%
1982-8-18,108.54,109.04,111.58,108.46,-,-0.46%
1982-8-19,109.16,108.53,109.86,108.34,-,0.57%
1982-8-20,113.02,109.19,113.02,109.19,-,3.54%
1982-8-23,116.11,113.02,116.11,112.65,-,2.73%
1982-8-24,115.35,116.11,116.39,115.08,-,-0.65%
1982-8-25,117.58,115.35,118.12,115.11,-,1.93%
1982-8-26,118.55,117.57,120.26,117.57,-,0.82%
1982-8-27,117.11,117.38,118.56,116.63,-,-1.21%
1982-8-30,117.66,117.05,117.66,115.79,-,0.47%
1982-8-31,119.51,117.65,119.60,117.65,-,1.57%
1982-9-1,118.25,119.52,120.05,117.98,-,-1.05%
1982-9-2,120.29,118.24,120.32,117.84,-,1.73%
1982-9-3,122.68,120.31,123.64,120.31,-,1.99%
1982-9-7,121.37,122.68,122.68,121.19,-,-1.07%
1982-9-8,122.20,121.33,123.11,121.19,-,0.68%
1982-9-9,121.97,122.19,123.22,121.90,-,-0.19%
1982-9-10,120.97,121.97,121.98,120.27,-,-0.82%
1982-9-13,122.24,120.94,122.24,120.25,-,1.05%
1982-9-14,123.10,122.27,123.69,122.27,-,0.70%
1982-9-15,124.29,123.09,124.81,122.72,-,0.97%
1982-9-16,123.77,124.28,124.88,123.65,-,-0.42%
1982-9-17,122.55,123.76,123.76,122.34,-,-0.99%
1982-9-20,122.51,122.54,122.54,121.48,-,-0.03%
1982-9-21,124.88,122.51,124.91,122.51,-,1.93%
1982-9-22,123.99,124.90,126.43,123.99,-,-0.71%
1982-9-23,123.81,123.99,124.19,122.96,-,-0.15%
1982-9-24,123.32,123.79,123.80,123.11,-,-0.40%
1982-9-27,123.62,123.32,123.62,122.75,-,0.24%
1982-9-28,123.24,123.62,124.16,123.21,-,-0.31%
1982-9-29,121.63,123.24,123.24,121.28,-,-1.31%
1982-9-30,120.42,121.62,121.62,120.14,-,-0.99%
1982-10-1,121.97,120.40,121.97,120.15,-,1.29%
1982-10-4,121.51,121.97,121.97,120.56,-,-0.38%
1982-10-5,121.98,121.60,122.73,121.60,-,0.39%
1982-10-6,125.97,122.00,125.97,122.00,-,3.27%
1982-10-7,128.80,125.99,128.96,125.99,-,2.25%
1982-10-8,131.05,128.79,131.11,128.79,-,1.75%
1982-10-11,134.47,131.06,135.53,131.06,-,2.61%
1982-10-12,134.44,134.48,135.85,133.59,-,-0.02%
1982-10-13,136.71,134.42,137.97,134.14,-,1.69%
1982-10-14,134.57,136.71,136.89,134.55,-,-1.57%
1982-10-15,133.57,134.55,134.61,133.28,-,-0.74%
1982-10-18,136.73,133.59,136.73,133.59,-,2.37%
1982-10-19,136.58,136.73,137.96,135.72,-,-0.11%
1982-10-20,139.23,136.58,139.23,136.37,-,1.94%
1982-10-21,139.06,139.23,140.27,137.63,-,-0.12%
1982-10-22,138.83,139.06,140.40,138.75,-,-0.17%
1982-10-25,133.32,138.81,138.81,133.32,-,-3.97%
1982-10-26,134.48,133.29,134.48,131.50,-,0.87%
1982-10-27,135.29,134.48,135.92,134.48,-,0.60%
1982-10-28,133.59,135.28,135.42,133.59,-,-1.26%
1982-10-29,133.72,133.54,134.02,132.64,-,0.10%
1982-11-1,135.47,133.72,136.03,133.22,-,1.31%
1982-11-2,137.49,135.48,138.51,135.48,-,1.49%
1982-11-3,142.87,137.53,142.88,137.53,-,3.91%
1982-11-4,141.85,142.85,143.99,141.65,-,-0.71%
1982-11-5,142.16,141.85,142.43,141.32,-,0.22%
1982-11-8,140.44,142.12,142.12,139.98,-,-1.21%
1982-11-9,143.02,140.48,143.16,140.46,-,1.84%
1982-11-10,141.16,143.04,144.36,140.80,-,-1.30%
1982-11-11,141.75,141.15,141.75,139.88,-,0.42%
1982-11-12,139.53,141.75,141.85,139.53,-,-1.57%
1982-11-15,137.03,139.54,139.54,137.00,-,-1.79%
1982-11-16,135.42,136.97,136.97,134.05,-,-1.17%
1982-11-17,137.93,135.47,137.93,135.47,-,1.85%
1982-11-18,138.34,137.93,138.78,137.47,-,0.30%
1982-11-19,137.02,138.35,138.93,137.00,-,-0.95%
1982-11-22,134.22,137.03,137.10,134.21,-,-2.04%
1982-11-23,132.93,134.21,134.28,132.89,-,-0.96%
1982-11-24,133.88,132.92,133.88,132.92,-,0.71%
1982-11-26,134.88,133.89,134.88,133.89,-,0.75%
1982-11-29,134.20,134.89,135.29,133.69,-,-0.50%
1982-11-30,138.53,134.20,138.53,134.19,-,3.23%
1982-12-1,138.72,138.56,140.37,138.35,-,0.14%
1982-12-2,138.82,138.72,139.63,138.66,-,0.07%
1982-12-3,138.69,138.87,139.59,138.59,-,-0.09%
1982-12-6,141.77,138.70,141.77,138.01,-,2.22%
1982-12-7,142.72,141.79,143.68,141.79,-,0.67%
1982-12-8,141.82,142.71,143.58,141.82,-,-0.63%
1982-12-9,140.00,141.80,141.80,139.92,-,-1.28%
1982-12-10,139.57,139.99,141.15,139.35,-,-0.31%
1982-12-13,139.95,139.57,140.12,139.50,-,0.27%
1982-12-14,137.40,139.99,142.50,137.34,-,-1.82%
1982-12-15,135.24,137.40,137.40,135.12,-,-1.57%
1982-12-16,135.30,135.22,135.78,134.79,-,0.04%
1982-12-17,137.49,135.35,137.71,135.35,-,1.62%
1982-12-20,136.25,137.49,137.84,136.19,-,-0.90%
1982-12-21,138.61,136.24,139.27,136.07,-,1.73%
1982-12-22,138.83,138.63,139.69,138.60,-,0.16%
1982-12-23,139.72,138.84,139.94,138.84,-,0.64%
1982-12-27,142.17,139.73,142.32,139.72,-,1.75%
1982-12-28,140.77,142.18,142.34,140.75,-,-0.98%
1982-12-29,141.24,140.77,141.73,140.68,-,0.33%
1982-12-30,140.33,141.24,141.68,140.22,-,-0.64%
1982-12-31,140.64,140.34,140.78,140.27,-,0.22%
1983-1-3,138.34,140.65,141.33,138.20,-,-1.64%
1983-1-4,141.36,138.33,141.36,138.08,-,2.18%
1983-1-5,141.96,141.35,142.60,141.15,-,0.42%
1983-1-6,145.27,142.01,145.77,142.01,-,2.33%
1983-1-7,145.18,145.27,146.46,145.15,-,-0.06%
1983-1-10,146.78,145.19,147.25,144.58,-,1.10%
1983-1-11,145.78,146.79,146.83,145.38,-,-0.68%
1983-1-12,146.69,145.76,148.36,145.76,-,0.62%
1983-1-13,145.73,146.67,146.94,145.67,-,-0.65%
1983-1-14,146.65,145.72,147.12,145.72,-,0.63%
1983-1-17,146.72,146.65,147.90,146.64,-,0.05%
1983-1-18,146.40,146.71,146.74,145.52,-,-0.22%
1983-1-19,145.27,146.40,146.45,144.51,-,-0.77%
1983-1-20,146.29,145.29,146.62,145.29,-,0.70%
1983-1-21,143.85,146.30,146.30,143.25,-,-1.67%
1983-1-24,139.97,143.84,143.84,139.10,-,-2.70%
1983-1-25,141.75,139.98,141.75,139.98,-,1.27%
1983-1-26,141.54,141.77,142.16,141.16,-,-0.15%
1983-1-27,144.27,141.54,144.30,141.54,-,1.93%
1983-1-28,144.51,144.31,145.47,144.25,-,0.17%
1983-1-31,145.30,144.51,145.30,143.93,-,0.55%
1983-2-1,142.96,145.29,145.29,142.96,-,-1.61%
1983-2-2,143.23,142.95,143.52,141.90,-,0.19%
1983-2-3,144.26,143.25,144.43,143.25,-,0.72%
1983-2-4,146.14,144.26,146.14,144.14,-,1.30%
1983-2-7,146.93,146.14,147.42,146.14,-,0.54%
1983-2-8,145.70,146.93,147.21,145.52,-,-0.84%
1983-2-9,145.00,145.70,145.83,144.09,-,-0.48%
1983-2-10,147.50,145.04,147.75,145.04,-,1.72%
1983-2-11,147.65,147.51,148.81,147.18,-,0.10%
1983-2-14,148.93,147.71,149.14,147.40,-,0.87%
1983-2-15,148.30,148.94,149.41,148.13,-,-0.42%
1983-2-16,147.43,148.31,148.66,147.41,-,-0.59%
1983-2-17,147.44,147.43,147.57,143.84,-,0.01%
1983-2-18,148.00,147.44,148.29,147.21,-,0.38%
1983-2-22,145.48,148.01,148.11,145.42,-,-1.70%
1983-2-23,146.79,145.47,146.79,145.40,-,0.90%
1983-2-24,149.60,146.80,149.67,146.80,-,1.91%
1983-2-25,149.74,149.60,150.88,149.60,-,0.09%
1983-2-28,148.06,149.74,149.74,147.81,-,-1.12%
1983-3-1,150.88,148.07,150.88,148.07,-,1.90%
1983-3-2,152.30,150.91,152.63,150.91,-,0.94%
1983-3-3,153.48,152.31,154.16,152.31,-,0.77%
1983-3-4,153.67,153.47,153.67,152.53,-,0.12%
1983-3-7,153.67,153.67,154.00,152.65,-,0.00%
1983-3-8,151.26,153.63,153.63,151.26,-,-1.57%
1983-3-9,152.87,151.25,152.87,150.84,-,1.06%
1983-3-10,151.80,152.87,154.01,151.75,-,-0.70%
1983-3-11,151.24,151.75,151.75,150.65,-,-0.37%
1983-3-14,150.83,151.28,151.30,150.24,-,-0.27%
1983-3-15,151.37,150.83,151.37,150.40,-,0.36%
1983-3-16,149.81,151.36,151.62,149.78,-,-1.03%
1983-3-17,149.59,149.80,149.80,149.12,-,-0.15%
1983-3-18,149.90,149.59,150.29,149.56,-,0.21%
1983-3-21,151.19,149.82,151.20,149.32,-,0.86%
1983-3-22,150.66,151.21,151.59,150.60,-,-0.35%
1983-3-23,152.81,150.65,152.98,150.65,-,1.43%
1983-3-24,153.37,152.82,153.78,152.82,-,0.37%
1983-3-25,152.67,153.37,153.71,152.30,-,-0.46%
1983-3-28,151.85,152.67,152.67,151.56,-,-0.54%
1983-3-29,151.59,151.85,152.46,151.42,-,-0.17%
1983-3-30,153.39,151.60,153.39,151.60,-,1.19%
1983-3-31,152.96,153.41,155.02,152.86,-,-0.28%
1983-4-4,153.02,152.92,153.02,152.23,-,0.04%
1983-4-5,151.90,153.04,153.92,151.81,-,-0.73%
1983-4-6,151.04,151.90,151.90,150.17,-,-0.57%
1983-4-7,151.76,151.04,151.76,150.81,-,0.48%
1983-4-8,152.85,151.77,152.85,151.39,-,0.72%
1983-4-11,155.14,152.87,155.14,152.87,-,1.50%
1983-4-12,155.82,155.15,155.82,154.78,-,0.44%
1983-4-13,156.77,155.82,157.22,155.82,-,0.61%
1983-4-14,158.12,156.80,158.12,156.55,-,0.86%
1983-4-15,158.75,158.11,158.75,158.11,-,0.40%
1983-4-18,159.74,158.75,159.75,158.41,-,0.62%
1983-4-19,158.71,159.74,159.74,158.54,-,-0.64%
1983-4-20,160.71,158.71,160.83,158.71,-,1.26%
1983-4-21,160.05,160.73,161.08,159.96,-,-0.41%
1983-4-22,160.42,160.04,160.76,160.02,-,0.23%
1983-4-25,158.81,160.43,160.83,158.72,-,-1.00%
1983-4-26,161.81,158.81,161.81,158.07,-,1.89%
1983-4-27,161.44,161.85,162.77,160.76,-,-0.23%
1983-4-28,162.95,161.44,162.96,161.44,-,0.94%
1983-4-29,164.43,162.97,164.43,162.72,-,0.91%
1983-5-2,162.11,164.41,164.42,161.99,-,-1.41%
1983-5-3,162.34,162.10,162.35,160.80,-,0.14%
1983-5-4,163.31,162.38,163.64,162.38,-,0.60%
1983-5-5,164.28,163.35,164.30,163.35,-,0.59%
1983-5-6,166.10,164.30,166.99,164.30,-,1.11%
1983-5-9,165.81,166.10,166.46,164.90,-,-0.17%
1983-5-10,165.95,165.82,166.40,165.74,-,0.08%
1983-5-11,164.96,165.95,166.30,164.53,-,-0.60%
1983-5-12,164.25,164.98,165.35,163.82,-,-0.43%
1983-5-13,164.91,164.26,165.23,164.26,-,0.40%
1983-5-16,163.40,164.90,164.90,162.33,-,-0.92%
1983-5-17,163.71,163.40,163.71,162.55,-,0.19%
1983-5-18,163.27,163.73,165.18,163.16,-,-0.27%
1983-5-19,161.99,163.27,163.61,161.98,-,-0.78%
1983-5-20,162.14,161.97,162.14,161.25,-,0.09%
1983-5-23,163.43,162.06,163.50,160.29,-,0.80%
1983-5-24,165.54,163.45,165.59,163.45,-,1.29%
1983-5-25,166.21,165.54,166.21,164.79,-,0.40%
1983-5-26,165.48,166.22,166.39,165.27,-,-0.44%
1983-5-27,164.46,165.49,165.49,164.33,-,-0.62%
1983-5-31,162.39,164.44,164.44,162.12,-,-1.26%
1983-6-1,162.55,162.38,162.64,161.33,-,0.10%
1983-6-2,163.98,162.56,164.00,162.56,-,0.88%
1983-6-3,164.42,163.96,164.79,163.96,-,0.27%
1983-6-6,164.83,164.43,165.09,163.75,-,0.25%
1983-6-7,162.77,164.84,164.93,162.77,-,-1.25%
1983-6-8,161.36,162.78,162.78,161.35,-,-0.87%
1983-6-9,161.83,161.37,161.92,160.80,-,0.29%
1983-6-10,162.68,161.86,162.76,161.86,-,0.53%
1983-6-13,164.84,162.70,164.84,162.70,-,1.33%
1983-6-14,165.53,164.87,165.93,164.87,-,0.42%
1983-6-15,167.12,165.52,167.12,165.07,-,0.96%
1983-6-16,169.14,167.11,169.38,167.11,-,1.21%
1983-6-17,169.13,169.11,169.64,168.60,-,-0.01%
1983-6-20,169.02,169.13,170.10,168.59,-,-0.07%
1983-6-21,170.53,169.03,170.60,168.25,-,0.89%
1983-6-22,170.99,170.53,171.60,170.42,-,0.27%
1983-6-23,170.57,170.99,171.00,170.13,-,-0.25%
1983-6-24,170.41,170.57,170.69,170.03,-,-0.09%
1983-6-27,168.46,170.40,170.46,168.32,-,-1.14%
1983-6-28,165.68,168.45,168.81,165.67,-,-1.65%
1983-6-29,166.64,165.78,166.64,165.43,-,0.58%
1983-6-30,167.64,167.64,167.64,167.64,-,0.60%
1983-7-1,168.64,168.11,168.64,167.77,-,0.60%
1983-7-5,166.60,166.55,168.80,165.80,-,-1.21%
1983-7-6,168.48,166.71,168.88,166.49,-,1.13%
1983-7-7,167.56,168.48,169.15,167.08,-,-0.55%
1983-7-8,167.08,167.56,167.98,166.95,-,-0.29%
1983-7-11,168.11,167.09,168.11,167.09,-,0.62%
1983-7-12,165.53,168.05,168.05,165.51,-,-1.53%
1983-7-13,165.46,165.00,165.68,164.77,-,-0.04%
1983-7-14,166.01,165.61,166.96,165.61,-,0.33%
1983-7-15,164.29,166.01,166.04,164.03,-,-1.04%
1983-7-18,163.95,164.28,164.29,163.30,-,-0.21%
1983-7-19,164.82,163.95,165.18,163.95,-,0.53%
1983-7-20,169.29,164.89,169.29,164.89,-,2.71%
1983-7-21,169.06,169.29,169.80,168.33,-,-0.14%
1983-7-22,168.89,168.51,169.08,168.40,-,-0.10%
1983-7-25,169.53,167.67,169.74,167.63,-,0.38%
1983-7-26,170.53,169.62,170.63,169.26,-,0.59%
1983-7-27,167.59,170.68,170.72,167.49,-,-1.72%
1983-7-28,165.04,167.32,167.79,164.99,-,-1.52%
1983-7-29,162.56,165.03,165.03,161.50,-,-1.50%
1983-8-1,162.04,162.34,162.78,161.55,-,-0.32%
1983-8-2,162.01,162.06,163.04,161.97,-,-0.02%
1983-8-3,163.44,162.01,163.44,161.52,-,0.88%
1983-8-4,161.33,163.28,163.42,159.63,-,-1.29%
1983-8-5,161.74,161.33,161.88,160.89,-,0.25%
1983-8-8,159.18,161.73,161.73,159.18,-,-1.58%
1983-8-9,160.13,159.20,160.14,158.50,-,0.60%
1983-8-10,161.54,160.11,161.77,159.47,-,0.88%
1983-8-11,161.54,161.55,162.14,161.41,-,0.00%
1983-8-12,162.16,161.55,162.60,161.55,-,0.38%
1983-8-15,163.70,162.22,164.76,162.22,-,0.95%
1983-8-16,163.41,163.74,163.84,162.72,-,-0.18%
1983-8-17,165.29,163.58,165.40,163.43,-,1.15%
1983-8-18,163.55,165.29,165.91,163.55,-,-1.05%
1983-8-19,163.98,163.58,164.27,163.22,-,0.26%
1983-8-22,164.34,164.18,165.64,163.77,-,0.22%
1983-8-23,162.77,164.33,164.33,162.54,-,-0.96%
1983-8-24,161.25,162.77,162.77,161.20,-,-0.93%
1983-8-25,160.84,161.27,161.28,159.96,-,-0.25%
1983-8-26,162.14,160.85,162.16,160.25,-,0.81%
1983-8-29,162.25,162.14,162.32,160.97,-,0.07%
1983-8-30,162.58,162.25,163.13,162.11,-,0.20%
1983-8-31,164.40,162.55,164.40,162.32,-,1.12%
1983-9-1,164.23,164.40,164.66,163.95,-,-0.10%
1983-9-2,165.00,164.25,165.07,164.21,-,0.47%
1983-9-6,167.89,165.20,167.90,165.03,-,1.75%
1983-9-7,167.96,167.90,168.48,167.46,-,0.04%
1983-9-8,167.77,167.96,168.14,167.12,-,-0.11%
1983-9-9,166.92,167.77,167.77,166.91,-,-0.51%
1983-9-12,165.48,166.95,169.20,165.27,-,-0.86%
1983-9-13,164.80,165.48,165.48,164.17,-,-0.41%
1983-9-14,165.35,164.80,165.42,164.63,-,0.33%
1983-9-15,164.38,165.39,165.58,164.38,-,-0.59%
1983-9-16,166.25,164.42,166.57,164.39,-,1.14%
1983-9-19,167.62,166.27,168.09,166.26,-,0.82%
1983-9-20,169.24,167.64,169.38,167.64,-,0.97%
1983-9-21,168.41,169.27,169.30,168.21,-,-0.49%
1983-9-22,169.76,168.40,169.78,168.22,-,0.80%
1983-9-23,169.51,169.76,170.17,168.88,-,-0.15%
1983-9-26,170.07,169.53,170.41,169.16,-,0.33%
1983-9-27,168.43,170.02,170.02,167.95,-,-0.96%
1983-9-28,168.00,168.42,168.53,167.52,-,-0.26%
1983-9-29,167.23,168.02,168.35,167.23,-,-0.46%
1983-9-30,166.07,167.23,167.23,165.63,-,-0.69%
1983-10-3,165.81,165.99,166.07,164.93,-,-0.16%
1983-10-4,166.27,165.81,166.80,165.81,-,0.28%
1983-10-5,167.74,166.29,167.74,165.92,-,0.88%
1983-10-6,170.28,167.76,170.28,167.76,-,1.51%
1983-10-7,170.80,170.32,171.10,170.31,-,0.31%
1983-10-10,172.65,170.77,172.65,170.05,-,1.08%
1983-10-11,170.34,172.59,172.59,170.34,-,-1.34%
1983-10-12,169.62,170.34,170.84,169.34,-,-0.42%
1983-10-13,169.87,169.63,170.12,169.13,-,0.15%
1983-10-14,169.86,169.88,169.99,169.18,-,-0.01%
1983-10-17,170.43,169.85,171.18,169.63,-,0.34%
1983-10-18,167.81,170.41,170.41,167.67,-,-1.54%
1983-10-19,166.73,167.81,167.81,165.67,-,-0.64%
1983-10-20,166.98,166.77,167.35,166.44,-,0.15%
1983-10-21,165.95,166.97,167.23,164.98,-,-0.62%
1983-10-24,165.99,165.85,165.99,163.85,-,0.02%
1983-10-25,166.47,166.00,167.15,166.00,-,0.29%
1983-10-26,165.38,166.49,166.65,165.36,-,-0.65%
1983-10-27,164.84,165.31,165.38,164.41,-,-0.33%
1983-10-28,163.37,164.89,165.19,163.23,-,-0.89%
1983-10-31,163.55,163.37,164.58,162.86,-,0.11%
1983-11-1,163.66,163.55,163.66,162.37,-,0.07%
1983-11-2,164.84,165.21,165.21,163.55,-,0.72%
1983-11-3,163.45,164.84,164.85,163.42,-,-0.84%
1983-11-4,162.44,162.68,163.45,162.22,-,-0.62%
1983-11-7,161.91,162.42,162.56,161.84,-,-0.33%
1983-11-8,161.76,161.91,162.15,161.63,-,-0.09%
1983-11-9,163.97,161.74,163.97,161.74,-,1.37%
1983-11-10,164.41,163.99,164.71,163.97,-,0.27%
1983-11-11,166.29,164.41,166.30,164.34,-,1.14%
1983-11-14,166.58,166.29,167.58,166.27,-,0.17%
1983-11-15,165.36,166.58,166.59,165.28,-,-0.73%
1983-11-16,166.08,165.36,166.41,165.34,-,0.44%
1983-11-17,166.13,166.08,166.49,165.51,-,0.03%
1983-11-18,165.09,166.08,166.13,164.50,-,-0.63%
1983-11-21,166.05,165.04,166.05,165.00,-,0.58%
1983-11-22,166.84,166.05,167.26,166.05,-,0.48%
1983-11-23,166.96,166.88,167.21,166.26,-,0.07%
1983-11-25,167.18,167.02,167.20,166.73,-,0.13%
1983-11-28,166.54,167.20,167.22,166.21,-,-0.38%
1983-11-29,167.91,166.54,167.92,166.17,-,0.82%
1983-11-30,166.40,167.91,168.07,166.33,-,-0.90%
1983-12-1,166.49,166.37,166.77,166.08,-,0.05%
1983-12-2,165.44,166.49,166.70,165.25,-,-0.63%
1983-12-5,165.76,165.44,165.79,164.71,-,0.19%
1983-12-6,165.47,165.77,165.93,165.34,-,-0.17%
1983-12-7,165.91,165.47,166.34,165.35,-,0.27%
1983-12-8,165.20,165.91,166.01,164.86,-,-0.43%
1983-12-9,165.08,165.20,165.29,164.50,-,-0.07%
1983-12-12,165.62,165.13,165.62,164.99,-,0.33%
1983-12-13,164.93,165.62,165.63,164.85,-,-0.42%
1983-12-14,163.33,164.93,164.93,163.25,-,-0.97%
1983-12-15,161.66,163.33,163.33,161.66,-,-1.02%
1983-12-16,162.39,161.69,162.39,161.58,-,0.45%
1983-12-19,162.32,162.34,162.88,162.27,-,-0.04%
1983-12-20,162.00,162.33,162.80,161.64,-,-0.20%
1983-12-21,163.56,162.00,163.57,161.99,-,0.96%
1983-12-22,163.53,163.56,164.18,163.17,-,-0.02%
1983-12-23,163.22,163.27,163.31,162.90,-,-0.19%
1983-12-27,164.76,163.22,164.76,163.22,-,0.94%
1983-12-28,165.34,164.69,165.34,164.30,-,0.35%
1983-12-29,164.86,165.33,165.84,164.83,-,-0.29%
1983-12-30,164.93,164.86,165.05,164.58,-,0.04%
1984-1-3,164.04,164.93,164.93,163.98,-,-0.54%
1984-1-4,166.78,164.09,166.78,164.04,-,1.67%
1984-1-5,168.81,166.78,169.10,166.78,-,1.22%
1984-1-6,169.28,168.81,169.31,168.49,-,0.28%
1984-1-9,168.90,169.18,169.46,168.48,-,-0.22%
1984-1-10,167.95,168.90,169.54,167.87,-,-0.56%
1984-1-11,167.80,167.95,168.07,167.27,-,-0.09%
1984-1-12,167.75,167.79,168.40,167.68,-,-0.03%
1984-1-13,167.02,167.75,168.59,166.64,-,-0.44%
1984-1-16,167.18,167.02,167.55,166.77,-,0.10%
1984-1-17,167.83,167.18,167.84,167.01,-,0.39%
1984-1-18,167.55,167.83,168.34,167.02,-,-0.17%
1984-1-19,167.04,167.55,167.65,166.67,-,-0.30%
1984-1-20,166.21,167.04,167.06,165.87,-,-0.50%
1984-1-23,164.87,166.21,166.21,164.83,-,-0.81%
1984-1-24,165.94,164.87,166.35,164.84,-,0.65%
1984-1-25,164.84,165.94,167.12,164.74,-,-0.66%
1984-1-26,164.24,164.84,165.55,164.12,-,-0.36%
1984-1-27,163.94,164.24,164.33,163.07,-,-0.18%
1984-1-30,162.87,164.40,164.67,162.40,-,-0.65%
1984-1-31,163.41,162.87,163.60,162.03,-,0.33%
1984-2-1,162.74,163.41,164.00,162.27,-,-0.41%
1984-2-2,163.36,162.74,163.36,162.24,-,0.38%
1984-2-3,160.91,163.44,163.98,160.82,-,-1.50%
1984-2-6,158.08,160.91,160.91,158.02,-,-1.76%
1984-2-7,158.74,157.91,158.81,157.01,-,0.42%
1984-2-8,155.85,158.74,159.07,155.67,-,-1.82%
1984-2-9,155.42,155.85,156.17,154.30,-,-0.28%
1984-2-10,156.30,155.42,156.52,155.42,-,0.57%
1984-2-13,154.95,156.30,156.32,154.13,-,-0.86%
1984-2-14,156.61,154.95,156.61,154.95,-,1.07%
1984-2-15,156.25,156.61,157.48,156.10,-,-0.23%
1984-2-16,156.13,155.94,156.44,155.44,-,-0.08%
1984-2-17,155.74,156.13,156.80,155.51,-,-0.25%
1984-2-21,154.64,155.71,155.74,154.47,-,-0.71%
1984-2-22,154.31,154.52,155.10,153.94,-,-0.21%
1984-2-23,154.29,154.02,154.45,152.13,-,-0.01%
1984-2-24,157.51,154.31,157.51,154.29,-,2.09%
1984-2-27,159.30,157.51,159.58,157.08,-,1.14%
1984-2-28,156.82,159.30,159.30,156.59,-,-1.56%
1984-2-29,157.06,156.82,158.27,156.41,-,0.15%
1984-3-1,158.19,157.06,158.19,156.77,-,0.72%
1984-3-2,159.24,158.19,159.90,158.19,-,0.66%
1984-3-5,157.89,159.24,159.24,157.59,-,-0.85%
1984-3-6,156.25,157.89,158.37,156.21,-,-1.04%
1984-3-7,154.57,156.25,156.25,153.81,-,-1.08%
1984-3-8,155.19,154.57,155.80,154.35,-,0.40%
1984-3-9,154.35,155.12,155.19,153.77,-,-0.54%
1984-3-12,156.34,154.35,156.35,154.35,-,1.29%
1984-3-13,156.78,156.34,157.93,156.34,-,0.28%
1984-3-14,156.77,156.78,157.17,156.22,-,-0.01%
1984-3-15,157.41,156.78,158.05,156.73,-,0.41%
1984-3-16,159.27,157.41,160.45,157.41,-,1.18%
1984-3-19,157.78,159.27,159.27,157.28,-,-0.94%
1984-3-20,158.86,157.78,159.17,157.78,-,0.68%
1984-3-21,158.66,158.86,159.26,158.59,-,-0.13%
1984-3-22,156.69,158.66,158.67,156.61,-,-1.24%
1984-3-23,156.86,156.69,156.92,156.02,-,0.11%
1984-3-26,156.67,156.86,157.18,156.31,-,-0.12%
1984-3-27,157.30,156.67,157.30,156.61,-,0.40%
1984-3-28,159.88,157.30,159.90,157.30,-,1.64%
1984-3-29,159.52,159.88,160.46,159.52,-,-0.23%
1984-3-30,159.18,159.52,159.52,158.92,-,-0.21%
1984-4-2,157.98,159.18,159.87,157.63,-,-0.75%
1984-4-3,157.66,157.99,158.27,157.17,-,-0.20%
1984-4-4,157.54,157.66,158.11,157.29,-,-0.08%
1984-4-5,155.04,157.54,158.10,154.96,-,-1.59%
1984-4-6,155.48,155.04,155.48,154.12,-,0.28%
1984-4-9,155.45,155.48,155.86,154.71,-,-0.02%
1984-4-10,155.87,155.45,156.57,155.45,-,0.27%
1984-4-11,155.00,155.93,156.31,154.90,-,-0.56%
1984-4-12,157.73,155.00,157.74,154.17,-,1.76%
1984-4-13,157.31,157.73,158.87,157.13,-,-0.27%
1984-4-16,158.32,157.31,158.35,156.49,-,0.64%
1984-4-17,158.97,158.32,159.59,158.32,-,0.41%
1984-4-18,157.90,158.97,158.97,157.64,-,-0.67%
1984-4-19,158.02,157.90,158.02,157.10,-,0.08%
1984-4-23,156.80,158.02,158.05,156.79,-,-0.77%
1984-4-24,158.07,156.80,158.38,156.61,-,0.81%
1984-4-25,158.65,158.07,158.77,157.80,-,0.37%
1984-4-26,160.30,158.65,160.50,158.65,-,1.04%
1984-4-27,159.89,160.30,160.69,159.77,-,-0.26%
1984-4-30,160.05,159.89,160.43,159.30,-,0.10%
1984-5-1,161.68,160.05,161.69,160.05,-,1.02%
1984-5-2,161.90,161.68,162.11,161.41,-,0.14%
1984-5-3,161.20,161.90,161.90,160.95,-,-0.43%
1984-5-4,159.11,161.20,161.20,158.93,-,-1.30%
1984-5-7,159.47,159.11,159.48,158.63,-,0.23%
1984-5-8,160.52,159.47,160.52,159.14,-,0.66%
1984-5-9,160.11,160.52,161.31,159.39,-,-0.26%
1984-5-10,160.00,160.11,160.45,159.61,-,-0.07%
1984-5-11,158.49,160.00,160.00,157.42,-,-0.94%
1984-5-14,157.50,158.49,158.49,157.20,-,-0.62%
1984-5-15,158.00,157.50,158.27,157.29,-,0.32%
1984-5-16,157.99,158.00,158.41,157.83,-,-0.01%
1984-5-17,156.57,157.99,157.99,156.15,-,-0.90%
1984-5-18,155.78,156.57,156.77,155.24,-,-0.50%
1984-5-21,154.73,155.78,156.11,154.63,-,-0.67%
1984-5-22,153.88,154.73,154.73,152.99,-,-0.55%
1984-5-23,153.15,153.88,154.02,153.10,-,-0.47%
1984-5-24,151.23,153.15,153.15,150.80,-,-1.25%
1984-5-25,151.62,151.23,152.02,150.85,-,0.26%
1984-5-29,150.29,151.62,151.86,149.95,-,-0.88%
1984-5-30,150.35,150.29,151.43,148.68,-,0.04%
1984-5-31,150.55,150.35,150.69,149.76,-,0.13%
1984-6-1,153.24,150.55,153.24,150.55,-,1.79%
1984-6-4,154.34,153.24,155.10,153.24,-,0.72%
1984-6-5,153.65,154.34,154.34,153.28,-,-0.45%
1984-6-6,155.01,153.65,155.03,153.38,-,0.89%
1984-6-7,154.92,155.01,155.11,154.36,-,-0.06%
1984-6-8,155.17,154.92,155.40,154.57,-,0.16%
1984-6-11,153.06,155.17,155.17,153.00,-,-1.36%
1984-6-12,152.19,153.06,153.07,151.61,-,-0.57%
1984-6-13,152.13,152.19,152.85,151.86,-,-0.04%
1984-6-14,150.39,152.12,152.14,150.31,-,-1.14%
1984-6-15,149.03,150.49,150.71,149.02,-,-0.90%
1984-6-18,151.73,149.03,151.92,148.53,-,1.81%
1984-6-19,152.61,151.73,153.00,151.73,-,0.58%
1984-6-20,154.84,151.89,154.84,150.96,-,1.46%
1984-6-21,154.51,154.84,155.64,154.05,-,-0.21%
1984-6-22,154.46,154.51,154.92,153.89,-,-0.03%
1984-6-25,153.97,154.46,154.67,153.86,-,-0.32%
1984-6-26,152.71,153.97,153.97,152.47,-,-0.82%
1984-6-27,151.64,152.71,152.88,151.30,-,-0.70%
1984-6-28,152.84,151.64,153.07,151.62,-,0.79%
1984-6-29,153.18,152.84,154.08,152.82,-,0.22%
1984-7-2,153.20,153.16,153.22,152.44,-,0.01%
1984-7-3,153.70,153.20,153.86,153.10,-,0.33%
1984-7-5,152.76,153.70,153.87,152.71,-,-0.61%
1984-7-6,152.24,152.76,152.76,151.63,-,-0.34%
1984-7-9,153.36,152.24,153.53,151.44,-,0.74%
1984-7-10,152.89,153.36,153.53,152.57,-,-0.31%
1984-7-11,150.56,152.89,152.89,150.55,-,-1.52%
1984-7-12,150.03,150.56,151.06,149.63,-,-0.35%
1984-7-13,150.88,150.03,151.16,150.03,-,0.57%
1984-7-16,151.60,150.88,151.60,150.01,-,0.48%
1984-7-17,152.38,151.60,152.60,151.26,-,0.51%
1984-7-18,151.40,152.38,152.38,151.11,-,-0.64%
1984-7-19,150.37,151.40,151.40,150.27,-,-0.68%
1984-7-20,149.55,150.37,150.58,149.07,-,-0.55%
1984-7-23,148.95,149.55,149.55,147.85,-,-0.40%
1984-7-24,147.82,148.95,149.28,147.78,-,-0.76%
1984-7-25,148.83,147.82,149.30,147.26,-,0.68%
1984-7-26,150.08,148.83,150.16,148.83,-,0.84%
1984-7-27,151.19,150.08,151.38,149.99,-,0.74%
1984-7-30,150.19,151.19,151.19,150.14,-,-0.66%
1984-7-31,150.66,150.19,150.77,149.65,-,0.31%
1984-8-1,154.08,150.66,154.08,150.66,-,2.27%
1984-8-2,157.99,154.08,157.99,154.08,-,2.54%
1984-8-3,162.35,160.28,162.56,158.00,-,2.76%
1984-8-6,162.60,162.35,165.27,162.09,-,0.15%
1984-8-7,162.72,162.60,163.58,160.81,-,0.07%
1984-8-8,161.75,162.71,163.87,161.75,-,-0.60%
1984-8-9,165.54,161.75,165.88,161.47,-,2.34%
1984-8-10,165.42,165.54,168.59,165.24,-,-0.07%
1984-8-13,165.43,164.84,165.49,163.98,-,0.01%
1984-8-14,164.42,165.43,166.09,164.28,-,-0.61%
1984-8-15,162.80,164.42,164.42,162.75,-,-0.99%
1984-8-16,163.77,162.80,164.42,162.75,-,0.60%
1984-8-17,164.14,164.30,164.61,163.78,-,0.23%
1984-8-20,164.94,164.14,164.94,163.76,-,0.49%
1984-8-21,167.83,164.94,168.22,164.93,-,1.75%
1984-8-22,167.06,167.83,168.80,166.92,-,-0.46%
1984-8-23,167.12,167.06,167.78,166.61,-,0.04%
1984-8-24,167.51,167.12,167.52,167.12,-,0.23%
1984-8-27,166.44,167.51,167.51,165.81,-,-0.64%
1984-8-28,167.40,166.44,167.43,166.21,-,0.58%
1984-8-29,167.09,167.40,168.21,167.03,-,-0.19%
1984-8-30,166.60,167.10,167.19,166.55,-,-0.29%
1984-8-31,166.68,166.60,166.68,165.78,-,0.05%
1984-9-4,164.88,166.68,166.68,164.73,-,-1.08%
1984-9-5,164.29,164.88,164.88,163.84,-,-0.36%
1984-9-6,165.65,164.29,165.95,164.29,-,0.83%
1984-9-7,164.37,165.65,166.31,164.22,-,-0.77%
1984-9-10,164.26,164.37,165.05,163.06,-,-0.07%
1984-9-11,164.45,165.22,166.17,164.28,-,0.12%
1984-9-12,164.68,164.45,164.81,164.14,-,0.14%
1984-9-13,167.94,164.68,167.94,164.68,-,1.98%
1984-9-14,168.78,167.94,169.65,167.94,-,0.50%
1984-9-17,168.87,168.78,169.37,167.99,-,0.05%
1984-9-18,167.65,168.87,168.87,167.64,-,-0.72%
1984-9-19,166.94,167.65,168.76,166.89,-,-0.42%
1984-9-20,167.47,166.94,167.47,166.70,-,0.32%
1984-9-21,165.67,167.47,168.67,165.66,-,-1.07%
1984-9-24,165.28,165.67,166.12,164.98,-,-0.24%
1984-9-25,165.62,165.28,165.97,164.45,-,0.21%
1984-9-26,166.28,165.62,167.20,165.61,-,0.40%
1984-9-27,166.96,166.75,167.18,166.33,-,0.41%
1984-9-28,166.10,166.96,166.96,165.77,-,-0.52%
1984-10-1,164.62,166.10,166.10,164.48,-,-0.89%
1984-10-2,163.59,164.62,165.24,163.55,-,-0.63%
1984-10-3,162.44,163.59,163.59,162.20,-,-0.70%
1984-10-4,162.92,162.44,163.22,162.44,-,0.30%
1984-10-5,162.68,162.92,163.32,162.51,-,-0.15%
1984-10-8,162.13,162.68,162.68,161.80,-,-0.34%
1984-10-9,161.67,162.13,162.84,161.62,-,-0.28%
1984-10-10,162.11,161.67,162.12,160.02,-,0.27%
1984-10-11,162.78,162.11,162.87,162.00,-,0.41%
1984-10-12,164.18,162.78,164.47,162.78,-,0.86%
1984-10-15,165.77,164.18,166.15,164.09,-,0.97%
1984-10-16,164.78,165.78,165.78,164.66,-,-0.60%
1984-10-17,164.14,164.78,165.04,163.71,-,-0.39%
1984-10-18,168.10,164.14,168.10,163.80,-,2.41%
1984-10-19,167.96,168.08,169.62,167.31,-,-0.08%
1984-10-22,167.36,167.96,168.36,167.26,-,-0.36%
1984-10-23,167.09,167.36,168.27,166.83,-,-0.16%
1984-10-24,167.20,167.09,167.54,166.82,-,0.07%
1984-10-25,166.31,167.20,167.62,166.17,-,-0.53%
1984-10-26,165.29,166.31,166.31,164.93,-,-0.61%
1984-10-29,164.78,165.29,165.29,164.67,-,-0.31%
1984-10-30,166.84,164.78,167.33,164.78,-,1.25%
1984-10-31,166.09,166.74,166.95,165.99,-,-0.45%
1984-11-1,167.49,166.09,167.83,166.09,-,0.84%
1984-11-2,167.42,167.49,167.95,167.24,-,-0.04%
1984-11-5,168.58,167.42,168.65,167.33,-,0.69%
1984-11-6,170.41,168.58,170.41,168.58,-,1.09%
1984-11-7,169.17,170.41,170.41,168.44,-,-0.73%
1984-11-8,168.68,169.19,169.27,168.27,-,-0.29%
1984-11-9,167.60,168.68,169.46,167.44,-,-0.64%
1984-11-12,167.36,167.65,167.65,166.67,-,-0.14%
1984-11-13,165.97,167.36,167.38,165.79,-,-0.83%
1984-11-14,165.99,165.97,166.43,165.39,-,0.01%
1984-11-15,165.89,165.99,166.49,165.61,-,-0.06%
1984-11-16,164.10,165.89,166.24,164.09,-,-1.08%
1984-11-19,163.09,164.10,164.34,163.03,-,-0.62%
1984-11-20,164.18,163.10,164.47,163.10,-,0.67%
1984-11-21,164.51,164.18,164.68,163.29,-,0.20%
1984-11-23,166.92,164.52,166.92,164.52,-,1.46%
1984-11-26,165.55,166.92,166.92,165.37,-,-0.82%
1984-11-27,166.29,165.55,166.85,165.07,-,0.45%
1984-11-28,165.02,166.29,166.90,164.97,-,-0.76%
1984-11-29,163.91,165.02,165.02,163.78,-,-0.67%
1984-11-30,163.58,163.91,163.91,162.99,-,-0.20%
1984-12-3,162.82,163.58,163.58,162.29,-,-0.46%
1984-12-4,163.38,162.82,163.91,162.82,-,0.34%
1984-12-5,162.10,163.38,163.40,161.93,-,-0.78%
1984-12-6,162.76,162.10,163.11,161.76,-,0.41%
1984-12-7,162.26,162.76,163.31,162.26,-,-0.31%
1984-12-10,162.83,162.26,163.32,161.54,-,0.35%
1984-12-11,163.07,162.83,163.18,162.56,-,0.15%
1984-12-12,162.63,163.07,163.18,162.55,-,-0.27%
1984-12-13,161.81,162.63,162.92,161.54,-,-0.50%
1984-12-14,162.69,161.81,163.53,161.63,-,0.54%
1984-12-17,163.61,162.69,163.63,162.44,-,0.57%
1984-12-18,168.11,163.61,168.11,163.61,-,2.75%
1984-12-19,167.16,168.11,169.03,166.84,-,-0.57%
1984-12-20,166.38,167.16,167.58,166.29,-,-0.47%
1984-12-21,165.51,166.34,166.38,164.62,-,-0.52%
1984-12-24,166.76,165.51,166.93,165.50,-,0.76%
1984-12-26,166.47,166.76,166.76,166.29,-,-0.17%
1984-12-27,165.75,166.47,166.50,165.62,-,-0.43%
1984-12-28,166.26,165.75,166.32,165.67,-,0.31%
1984-12-31,167.24,166.26,167.34,166.06,-,0.59%
1985-1-2,165.37,167.20,167.20,165.19,-,-1.12%
1985-1-3,164.57,165.37,166.11,164.38,-,-0.48%
1985-1-4,163.68,164.55,164.55,163.36,-,-0.54%
1985-1-7,164.24,163.68,164.71,163.68,-,0.34%
1985-1-8,163.99,164.24,164.59,163.91,-,-0.15%
1985-1-9,165.18,163.99,165.57,163.99,-,0.73%
1985-1-10,168.31,165.18,168.31,164.99,-,1.89%
1985-1-11,167.91,168.31,168.72,167.58,-,-0.24%
1985-1-14,170.51,167.91,170.55,167.58,-,1.55%
1985-1-15,170.81,170.51,171.82,170.40,-,0.18%
1985-1-16,171.19,170.81,171.94,170.41,-,0.22%
1985-1-17,170.73,171.19,171.34,170.22,-,-0.27%
1985-1-18,171.32,170.73,171.42,170.66,-,0.35%
1985-1-21,175.23,171.32,175.45,171.31,-,2.28%
1985-1-22,175.48,175.23,176.63,175.14,-,0.14%
1985-1-23,177.30,175.48,177.30,175.15,-,1.04%
1985-1-24,176.71,177.30,178.16,176.56,-,-0.33%
1985-1-25,177.35,176.71,177.75,176.54,-,0.36%
1985-1-28,177.40,177.35,178.19,176.56,-,0.03%
1985-1-29,179.18,177.40,179.19,176.58,-,1.00%
1985-1-30,179.39,179.18,180.27,179.05,-,0.12%
1985-1-31,179.63,179.39,179.83,178.56,-,0.13%
1985-2-1,178.63,179.63,179.63,178.44,-,-0.56%
1985-2-4,180.35,178.63,180.35,177.75,-,0.96%
1985-2-5,180.61,180.35,181.53,180.07,-,0.14%
1985-2-6,180.43,180.61,181.50,180.32,-,-0.10%
1985-2-7,181.82,180.43,181.96,180.43,-,0.77%
1985-2-8,182.19,181.82,182.39,181.67,-,0.20%
1985-2-11,180.51,182.19,182.19,180.11,-,-0.92%
1985-2-12,180.56,180.51,180.75,179.45,-,0.03%
1985-2-13,183.35,180.56,183.86,180.50,-,1.55%
1985-2-14,182.41,183.35,183.95,182.39,-,-0.51%
1985-2-15,181.60,182.41,182.65,181.23,-,-0.44%
1985-2-19,181.33,181.60,181.61,180.95,-,-0.15%
1985-2-20,181.18,181.33,182.10,180.64,-,-0.08%
1985-2-21,180.19,181.18,181.18,180.02,-,-0.55%
1985-2-22,179.36,180.19,180.41,179.23,-,-0.46%
1985-2-25,179.23,179.36,179.36,178.13,-,-0.07%
1985-2-26,181.17,179.23,181.58,179.16,-,1.08%
1985-2-27,180.71,181.17,181.87,180.50,-,-0.25%
1985-2-28,181.18,180.71,181.21,180.33,-,0.26%
1985-3-1,183.23,181.18,183.89,181.16,-,1.13%
1985-3-4,182.06,183.23,183.41,181.40,-,-0.64%
1985-3-5,182.23,182.06,182.65,181.42,-,0.09%
1985-3-6,180.65,182.23,182.25,180.59,-,-0.87%
1985-3-7,179.51,180.65,180.65,179.44,-,-0.63%
1985-3-8,179.10,179.51,179.97,179.07,-,-0.23%
1985-3-11,178.79,179.10,179.46,178.15,-,-0.17%
1985-3-12,179.66,178.79,180.14,178.70,-,0.49%
1985-3-13,178.19,179.66,179.96,178.02,-,-0.82%
1985-3-14,177.84,178.19,178.53,177.61,-,-0.20%
1985-3-15,176.53,177.84,178.41,176.53,-,-0.74%
1985-3-18,176.88,176.53,177.66,176.53,-,0.20%
1985-3-19,179.54,176.88,179.56,176.87,-,1.50%
1985-3-20,179.08,179.54,179.78,178.79,-,-0.26%
1985-3-21,179.35,179.08,180.22,178.89,-,0.15%
1985-3-22,179.04,179.35,179.92,178.86,-,-0.17%
1985-3-25,177.97,179.04,179.04,177.85,-,-0.60%
1985-3-26,178.43,177.97,178.86,177.88,-,0.26%
1985-3-27,179.54,178.43,179.80,178.43,-,0.62%
1985-3-28,179.54,179.54,180.60,179.43,-,0.00%
1985-3-29,180.66,179.54,180.66,179.54,-,0.62%
1985-4-1,181.27,180.66,181.27,180.43,-,0.34%
1985-4-2,180.53,181.27,181.86,180.28,-,-0.41%
1985-4-3,179.11,180.53,180.53,178.64,-,-0.79%
1985-4-4,179.03,179.11,179.13,178.29,-,-0.04%
1985-4-8,178.03,179.03,179.46,177.86,-,-0.56%
1985-4-9,178.21,178.03,178.67,177.97,-,0.10%
1985-4-10,179.42,178.21,179.90,178.21,-,0.68%
1985-4-11,180.19,179.42,180.91,179.42,-,0.43%
1985-4-12,180.54,180.19,180.55,180.06,-,0.19%
1985-4-15,180.92,180.54,181.15,180.45,-,0.21%
1985-4-16,181.20,180.92,181.78,180.19,-,0.15%
1985-4-17,181.68,181.20,181.91,181.14,-,0.26%
1985-4-18,180.84,181.68,182.56,180.75,-,-0.46%
1985-4-19,181.11,180.84,181.25,180.42,-,0.15%
1985-4-22,180.70,181.11,181.23,180.25,-,-0.23%
1985-4-23,181.88,180.70,181.97,180.34,-,0.65%
1985-4-24,182.26,181.88,182.27,181.74,-,0.21%
1985-4-25,183.43,182.26,183.43,182.12,-,0.64%
1985-4-26,182.18,183.43,183.61,182.11,-,-0.68%
1985-4-29,180.63,182.18,182.34,180.62,-,-0.85%
1985-4-30,179.83,180.63,180.63,178.86,-,-0.44%
1985-5-1,178.37,179.83,180.04,178.35,-,-0.81%
1985-5-2,179.01,178.37,179.01,178.37,-,0.36%
1985-5-3,180.08,179.01,180.30,179.01,-,0.60%
1985-5-6,179.99,180.08,180.56,179.82,-,-0.05%
1985-5-7,180.76,179.99,181.09,179.87,-,0.43%
1985-5-8,180.62,180.76,180.76,179.96,-,-0.08%
1985-5-9,181.92,180.62,181.97,180.62,-,0.72%
1985-5-10,184.28,181.92,184.74,181.92,-,1.30%
1985-5-13,184.61,184.28,184.61,184.19,-,0.18%
1985-5-14,183.87,184.61,185.17,183.65,-,-0.40%
1985-5-15,184.54,183.87,185.43,183.86,-,0.36%
1985-5-16,185.66,184.54,185.74,184.54,-,0.61%
1985-5-17,187.42,185.66,187.94,185.47,-,0.95%
1985-5-20,189.72,187.42,189.98,187.42,-,1.23%
1985-5-21,189.64,189.72,189.81,188.78,-,-0.04%
1985-5-22,188.56,189.64,189.64,187.71,-,-0.57%
1985-5-23,187.60,188.56,188.56,187.45,-,-0.51%
1985-5-24,188.29,187.60,188.29,187.29,-,0.37%
1985-5-28,187.86,188.29,188.94,187.38,-,-0.23%
1985-5-29,187.68,187.86,187.86,187.11,-,-0.10%
1985-5-30,187.75,187.68,188.04,187.09,-,0.04%
1985-5-31,189.55,187.75,189.59,187.45,-,0.96%
1985-6-3,189.32,189.55,190.36,188.93,-,-0.12%
1985-6-4,190.04,189.32,190.27,188.88,-,0.38%
1985-6-5,190.16,190.04,191.02,190.04,-,0.06%
1985-6-6,191.06,189.75,191.06,189.13,-,0.47%
1985-6-7,189.68,191.06,191.29,189.55,-,-0.72%
1985-6-10,189.51,189.68,189.68,188.82,-,-0.09%
1985-6-11,189.04,189.51,189.61,188.78,-,-0.25%
1985-6-12,187.61,189.04,189.04,187.59,-,-0.76%
1985-6-13,185.33,187.61,187.61,185.03,-,-1.22%
1985-6-14,187.10,185.33,187.10,185.33,-,0.96%
1985-6-17,186.53,187.10,187.10,185.98,-,-0.30%
1985-6-18,187.34,186.53,187.65,186.51,-,0.43%
1985-6-19,186.63,187.34,187.98,186.63,-,-0.38%
1985-6-20,186.73,186.63,186.74,185.97,-,0.05%
1985-6-21,189.61,186.73,189.66,186.43,-,1.54%
1985-6-24,189.15,188.77,189.61,187.84,-,-0.24%
1985-6-25,189.74,189.15,190.96,189.15,-,0.31%
1985-6-26,190.06,189.74,190.26,189.44,-,0.17%
1985-6-27,191.23,190.06,191.36,190.06,-,0.62%
1985-6-28,191.85,191.23,191.85,191.04,-,0.32%
1985-7-1,192.43,191.85,192.43,191.17,-,0.30%
1985-7-2,192.01,192.43,192.63,191.84,-,-0.22%
1985-7-3,191.45,192.01,192.08,191.37,-,-0.29%
1985-7-5,192.52,191.45,192.67,191.45,-,0.56%
1985-7-8,191.93,192.47,192.52,191.26,-,-0.31%
1985-7-9,191.05,191.93,191.93,190.81,-,-0.46%
1985-7-10,192.37,191.05,192.37,190.99,-,0.69%
1985-7-11,192.94,192.37,192.95,192.28,-,0.30%
1985-7-12,193.29,192.94,193.32,192.64,-,0.18%
1985-7-15,192.72,193.29,193.84,192.55,-,-0.29%
1985-7-16,194.72,192.72,194.72,192.72,-,1.04%
1985-7-17,195.65,194.86,196.07,194.72,-,0.48%
1985-7-18,194.38,195.65,195.65,194.34,-,-0.65%
1985-7-19,195.13,194.38,195.13,194.28,-,0.39%
1985-7-22,194.35,195.13,195.13,193.58,-,-0.40%
1985-7-23,192.55,194.35,194.98,192.28,-,-0.93%
1985-7-24,191.58,192.55,192.55,190.66,-,-0.50%
1985-7-25,192.06,191.58,192.23,191.17,-,0.25%
1985-7-26,192.40,192.06,192.78,191.58,-,0.18%
1985-7-29,189.60,192.40,192.42,189.53,-,-1.46%
1985-7-30,189.93,189.62,190.05,189.30,-,0.17%
1985-7-31,190.92,189.93,191.33,189.93,-,0.52%
1985-8-1,192.11,190.92,192.17,190.91,-,0.62%
1985-8-2,191.48,192.11,192.11,191.27,-,-0.33%
1985-8-5,190.62,191.48,191.48,189.95,-,-0.45%
1985-8-6,187.93,190.62,190.72,187.87,-,-1.41%
1985-8-7,187.68,187.93,187.93,187.39,-,-0.13%
1985-8-8,188.95,187.68,188.96,187.68,-,0.68%
1985-8-9,188.32,188.95,189.05,188.11,-,-0.33%
1985-8-12,187.63,188.32,188.32,187.43,-,-0.37%
1985-8-13,187.30,187.63,188.15,186.51,-,-0.18%
1985-8-14,187.41,187.30,187.87,187.30,-,0.06%
1985-8-15,187.26,187.41,187.74,186.62,-,-0.08%
1985-8-16,186.10,187.26,187.26,186.10,-,-0.62%
1985-8-19,186.38,186.10,186.82,186.10,-,0.15%
1985-8-20,188.08,186.38,188.27,186.38,-,0.91%
1985-8-21,189.16,188.08,189.16,188.08,-,0.57%
1985-8-22,187.36,189.11,189.23,187.20,-,-0.95%
1985-8-23,187.17,187.22,187.35,186.59,-,-0.10%
1985-8-26,187.31,187.17,187.44,186.46,-,0.07%
1985-8-27,188.10,187.31,188.10,187.31,-,0.42%
1985-8-28,188.83,188.10,188.83,187.90,-,0.39%
1985-8-29,188.93,188.73,188.94,188.38,-,0.05%
1985-8-30,188.63,188.93,189.13,188.00,-,-0.16%
1985-9-3,187.91,188.63,188.63,187.38,-,-0.38%
1985-9-4,187.37,187.91,187.92,186.97,-,-0.29%
1985-9-5,187.27,187.37,187.52,186.89,-,-0.05%
1985-9-6,188.24,187.27,188.43,187.27,-,0.52%
1985-9-9,188.25,188.24,188.80,187.90,-,0.01%
1985-9-10,186.90,188.25,188.26,186.50,-,-0.72%
1985-9-11,185.03,186.90,186.90,184.79,-,-1.00%
1985-9-12,183.69,185.03,185.21,183.49,-,-0.72%
1985-9-13,182.91,183.69,184.19,182.05,-,-0.42%
1985-9-16,182.88,182.91,182.91,182.45,-,-0.02%
1985-9-17,181.36,182.88,182.88,180.78,-,-0.83%
1985-9-18,181.71,181.36,181.83,180.81,-,0.19%
1985-9-19,183.39,181.71,183.40,181.71,-,0.92%
1985-9-20,182.05,183.39,183.99,182.04,-,-0.73%
1985-9-23,184.30,182.05,184.65,182.05,-,1.24%
1985-9-24,182.62,184.30,184.30,182.42,-,-0.91%
1985-9-25,180.66,182.62,182.62,180.62,-,-1.07%
1985-9-26,181.29,180.66,181.29,179.45,-,0.35%
1985-9-30,182.08,181.30,182.08,181.22,-,0.44%
1985-10-1,185.07,182.06,185.08,182.02,-,1.64%
1985-10-2,184.06,185.07,185.94,184.06,-,-0.55%
1985-10-3,184.36,184.06,185.17,183.59,-,0.16%
1985-10-4,183.22,184.36,184.36,182.65,-,-0.62%
1985-10-7,181.87,183.22,183.22,181.30,-,-0.74%
1985-10-8,181.87,181.87,182.30,181.16,-,0.00%
1985-10-9,182.52,181.87,183.27,181.87,-,0.36%
1985-10-10,182.78,182.52,182.79,182.05,-,0.14%
1985-10-11,184.28,182.78,184.28,182.61,-,0.82%
1985-10-14,186.37,184.31,186.37,184.28,-,1.13%
1985-10-15,186.08,186.37,187.16,185.66,-,-0.16%
1985-10-16,187.98,186.08,187.98,186.08,-,1.02%
1985-10-17,187.66,187.98,188.52,187.42,-,-0.17%
1985-10-18,187.04,187.66,188.11,186.89,-,-0.33%
1985-10-21,186.96,187.04,187.30,186.79,-,-0.04%
1985-10-22,188.04,186.96,188.56,186.96,-,0.58%
1985-10-23,189.09,188.04,189.09,188.04,-,0.56%
1985-10-24,188.50,189.09,189.45,188.41,-,-0.31%
1985-10-25,187.52,188.50,188.51,187.32,-,-0.52%
1985-10-28,187.76,187.52,187.76,186.93,-,0.13%
1985-10-29,189.23,187.76,189.78,187.76,-,0.78%
1985-10-30,190.07,189.23,190.09,189.14,-,0.44%
1985-10-31,189.82,190.07,190.15,189.35,-,-0.13%
1985-11-1,191.53,189.82,191.53,189.37,-,0.90%
1985-11-4,191.25,191.45,191.96,190.66,-,-0.15%
1985-11-5,192.37,191.25,192.43,190.99,-,0.59%
1985-11-6,192.76,192.37,193.01,191.83,-,0.20%
1985-11-7,192.62,192.78,192.96,192.16,-,-0.07%
1985-11-8,193.72,192.62,193.97,192.53,-,0.57%
1985-11-11,197.28,193.72,197.29,193.70,-,1.84%
1985-11-12,198.08,197.28,198.66,196.97,-,0.41%
1985-11-13,197.10,198.08,198.11,196.91,-,-0.49%
1985-11-14,199.06,197.10,199.19,196.88,-,0.99%
1985-11-15,198.11,199.06,199.58,197.90,-,-0.48%
1985-11-18,198.71,198.11,198.71,197.51,-,0.30%
1985-11-19,198.67,198.71,199.52,198.01,-,-0.02%
1985-11-20,198.99,198.67,199.20,198.52,-,0.16%
1985-11-21,201.41,198.99,201.43,198.99,-,1.22%
1985-11-22,201.52,201.41,202.01,201.05,-,0.05%
1985-11-25,200.35,201.52,201.52,200.08,-,-0.58%
1985-11-26,200.67,200.35,201.16,200.11,-,0.16%
1985-11-27,202.54,200.67,202.65,200.67,-,0.93%
1985-11-29,202.17,202.54,203.40,201.92,-,-0.18%
1985-12-2,200.46,202.17,202.19,200.20,-,-0.85%
1985-12-3,200.86,200.46,200.98,200.10,-,0.20%
1985-12-4,204.23,200.86,204.23,200.86,-,1.68%
1985-12-5,203.88,204.23,205.86,203.79,-,-0.17%
1985-12-6,202.99,203.88,203.88,202.45,-,-0.44%
1985-12-9,204.25,202.99,204.65,202.98,-,0.62%
1985-12-10,204.39,204.25,205.16,203.68,-,0.07%
1985-12-11,206.31,204.39,206.68,204.17,-,0.94%
1985-12-12,206.73,206.31,207.65,205.83,-,0.20%
1985-12-13,209.94,206.73,210.31,206.73,-,1.55%
1985-12-16,212.02,209.94,213.08,209.91,-,0.99%
1985-12-17,210.65,212.02,212.45,210.58,-,-0.65%
1985-12-18,209.81,210.65,211.23,209.24,-,-0.40%
1985-12-19,210.02,209.81,210.13,209.25,-,0.10%
1985-12-20,210.94,210.02,211.77,210.02,-,0.44%
1985-12-23,208.57,210.57,210.94,208.44,-,-1.12%
1985-12-24,207.14,208.57,208.57,206.44,-,-0.69%
1985-12-26,207.65,207.14,207.76,207.05,-,0.25%
1985-12-27,209.61,207.65,209.62,207.65,-,0.94%
1985-12-30,210.68,209.61,210.70,209.17,-,0.51%
1985-12-31,211.28,210.68,211.61,210.68,-,0.28%
1986-1-2,209.59,211.28,211.28,208.93,-,-0.80%
1986-1-3,210.88,209.59,210.88,209.51,-,0.62%
1986-1-6,210.65,210.88,210.98,209.93,-,-0.11%
1986-1-7,213.80,210.65,213.80,210.65,-,1.50%
1986-1-8,207.97,213.80,214.57,207.49,-,-2.73%
1986-1-9,206.11,207.97,207.97,204.51,-,-0.89%
1986-1-10,205.96,206.11,207.33,205.52,-,-0.07%
1986-1-13,206.72,205.96,206.83,205.52,-,0.37%
1986-1-14,206.64,206.72,207.37,206.06,-,-0.04%
1986-1-15,208.26,206.64,208.27,206.64,-,0.78%
1986-1-16,209.17,208.26,209.18,207.61,-,0.44%
1986-1-17,208.43,209.17,209.40,207.59,-,-0.35%
1986-1-20,207.53,208.43,208.43,206.62,-,-0.43%
1986-1-21,205.79,207.53,207.78,205.05,-,-0.84%
1986-1-22,203.49,205.79,206.03,203.41,-,-1.12%
1986-1-23,204.25,203.49,204.43,202.60,-,0.37%
1986-1-24,206.43,204.25,206.43,204.25,-,1.07%
1986-1-27,207.39,206.43,207.69,206.43,-,0.47%
1986-1-28,209.81,207.42,209.82,207.40,-,1.17%
1986-1-29,210.29,209.81,212.36,209.81,-,0.23%
1986-1-30,209.33,210.29,211.54,209.15,-,-0.46%
1986-1-31,211.78,209.33,212.42,209.19,-,1.17%
1986-2-3,213.96,211.78,214.18,211.60,-,1.03%
1986-2-4,212.79,213.96,214.57,210.82,-,-0.55%
1986-2-5,212.96,212.84,213.03,211.21,-,0.08%
1986-2-6,213.47,212.96,214.51,212.60,-,0.24%
1986-2-7,214.56,213.47,215.27,211.13,-,0.51%
1986-2-10,216.24,214.56,216.24,214.47,-,0.78%
1986-2-11,215.92,216.24,216.67,215.54,-,-0.15%
1986-2-12,215.97,215.92,216.28,215.13,-,0.02%
1986-2-13,217.40,215.97,217.41,215.38,-,0.66%
1986-2-14,219.76,217.40,219.76,217.22,-,1.09%
1986-2-18,222.45,219.76,222.45,219.26,-,1.22%
1986-2-19,219.76,222.45,222.96,219.73,-,-1.21%
1986-2-20,222.22,219.76,222.22,219.22,-,1.12%
1986-2-21,224.62,222.22,224.62,222.22,-,1.08%
1986-2-24,224.34,224.58,225.29,223.31,-,-0.12%
1986-2-25,223.79,224.34,224.40,222.63,-,-0.25%
1986-2-26,224.04,223.72,224.59,223.15,-,0.11%
1986-2-27,226.77,224.04,226.88,223.41,-,1.22%
1986-2-28,226.92,226.77,227.92,225.42,-,0.07%
1986-3-3,225.42,226.92,226.92,224.41,-,-0.66%
1986-3-4,224.38,225.42,227.33,223.94,-,-0.46%
1986-3-5,224.34,224.14,224.37,222.18,-,-0.02%
1986-3-6,225.13,224.39,225.50,224.13,-,0.35%
1986-3-7,225.57,225.13,226.33,224.44,-,0.20%
1986-3-10,226.58,225.57,226.98,225.36,-,0.45%
1986-3-11,231.69,226.58,231.81,226.58,-,2.26%
1986-3-12,232.54,231.69,234.70,231.68,-,0.37%
1986-3-13,233.19,232.54,233.89,231.27,-,0.28%
1986-3-14,236.55,233.19,236.55,232.58,-,1.44%
1986-3-17,234.67,236.55,236.55,233.69,-,-0.79%
1986-3-18,235.78,234.67,236.52,234.14,-,0.47%
1986-3-19,235.60,235.78,236.52,235.13,-,-0.08%
1986-3-20,236.54,235.60,237.09,235.60,-,0.40%
1986-3-21,233.34,236.54,237.35,233.29,-,-1.35%
1986-3-24,235.33,233.34,235.33,232.92,-,0.85%
1986-3-25,234.72,235.33,235.33,233.62,-,-0.26%
1986-3-26,237.30,234.72,237.79,234.71,-,1.10%
1986-3-27,238.97,237.30,240.11,237.30,-,0.70%
1986-3-31,238.90,238.97,239.86,238.08,-,-0.03%
1986-4-1,235.14,238.90,239.10,234.57,-,-1.57%
1986-4-2,235.71,235.14,235.71,233.40,-,0.24%
1986-4-3,232.47,235.71,236.42,232.07,-,-1.37%
1986-4-4,228.69,232.47,232.56,228.32,-,-1.63%
1986-4-7,228.63,228.69,228.83,226.30,-,-0.03%
1986-4-8,233.52,228.63,233.70,228.63,-,2.14%
1986-4-9,233.75,233.52,235.57,232.13,-,0.10%
1986-4-10,236.44,233.75,236.54,233.75,-,1.15%
1986-4-11,235.97,236.44,237.85,235.13,-,-0.20%
1986-4-14,237.28,235.97,237.48,235.43,-,0.56%
1986-4-15,237.73,237.28,238.09,236.64,-,0.19%
1986-4-16,242.22,237.73,242.57,237.73,-,1.89%
1986-4-17,243.03,242.22,243.36,241.89,-,0.33%
1986-4-18,242.38,243.03,243.47,241.74,-,-0.27%
1986-4-21,244.74,242.38,244.78,241.88,-,0.97%
1986-4-22,242.42,244.74,245.47,241.30,-,-0.95%
1986-4-23,241.75,242.42,242.42,240.08,-,-0.28%
1986-4-24,242.02,241.75,243.13,241.65,-,0.11%
1986-4-25,242.29,242.02,242.80,240.91,-,0.11%
1986-4-28,243.08,242.29,243.08,241.23,-,0.33%
1986-4-29,240.51,243.08,243.57,239.23,-,-1.06%
1986-4-30,235.52,240.52,240.52,235.26,-,-2.07%
1986-5-1,235.16,235.52,236.01,234.21,-,-0.15%
1986-5-2,234.79,235.16,236.52,234.15,-,-0.16%
1986-5-5,237.73,234.79,237.73,234.79,-,1.25%
1986-5-6,237.24,237.73,238.28,236.26,-,-0.21%
1986-5-7,236.08,236.56,237.24,233.98,-,-0.49%
1986-5-8,237.13,236.08,237.96,236.08,-,0.44%
1986-5-9,237.85,237.13,238.01,235.85,-,0.30%
1986-5-12,237.58,237.85,238.53,237.02,-,-0.11%
1986-5-13,236.41,237.58,237.87,236.02,-,-0.49%
1986-5-14,237.54,236.41,237.54,235.85,-,0.48%
1986-5-15,234.43,237.54,237.54,233.93,-,-1.31%
1986-5-16,232.76,234.43,234.43,232.26,-,-0.71%
1986-5-19,233.20,232.76,233.54,232.41,-,0.19%
1986-5-20,236.11,233.20,236.12,232.58,-,1.25%
1986-5-21,235.45,236.11,236.83,235.45,-,-0.28%
1986-5-22,240.12,235.45,240.25,235.45,-,1.98%
1986-5-23,241.35,240.12,242.16,240.12,-,0.51%
1986-5-27,244.75,241.35,244.76,241.35,-,1.41%
1986-5-28,246.63,244.75,247.40,244.75,-,0.77%
1986-5-29,247.98,246.63,248.32,245.29,-,0.55%
1986-5-30,247.35,247.98,249.19,246.43,-,-0.25%
1986-6-2,245.04,246.04,247.74,243.83,-,-0.93%
1986-6-3,245.51,245.04,245.51,243.67,-,0.19%
1986-6-4,243.94,245.51,246.30,242.59,-,-0.64%
1986-6-5,245.65,243.94,245.66,243.41,-,0.70%
1986-6-6,245.67,245.65,246.07,244.43,-,0.01%
1986-6-9,239.96,245.67,245.67,239.68,-,-2.32%
1986-6-10,239.58,239.96,240.08,238.23,-,-0.16%
1986-6-11,241.13,239.58,241.13,239.21,-,0.65%
1986-6-12,241.49,241.24,241.64,240.70,-,0.15%
1986-6-13,245.73,241.71,245.91,241.71,-,1.76%
1986-6-16,246.13,245.73,246.50,245.17,-,0.16%
1986-6-17,244.35,246.13,246.26,243.60,-,-0.72%
1986-6-18,244.99,244.35,245.25,242.57,-,0.26%
1986-6-19,244.06,244.99,245.80,244.05,-,-0.38%
1986-6-20,247.58,244.06,247.60,243.98,-,1.44%
1986-6-23,245.26,247.58,247.58,244.45,-,-0.94%
1986-6-24,247.03,245.26,248.26,244.53,-,0.72%
1986-6-25,248.93,247.03,250.13,247.03,-,0.77%
1986-6-26,248.74,248.93,249.43,247.72,-,-0.08%
1986-6-27,249.60,248.74,249.74,248.74,-,0.35%
1986-6-30,250.84,249.60,251.81,249.60,-,0.50%
1986-7-1,252.04,250.67,252.04,250.53,-,0.48%
1986-7-2,252.70,252.04,253.20,251.79,-,0.26%
1986-7-3,251.79,252.70,252.94,251.23,-,-0.36%
1986-7-7,244.05,251.79,251.81,243.63,-,-3.07%
1986-7-8,241.59,244.05,244.06,239.07,-,-1.01%
1986-7-9,242.82,241.59,243.07,241.46,-,0.51%
1986-7-10,243.01,242.82,243.44,239.66,-,0.08%
1986-7-11,242.22,243.01,243.48,241.68,-,-0.33%
1986-7-14,238.11,242.22,242.22,238.04,-,-1.70%
1986-7-15,233.66,238.09,238.12,233.60,-,-1.87%
1986-7-16,235.01,233.66,236.19,233.66,-,0.58%
1986-7-17,236.07,235.01,236.65,235.01,-,0.45%
1986-7-18,236.36,236.07,238.22,233.94,-,0.12%
1986-7-21,236.24,236.36,236.45,235.53,-,-0.05%
1986-7-22,238.18,236.24,238.42,235.92,-,0.82%
1986-7-23,238.67,238.19,239.25,238.17,-,0.21%
1986-7-24,237.95,238.69,239.05,237.32,-,-0.30%
1986-7-25,240.22,237.99,240.36,237.95,-,0.95%
1986-7-28,236.01,240.20,240.25,235.23,-,-1.75%
1986-7-29,234.55,235.72,236.01,234.40,-,-0.62%
1986-7-30,236.59,234.57,237.38,233.07,-,0.87%
1986-7-31,236.12,236.59,236.92,235.89,-,-0.20%
1986-8-1,234.91,236.12,236.89,234.59,-,-0.51%
1986-8-4,235.99,234.91,236.86,231.92,-,0.46%
1986-8-5,237.03,235.99,238.31,235.97,-,0.44%
1986-8-6,236.84,237.03,237.35,235.48,-,-0.08%
1986-8-7,237.04,236.84,238.02,236.31,-,0.08%
1986-8-8,236.88,237.04,238.06,236.37,-,-0.07%
1986-8-11,240.68,236.88,241.20,236.87,-,1.60%
1986-8-12,243.34,240.68,243.37,240.35,-,1.11%
1986-8-13,245.67,243.34,246.51,243.06,-,0.96%
1986-8-14,246.25,245.67,246.79,245.53,-,0.24%
1986-8-15,247.15,246.25,247.15,245.70,-,0.37%
1986-8-18,247.38,247.15,247.83,245.48,-,0.09%
1986-8-19,246.51,247.38,247.42,245.82,-,-0.35%
1986-8-20,249.77,246.53,249.77,246.51,-,1.32%
1986-8-21,249.67,249.77,250.45,249.11,-,-0.04%
1986-8-22,250.19,249.67,250.61,249.27,-,0.21%
1986-8-25,247.81,250.19,250.26,247.76,-,-0.95%
1986-8-26,252.84,247.81,252.91,247.81,-,2.03%
1986-8-27,253.30,252.84,254.24,252.66,-,0.18%
1986-8-28,252.84,253.30,253.67,251.91,-,-0.18%
1986-8-29,252.93,252.84,254.07,251.73,-,0.04%
1986-9-2,248.52,252.93,253.30,248.14,-,-1.74%
1986-9-3,250.08,248.52,250.08,247.59,-,0.63%
1986-9-4,253.83,250.08,254.01,250.03,-,1.50%
1986-9-5,250.47,253.83,254.13,250.33,-,-1.32%
1986-9-8,248.14,250.47,250.47,247.02,-,-0.93%
1986-9-9,247.67,248.14,250.21,246.94,-,-0.19%
1986-9-10,247.06,247.67,247.76,246.11,-,-0.25%
1986-9-11,235.18,247.06,247.06,234.67,-,-4.81%
1986-9-12,230.67,235.18,235.45,228.74,-,-1.92%
1986-9-15,231.94,230.67,232.82,229.44,-,0.55%
1986-9-16,231.72,231.93,231.94,228.32,-,-0.09%
1986-9-17,231.68,231.73,233.81,231.38,-,-0.02%
1986-9-18,232.31,231.67,232.87,230.57,-,0.27%
1986-9-19,232.21,232.30,232.31,230.69,-,-0.04%
1986-9-22,234.93,232.20,234.93,232.20,-,1.17%
1986-9-23,235.67,234.96,235.88,234.50,-,0.31%
1986-9-24,236.28,235.66,237.06,235.53,-,0.26%
1986-9-25,231.83,231.83,236.28,230.67,-,-1.88%
1986-9-26,232.23,231.83,233.68,230.64,-,0.17%
1986-9-29,229.91,232.23,232.23,228.08,-,-1.00%
1986-9-30,231.32,229.91,233.01,229.91,-,0.61%
1986-10-1,233.60,231.32,234.62,231.32,-,0.99%
1986-10-2,233.92,233.60,234.33,232.77,-,0.14%
1986-10-3,233.71,233.92,236.16,232.79,-,-0.09%
1986-10-6,234.78,233.71,235.34,233.17,-,0.46%
1986-10-7,234.41,234.74,235.18,233.46,-,-0.16%
1986-10-8,236.68,234.41,236.84,233.68,-,0.97%
1986-10-9,235.85,236.67,238.20,235.72,-,-0.35%
1986-10-10,235.48,235.84,236.27,235.31,-,-0.16%
1986-10-13,235.91,235.52,235.91,235.02,-,0.18%
1986-10-14,235.37,235.90,236.37,234.37,-,-0.23%
1986-10-15,238.80,235.36,239.03,235.27,-,1.46%
1986-10-16,239.53,238.83,240.18,238.80,-,0.31%
1986-10-17,238.84,239.50,239.53,237.71,-,-0.29%
1986-10-20,235.97,238.84,238.84,234.78,-,-1.20%
1986-10-21,235.88,236.03,236.49,234.95,-,-0.04%
1986-10-22,236.26,235.89,236.64,235.82,-,0.16%
1986-10-23,239.28,236.28,239.76,236.26,-,1.28%
1986-10-24,238.26,239.30,239.65,238.25,-,-0.43%
1986-10-27,238.77,238.22,238.77,236.72,-,0.21%
1986-10-28,239.26,238.81,240.58,238.77,-,0.21%
1986-10-29,240.94,239.23,241.00,238.98,-,0.70%
1986-10-30,243.71,240.97,244.08,240.94,-,1.15%
1986-10-31,243.98,243.70,244.51,242.95,-,0.11%
1986-11-3,245.80,243.97,245.80,243.93,-,0.75%
1986-11-4,246.20,245.80,246.43,244.42,-,0.16%
1986-11-5,246.58,246.09,247.05,245.21,-,0.15%
1986-11-6,245.87,246.54,246.90,244.30,-,-0.29%
1986-11-7,245.77,245.85,246.13,244.92,-,-0.04%
1986-11-10,246.13,245.75,246.22,244.68,-,0.15%
1986-11-11,247.08,246.15,247.10,246.12,-,0.39%
1986-11-12,246.64,247.06,247.67,245.68,-,-0.18%
1986-11-13,243.02,246.63,246.66,242.98,-,-1.47%
1986-11-14,244.50,243.01,244.51,241.96,-,0.61%
1986-11-17,243.21,244.50,244.80,242.29,-,-0.53%
1986-11-18,236.78,243.20,243.23,236.65,-,-2.64%
1986-11-19,237.66,236.77,237.94,235.51,-,0.37%
1986-11-20,242.05,237.66,242.05,237.66,-,1.85%
1986-11-21,245.86,242.03,246.38,241.97,-,1.57%
1986-11-24,247.45,245.86,248.00,245.21,-,0.65%
1986-11-25,248.17,247.44,248.18,246.30,-,0.29%
1986-11-26,248.77,248.14,248.90,247.73,-,0.24%
1986-11-28,249.22,248.82,249.22,248.07,-,0.18%
1986-12-1,249.05,249.22,249.22,245.72,-,-0.07%
1986-12-2,254.00,249.06,254.00,249.05,-,1.99%
1986-12-3,253.85,254.00,254.87,253.24,-,-0.06%
1986-12-4,253.04,253.85,254.42,252.88,-,-0.32%
1986-12-5,251.17,253.05,253.89,250.71,-,-0.74%
1986-12-8,251.16,251.16,252.36,248.82,-,-0.00%
1986-12-9,249.28,251.16,251.27,249.25,-,-0.75%
1986-12-10,250.96,249.28,251.53,248.94,-,0.67%
1986-12-11,248.17,250.97,250.98,247.15,-,-1.11%
1986-12-12,247.35,248.17,248.31,247.02,-,-0.33%
1986-12-15,248.21,247.31,248.23,244.92,-,0.35%
1986-12-16,250.04,248.21,250.04,247.40,-,0.74%
1986-12-17,247.56,250.01,250.04,247.19,-,-0.99%
1986-12-18,246.78,247.56,247.81,246.45,-,-0.32%
1986-12-19,249.73,246.79,249.96,245.89,-,1.20%
1986-12-22,248.75,249.73,249.73,247.45,-,-0.39%
1986-12-23,246.34,248.75,248.75,245.85,-,-0.97%
1986-12-24,246.75,246.34,247.22,246.02,-,0.17%
1986-12-26,246.92,246.75,247.09,246.73,-,0.07%
1986-12-29,244.67,246.90,246.92,244.31,-,-0.91%
1986-12-30,243.37,244.66,244.67,243.04,-,-0.53%
1986-12-31,242.17,243.37,244.03,241.28,-,-0.49%
1987-1-2,246.45,242.17,246.45,242.17,-,1.77%
1987-1-5,252.19,246.45,252.57,246.45,-,2.33%
1987-1-6,252.78,252.20,253.99,252.14,-,0.23%
1987-1-7,255.33,252.78,255.72,252.65,-,1.01%
1987-1-8,257.28,255.36,257.28,254.97,-,0.76%
1987-1-9,258.73,257.26,259.20,256.11,-,0.56%
1987-1-12,260.30,258.72,261.36,257.92,-,0.61%
1987-1-13,259.95,260.30,260.45,259.21,-,-0.13%
1987-1-14,262.64,259.95,262.72,259.62,-,1.03%
1987-1-15,265.49,262.65,266.68,262.64,-,1.09%
1987-1-16,266.28,265.46,267.24,264.31,-,0.30%
1987-1-19,269.34,266.26,269.34,264.00,-,1.15%
1987-1-20,269.04,269.34,271.03,267.65,-,-0.11%
1987-1-21,267.84,269.04,270.87,267.35,-,-0.45%
1987-1-22,273.91,267.84,274.05,267.32,-,2.27%
1987-1-23,270.10,273.91,280.96,268.41,-,-1.39%
1987-1-26,269.61,270.10,270.40,267.73,-,-0.18%
1987-1-27,273.75,269.61,274.31,269.61,-,1.54%
1987-1-28,275.40,273.75,275.71,273.03,-,0.60%
1987-1-29,274.24,275.40,276.85,272.54,-,-0.42%
1987-1-30,274.08,274.24,274.24,271.38,-,-0.06%
1987-2-2,276.45,274.08,277.35,273.16,-,0.86%
1987-2-3,275.99,276.45,277.83,275.84,-,-0.17%
1987-2-4,279.64,275.99,279.65,275.35,-,1.32%
1987-2-5,281.16,279.64,282.26,278.66,-,0.54%
1987-2-6,280.04,281.16,281.79,279.87,-,-0.40%
1987-2-9,278.16,280.04,280.04,277.24,-,-0.67%
1987-2-10,275.07,278.16,278.16,273.49,-,-1.11%
1987-2-11,277.54,275.07,277.71,274.71,-,0.90%
1987-2-12,275.62,277.54,278.04,273.89,-,-0.69%
1987-2-13,279.70,275.62,280.91,275.01,-,1.48%
1987-2-17,285.49,279.70,285.49,279.70,-,2.07%
1987-2-18,285.42,285.49,287.55,282.97,-,-0.02%
1987-2-19,285.57,285.42,286.24,283.84,-,0.05%
1987-2-20,285.48,285.57,285.98,284.31,-,-0.03%
1987-2-23,282.38,285.48,285.50,279.37,-,-1.09%
1987-2-24,282.88,282.38,283.33,281.45,-,0.18%
1987-2-25,284.00,282.88,285.35,282.14,-,0.40%
1987-2-26,282.96,284.00,284.40,280.73,-,-0.37%
1987-2-27,284.20,282.96,284.55,282.77,-,0.44%
1987-3-2,283.00,284.17,284.83,282.30,-,-0.42%
1987-3-3,284.12,283.00,284.19,282.92,-,0.40%
1987-3-4,288.62,284.12,288.62,284.12,-,1.58%
1987-3-5,290.52,288.62,291.24,288.60,-,0.66%
1987-3-6,290.66,290.52,290.67,288.77,-,0.05%
1987-3-9,288.30,290.66,290.66,287.12,-,-0.81%
1987-3-10,290.86,288.30,290.87,287.89,-,0.89%
1987-3-11,290.31,290.87,292.51,289.33,-,-0.19%
1987-3-12,291.22,290.33,291.91,289.66,-,0.31%
1987-3-13,289.89,291.22,291.79,289.88,-,-0.46%
1987-3-16,288.23,289.88,289.89,286.64,-,-0.57%
1987-3-17,292.47,288.09,292.47,287.96,-,1.47%
1987-3-18,292.78,292.49,294.58,290.87,-,0.11%
1987-3-19,294.08,292.73,294.46,292.26,-,0.44%
1987-3-20,298.17,294.08,298.17,294.08,-,1.39%
1987-3-23,301.16,298.16,301.17,297.50,-,1.00%
1987-3-24,301.64,301.17,301.92,300.14,-,0.16%
1987-3-25,300.38,301.52,301.85,299.36,-,-0.42%
1987-3-26,300.93,300.39,302.72,300.38,-,0.18%
1987-3-27,296.13,300.96,301.41,296.06,-,-1.60%
1987-3-30,289.20,296.10,296.13,286.69,-,-2.34%
1987-3-31,291.70,289.21,291.87,289.07,-,0.86%
1987-4-1,292.38,291.59,292.38,288.34,-,0.23%
1987-4-2,293.63,292.41,294.47,292.02,-,0.43%
1987-4-3,300.41,293.64,301.30,292.30,-,2.31%
1987-4-6,301.95,300.46,302.21,300.41,-,0.51%
1987-4-7,296.69,301.94,303.65,296.67,-,-1.74%
1987-4-8,297.26,296.72,299.20,295.18,-,0.19%
1987-4-9,292.86,297.25,297.71,291.50,-,-1.48%
1987-4-10,292.49,292.82,293.74,290.94,-,-0.13%
1987-4-13,285.62,292.48,293.36,285.62,-,-2.35%
1987-4-14,279.16,285.61,285.62,275.67,-,-2.26%
1987-4-15,284.44,279.17,285.14,279.16,-,1.89%
1987-4-16,286.91,284.45,289.57,284.44,-,0.87%
1987-4-20,286.09,286.91,288.36,284.55,-,-0.29%
1987-4-21,293.07,285.88,293.07,282.89,-,2.44%
1987-4-22,287.19,293.05,293.46,286.98,-,-2.01%
1987-4-23,286.82,287.19,289.12,284.28,-,-0.13%
1987-4-24,281.52,286.81,286.82,281.18,-,-1.85%
1987-4-27,281.83,281.52,284.45,276.22,-,0.11%
1987-4-28,282.51,281.83,285.95,281.83,-,0.24%
1987-4-29,284.57,282.58,286.42,282.58,-,0.73%
1987-4-30,288.36,284.58,290.08,284.57,-,1.33%
1987-5-1,288.03,286.99,289.71,286.52,-,-0.11%
1987-5-4,289.36,288.02,289.99,286.39,-,0.46%
1987-5-5,295.34,289.36,295.40,289.34,-,2.07%
1987-5-6,295.47,295.35,296.19,293.60,-,0.04%
1987-5-7,294.71,295.45,296.80,294.07,-,-0.26%
1987-5-8,293.37,294.73,296.18,291.73,-,-0.45%
1987-5-11,291.57,293.37,298.69,291.55,-,-0.61%
1987-5-12,293.30,291.57,293.30,290.18,-,0.59%
1987-5-13,293.98,293.31,294.54,290.74,-,0.23%
1987-5-14,294.24,293.98,295.10,292.95,-,0.09%
1987-5-15,287.43,294.23,294.24,287.11,-,-2.31%
1987-5-18,286.65,287.43,287.43,282.57,-,-0.27%
1987-5-19,279.62,286.66,287.39,278.83,-,-2.45%
1987-5-20,278.21,279.62,280.89,277.01,-,-0.50%
1987-5-21,280.17,278.23,282.31,278.21,-,0.70%
1987-5-22,282.16,280.17,283.33,280.17,-,0.71%
1987-5-26,289.11,282.16,289.11,282.16,-,2.46%
1987-5-27,288.73,289.07,290.78,288.19,-,-0.13%
1987-5-28,290.76,288.73,291.50,286.33,-,0.70%
1987-5-29,290.10,290.77,292.87,289.70,-,-0.23%
1987-6-1,289.83,290.12,291.96,289.23,-,-0.09%
1987-6-2,288.46,289.82,290.94,286.93,-,-0.47%
1987-6-3,293.47,288.56,293.47,288.56,-,1.74%
1987-6-4,295.09,293.46,295.09,292.76,-,0.55%
1987-6-5,293.45,295.11,295.11,292.80,-,-0.56%
1987-6-8,296.72,293.46,297.03,291.55,-,1.11%
1987-6-9,297.28,296.72,297.59,295.90,-,0.19%
1987-6-10,297.47,297.28,300.81,295.66,-,0.06%
1987-6-11,298.73,297.50,298.94,297.47,-,0.42%
1987-6-12,301.62,298.77,302.26,298.73,-,0.97%
1987-6-15,303.14,301.62,304.11,301.62,-,0.50%
1987-6-16,304.76,303.12,304.86,302.60,-,0.53%
1987-6-17,304.81,304.77,305.74,304.03,-,0.02%
1987-6-18,305.69,304.78,306.13,303.38,-,0.29%
1987-6-19,306.97,305.71,306.97,305.55,-,0.42%
1987-6-22,309.65,306.98,310.20,306.97,-,0.87%
1987-6-23,308.43,309.66,310.27,307.48,-,-0.39%
1987-6-24,306.86,308.44,308.91,306.32,-,-0.51%
1987-6-25,308.96,306.87,309.44,306.86,-,0.68%
1987-6-26,307.16,308.94,308.96,306.36,-,-0.58%
1987-6-29,307.90,307.15,308.15,306.75,-,0.24%
1987-6-30,304.00,307.89,308.00,303.01,-,-1.27%
1987-7-1,302.94,303.99,304.00,302.53,-,-0.35%
1987-7-2,305.63,302.96,306.34,302.94,-,0.89%
1987-7-6,304.92,305.64,306.75,304.23,-,-0.23%
1987-7-7,307.40,304.91,308.63,304.73,-,0.81%
1987-7-8,308.29,307.41,308.48,306.01,-,0.29%
1987-7-9,307.52,308.30,309.56,307.42,-,-0.25%
1987-7-10,308.37,307.55,308.40,306.96,-,0.28%
1987-7-13,307.63,308.41,308.41,305.49,-,-0.24%
1987-7-14,310.68,307.67,310.69,307.46,-,0.99%
1987-7-15,310.42,310.67,312.08,309.07,-,-0.08%
1987-7-16,312.70,311.00,312.83,310.42,-,0.73%
1987-7-17,314.59,312.71,314.59,312.38,-,0.60%
1987-7-20,311.39,314.56,314.59,311.24,-,-1.02%
1987-7-21,308.55,311.36,312.41,307.51,-,-0.91%
1987-7-22,308.47,308.56,309.12,307.22,-,-0.03%
1987-7-23,307.81,308.50,309.63,306.10,-,-0.21%
1987-7-24,309.27,307.82,309.28,307.78,-,0.47%
1987-7-27,310.65,309.30,310.70,308.61,-,0.45%
1987-7-28,312.33,310.65,312.33,310.28,-,0.54%
1987-7-29,315.65,312.34,315.65,311.73,-,1.06%
1987-7-30,318.05,315.69,318.53,315.65,-,0.76%
1987-7-31,318.66,318.05,318.85,317.56,-,0.19%
1987-8-3,317.57,318.62,320.26,316.52,-,-0.34%
1987-8-4,316.23,317.59,318.25,314.51,-,-0.42%
1987-8-5,318.45,316.25,319.74,316.23,-,0.70%
1987-8-6,322.09,318.49,322.09,317.50,-,1.14%
1987-8-7,323.00,322.10,324.15,321.82,-,0.28%
1987-8-10,328.00,322.98,328.00,322.95,-,1.55%
1987-8-11,333.33,328.02,333.40,328.00,-,1.62%
1987-8-12,332.39,333.32,334.57,331.06,-,-0.28%
1987-8-13,334.65,332.38,335.52,332.38,-,0.68%
1987-8-14,333.99,334.63,336.08,332.63,-,-0.20%
1987-8-17,334.11,333.98,335.43,332.88,-,0.04%
1987-8-18,329.25,334.10,334.11,326.43,-,-1.45%
1987-8-19,329.83,329.26,329.89,326.54,-,0.18%
1987-8-20,334.84,331.49,335.19,329.83,-,1.52%
1987-8-21,335.90,334.85,336.37,334.30,-,0.32%
1987-8-24,333.33,335.89,335.90,331.92,-,-0.77%
1987-8-25,336.77,333.37,337.89,333.33,-,1.03%
1987-8-26,334.57,336.77,337.39,334.46,-,-0.65%
1987-8-27,331.38,334.56,334.57,331.10,-,-0.95%
1987-8-28,327.04,331.37,331.38,327.03,-,-1.31%
1987-8-31,329.80,327.03,330.09,326.99,-,0.84%
1987-9-1,323.40,329.81,332.18,322.83,-,-1.94%
1987-9-2,321.68,323.40,324.53,318.76,-,-0.53%
1987-9-3,320.21,321.47,324.29,317.39,-,-0.46%
1987-9-4,316.70,320.21,322.03,316.53,-,-1.10%
1987-9-8,313.56,316.68,316.70,308.56,-,-0.99%
1987-9-9,313.92,313.60,315.41,312.29,-,0.11%
1987-9-10,317.13,313.92,317.59,313.92,-,1.02%
1987-9-11,321.98,317.14,322.45,317.13,-,1.53%
1987-9-14,323.08,322.02,323.81,320.40,-,0.34%
1987-9-15,317.74,323.07,323.08,317.63,-,-1.65%
1987-9-16,314.86,317.75,319.50,314.61,-,-0.91%
1987-9-17,314.93,314.94,316.08,313.45,-,0.02%
1987-9-18,314.86,314.98,316.99,314.86,-,-0.02%
1987-9-21,310.54,314.92,317.66,310.12,-,-1.37%
1987-9-22,319.50,310.54,319.51,308.69,-,2.89%
1987-9-23,321.19,319.49,321.83,319.12,-,0.53%
1987-9-24,319.72,321.09,322.01,319.12,-,-0.46%
1987-9-25,320.16,319.72,320.55,318.10,-,0.14%
1987-9-28,323.20,320.16,325.33,320.16,-,0.95%
1987-9-29,321.69,323.20,324.63,320.27,-,-0.47%
1987-9-30,321.83,321.69,322.53,320.16,-,0.04%
1987-10-1,327.33,321.83,327.34,321.83,-,1.71%
1987-10-2,328.07,327.33,328.94,327.22,-,0.23%
1987-10-5,328.08,328.07,328.57,326.09,-,0.00%
1987-10-6,319.22,328.08,328.08,319.17,-,-2.70%
1987-10-7,318.54,319.22,319.39,315.78,-,-0.21%
1987-10-8,314.16,318.54,319.34,312.02,-,-1.38%
1987-10-9,311.07,314.16,315.04,310.97,-,-0.98%
1987-10-12,309.39,311.07,311.07,306.76,-,-0.54%
1987-10-13,314.52,309.39,314.53,309.39,-,1.66%
1987-10-14,305.23,314.52,314.52,304.78,-,-2.95%
1987-10-15,298.08,305.21,305.23,298.07,-,-2.34%
1987-10-16,282.70,298.08,298.92,281.52,-,-5.16%
1987-10-19,224.84,282.70,282.70,224.83,-,-20.47%
1987-10-20,236.83,225.06,245.62,216.46,-,5.33%
1987-10-21,258.38,236.83,259.27,236.83,-,9.10%
1987-10-22,248.25,258.24,258.38,242.99,-,-3.92%
1987-10-23,248.22,248.29,250.70,242.76,-,-0.01%
1987-10-26,227.67,248.20,248.22,227.26,-,-8.28%
1987-10-27,233.19,227.67,237.81,227.67,-,2.42%
1987-10-28,233.28,233.19,238.58,226.26,-,0.04%
1987-10-29,244.77,233.31,246.69,233.28,-,4.93%
1987-10-30,251.79,244.77,254.04,244.77,-,2.87%
1987-11-2,255.75,251.73,255.75,249.15,-,1.57%
1987-11-3,250.82,255.75,255.75,242.78,-,-1.93%
1987-11-4,248.96,250.81,251.00,246.34,-,-0.74%
1987-11-5,254.48,248.93,256.09,247.72,-,2.22%
1987-11-6,250.41,254.49,257.21,249.68,-,-1.60%
1987-11-9,243.17,250.41,250.41,243.01,-,-2.89%
1987-11-10,239.00,243.14,243.17,237.64,-,-1.71%
1987-11-11,241.90,239.01,243.86,239.00,-,1.21%
1987-11-12,248.52,241.93,249.90,241.90,-,2.74%
1987-11-13,245.64,248.54,249.42,245.64,-,-1.16%
1987-11-16,246.76,245.69,249.54,244.98,-,0.46%
1987-11-17,243.04,246.73,246.76,240.81,-,-1.51%
1987-11-18,245.55,243.09,245.55,240.67,-,1.03%
1987-11-19,240.05,245.54,245.55,239.70,-,-2.24%
1987-11-20,242.00,240.04,242.01,235.89,-,0.81%
1987-11-23,242.99,242.00,242.99,240.50,-,0.41%
1987-11-24,246.39,242.98,247.90,242.98,-,1.40%
1987-11-25,244.10,246.42,246.54,244.08,-,-0.93%
1987-11-27,240.34,244.11,244.12,240.34,-,-1.54%
1987-11-30,230.30,240.27,240.34,225.75,-,-4.18%
1987-12-1,232.00,230.32,234.02,230.30,-,0.74%
1987-12-2,233.45,232.01,234.56,230.31,-,0.62%
1987-12-3,225.21,233.46,233.90,225.21,-,-3.53%
1987-12-4,223.92,225.20,225.77,221.24,-,-0.57%
1987-12-7,228.76,223.98,228.77,223.92,-,2.16%
1987-12-8,234.91,228.77,234.92,228.69,-,2.69%
1987-12-9,238.89,234.91,240.09,233.83,-,1.69%
1987-12-10,233.57,238.89,240.05,233.40,-,-2.23%
1987-12-11,235.32,233.60,235.48,233.35,-,0.75%
1987-12-14,242.19,235.30,242.34,235.04,-,2.92%
1987-12-15,242.81,242.19,245.59,241.31,-,0.26%
1987-12-16,248.08,242.81,248.11,242.80,-,2.17%
1987-12-17,242.98,248.08,248.60,242.96,-,-2.06%
1987-12-18,249.16,243.01,249.18,243.01,-,2.54%
1987-12-21,249.54,249.14,250.25,248.30,-,0.15%
1987-12-22,249.95,249.56,249.97,247.01,-,0.16%
1987-12-23,253.16,249.96,253.35,249.95,-,1.28%
1987-12-24,252.03,253.13,253.16,251.68,-,-0.45%
1987-12-28,245.57,252.01,252.02,244.19,-,-2.56%
1987-12-29,244.59,245.58,245.88,244.28,-,-0.40%
1987-12-30,247.86,244.63,248.06,244.59,-,1.34%
1987-12-31,247.08,247.84,247.86,245.22,-,-0.31%
1988-1-4,255.94,247.10,256.44,247.08,-,3.59%
1988-1-5,258.63,255.95,261.78,255.95,-,1.05%
1988-1-6,258.89,258.64,259.79,257.18,-,0.10%
1988-1-7,261.07,258.87,261.32,256.18,-,0.84%
1988-1-8,243.40,261.05,261.07,242.95,-,-6.77%
1988-1-11,247.49,243.38,247.51,241.07,-,1.68%
1988-1-12,245.42,247.44,247.49,240.46,-,-0.84%
1988-1-13,245.81,245.41,249.25,241.41,-,0.16%
1988-1-14,245.88,245.83,247.00,243.97,-,0.03%
1988-1-15,252.05,246.02,253.65,245.88,-,2.51%
1988-1-18,251.88,252.05,252.86,249.98,-,-0.07%
1988-1-19,249.32,251.84,253.33,248.75,-,-1.02%
1988-1-20,242.63,249.31,249.32,241.14,-,-2.68%
1988-1-21,243.14,242.65,244.25,240.17,-,0.21%
1988-1-22,246.50,243.14,246.50,243.14,-,1.38%
1988-1-25,252.17,246.53,252.87,246.50,-,2.30%
1988-1-26,249.57,252.13,252.17,249.10,-,-1.03%
1988-1-27,249.38,249.58,253.02,248.50,-,-0.08%
1988-1-28,253.29,249.39,253.66,249.38,-,1.57%
1988-1-29,257.07,253.31,257.07,252.70,-,1.49%
1988-2-1,255.04,257.05,258.27,254.93,-,-0.79%
1988-2-2,255.57,255.05,256.08,252.80,-,0.21%
1988-2-3,252.21,255.56,256.98,250.56,-,-1.31%
1988-2-4,252.21,252.20,253.03,250.34,-,0.00%
1988-2-5,250.96,252.22,253.85,250.90,-,-0.50%
1988-2-8,249.10,250.95,250.96,247.82,-,-0.74%
1988-2-9,251.72,249.11,251.72,248.66,-,1.05%
1988-2-10,256.66,251.74,256.92,251.72,-,1.96%
1988-2-11,255.95,256.63,257.77,255.12,-,-0.28%
1988-2-12,257.63,255.95,258.86,255.85,-,0.66%
1988-2-16,259.83,257.61,259.84,256.57,-,0.85%
1988-2-17,259.21,259.94,261.47,257.83,-,-0.24%
1988-2-18,257.91,258.82,259.60,256.90,-,-0.50%
1988-2-19,261.61,257.90,261.61,257.62,-,1.43%
1988-2-22,265.64,261.60,266.06,260.88,-,1.54%
1988-2-23,265.02,265.62,266.12,263.11,-,-0.23%
1988-2-24,264.43,265.01,266.25,263.87,-,-0.22%
1988-2-25,261.58,264.39,267.75,261.05,-,-1.08%
1988-2-26,262.46,261.56,263.00,261.38,-,0.34%
1988-2-29,267.82,262.46,267.82,262.46,-,2.04%
1988-3-1,267.22,267.82,267.95,265.39,-,-0.22%
1988-3-2,267.98,267.23,268.75,267.00,-,0.28%
1988-3-3,267.88,267.98,268.40,266.82,-,-0.04%
1988-3-4,267.30,267.87,268.40,264.72,-,-0.22%
1988-3-7,267.38,267.28,267.69,265.94,-,0.03%
1988-3-8,269.43,267.38,270.06,267.38,-,0.77%
1988-3-9,269.06,269.46,270.76,268.65,-,-0.14%
1988-3-10,263.84,269.07,269.35,263.80,-,-1.94%
1988-3-11,264.94,263.85,264.94,261.27,-,0.42%
1988-3-14,266.37,264.93,266.55,264.52,-,0.54%
1988-3-15,266.13,266.34,266.41,264.92,-,-0.09%
1988-3-16,268.65,266.11,268.68,264.81,-,0.95%
1988-3-17,271.22,268.66,271.22,268.65,-,0.96%
1988-3-18,271.12,271.22,272.64,269.76,-,-0.04%
1988-3-21,268.74,271.10,271.12,267.42,-,-0.88%
1988-3-22,268.84,268.73,269.61,267.90,-,0.04%
1988-3-23,268.91,268.81,269.79,268.01,-,0.03%
1988-3-24,263.35,268.91,268.91,262.48,-,-2.07%
1988-3-25,258.51,263.34,263.44,258.12,-,-1.84%
1988-3-28,258.06,258.50,258.51,256.07,-,-0.17%
1988-3-29,260.07,258.11,260.86,258.06,-,0.78%
1988-3-30,258.07,260.06,261.59,257.92,-,-0.77%
1988-3-31,258.89,258.03,259.03,256.16,-,0.32%
1988-4-4,256.09,258.89,259.06,255.68,-,-1.08%
1988-4-5,258.51,256.10,258.52,256.03,-,0.94%
1988-4-6,265.49,258.52,265.50,258.22,-,2.70%
1988-4-7,266.16,265.51,267.32,265.22,-,0.25%
1988-4-8,269.43,266.15,270.22,266.11,-,1.23%
1988-4-11,270.16,269.43,270.41,268.61,-,0.27%
1988-4-12,271.37,269.88,272.05,269.66,-,0.45%
1988-4-13,271.58,271.33,271.70,269.23,-,0.08%
1988-4-14,259.75,271.55,271.57,259.37,-,-4.36%
1988-4-15,259.77,259.74,260.39,255.97,-,0.01%
1988-4-18,259.21,259.75,259.81,258.03,-,-0.22%
1988-4-19,257.92,259.24,262.38,257.91,-,-0.50%
1988-4-20,256.13,257.91,258.54,256.12,-,-0.69%
1988-4-21,256.42,256.15,260.44,254.71,-,0.11%
1988-4-22,260.14,256.45,261.16,256.42,-,1.45%
1988-4-25,262.51,260.15,263.29,260.14,-,0.91%
1988-4-26,263.93,262.45,265.06,262.18,-,0.54%
1988-4-27,263.80,263.94,265.09,263.45,-,-0.05%
1988-4-28,262.61,263.79,263.80,262.22,-,-0.45%
1988-4-29,261.33,262.59,262.61,259.97,-,-0.49%
1988-5-2,261.56,261.36,261.56,259.99,-,0.09%
1988-5-3,263.00,261.55,263.70,261.55,-,0.55%
1988-5-4,260.32,263.05,263.23,260.31,-,-1.02%
1988-5-5,258.79,260.30,260.32,258.13,-,-0.59%
1988-5-6,257.48,258.80,260.31,257.03,-,-0.51%
1988-5-9,256.54,257.47,258.22,255.45,-,-0.37%
1988-5-10,257.62,256.53,258.30,255.93,-,0.42%
1988-5-11,253.31,257.60,257.62,252.32,-,-1.67%
1988-5-12,253.85,253.32,254.87,253.31,-,0.21%
1988-5-13,256.78,253.88,256.83,253.85,-,1.15%
1988-5-16,258.71,256.75,258.71,256.28,-,0.75%
1988-5-17,255.39,258.72,260.20,255.35,-,-1.28%
1988-5-18,251.35,255.40,255.67,250.73,-,-1.58%
1988-5-19,252.57,251.36,252.57,248.85,-,0.49%
1988-5-20,253.02,252.61,253.70,251.79,-,0.18%
1988-5-23,250.83,253.00,253.02,249.82,-,-0.87%
1988-5-24,253.51,250.84,253.51,250.83,-,1.07%
1988-5-25,253.76,253.52,255.34,253.51,-,0.10%
1988-5-26,254.63,253.75,254.98,253.52,-,0.34%
1988-5-27,253.42,254.62,254.63,252.74,-,-0.48%
1988-5-31,262.16,253.44,262.16,253.42,-,3.45%
1988-6-1,266.69,262.16,267.43,262.10,-,1.73%
1988-6-2,265.33,266.65,266.71,264.12,-,-0.51%
1988-6-3,266.45,265.34,267.11,264.42,-,0.42%
1988-6-6,267.05,266.46,267.05,264.97,-,0.23%
1988-6-7,265.17,267.02,267.28,264.50,-,-0.70%
1988-6-8,271.52,265.32,272.01,265.17,-,2.39%
1988-6-9,270.20,271.50,272.29,270.19,-,-0.49%
1988-6-10,271.26,270.22,273.21,270.20,-,0.39%
1988-6-13,271.43,271.28,271.94,270.53,-,0.06%
1988-6-14,274.30,271.58,276.14,271.44,-,1.06%
1988-6-15,274.45,274.29,274.45,272.75,-,0.05%
1988-6-16,269.77,274.44,274.45,268.76,-,-1.71%
1988-6-17,270.68,269.79,270.77,268.09,-,0.34%
1988-6-20,268.94,270.67,270.68,268.59,-,-0.64%
1988-6-21,271.67,268.95,271.67,267.52,-,1.02%
1988-6-22,275.66,271.69,276.88,271.67,-,1.47%
1988-6-23,274.82,275.62,275.89,274.26,-,-0.30%
1988-6-24,273.78,274.81,275.19,273.53,-,-0.38%
1988-6-27,269.06,273.78,273.79,268.85,-,-1.72%
1988-6-28,272.31,269.07,272.80,269.06,-,1.21%
1988-6-29,270.98,272.32,273.01,269.49,-,-0.49%
1988-6-30,273.50,271.00,273.51,270.97,-,0.93%
1988-7-1,271.78,273.50,273.80,270.78,-,-0.63%
1988-7-5,275.81,271.78,275.81,270.51,-,1.48%
1988-7-6,272.02,275.80,276.36,269.92,-,-1.37%
1988-7-7,271.78,272.00,272.05,269.31,-,-0.09%
1988-7-8,270.02,271.76,272.31,269.86,-,-0.65%
1988-7-11,270.55,270.03,271.64,270.02,-,0.20%
1988-7-12,267.85,270.54,270.70,266.96,-,-1.00%
1988-7-13,269.32,267.87,269.46,266.12,-,0.55%
1988-7-14,270.26,269.33,270.69,268.58,-,0.35%
1988-7-15,272.05,270.23,272.06,269.53,-,0.66%
1988-7-18,270.51,271.99,272.05,268.66,-,-0.57%
1988-7-19,268.47,270.49,271.21,267.01,-,-0.75%
1988-7-20,270.00,268.52,270.24,268.47,-,0.57%
1988-7-21,266.66,269.99,270.00,266.66,-,-1.24%
1988-7-22,263.50,266.65,266.66,263.29,-,-1.19%
1988-7-25,264.68,263.49,265.17,263.03,-,0.45%
1988-7-26,265.19,264.70,266.09,264.32,-,0.19%
1988-7-27,262.50,265.18,265.83,262.48,-,-1.01%
1988-7-28,266.02,262.52,266.55,262.50,-,1.34%
1988-7-29,272.02,266.04,272.02,266.02,-,2.26%
1988-8-1,272.21,272.03,272.80,271.21,-,0.07%
1988-8-2,272.06,272.19,273.68,270.37,-,-0.06%
1988-8-3,272.98,272.03,273.42,271.15,-,0.34%
1988-8-4,271.93,273.00,274.20,271.77,-,-0.38%
1988-8-5,271.15,271.70,271.93,270.08,-,-0.29%
1988-8-8,269.98,271.13,272.47,269.93,-,-0.43%
1988-8-9,266.49,270.00,270.20,265.06,-,-1.29%
1988-8-10,261.90,266.43,266.49,261.03,-,-1.72%
1988-8-11,262.75,261.92,262.77,260.34,-,0.32%
1988-8-12,262.55,262.70,262.94,261.37,-,-0.08%
1988-8-15,258.69,262.49,262.55,258.68,-,-1.47%
1988-8-16,260.56,258.68,262.61,257.50,-,0.72%
1988-8-17,260.77,260.57,261.84,259.33,-,0.08%
1988-8-18,261.03,260.76,262.76,260.75,-,0.10%
1988-8-19,260.24,261.05,262.27,260.23,-,-0.30%
1988-8-22,256.98,260.24,260.71,256.94,-,-1.25%
1988-8-23,257.09,256.99,257.86,256.53,-,0.04%
1988-8-24,261.13,257.16,261.13,257.09,-,1.57%
1988-8-25,259.18,261.10,261.13,257.56,-,-0.75%
1988-8-26,259.68,259.18,260.15,258.87,-,0.19%
1988-8-29,262.33,259.68,262.56,259.68,-,1.02%
1988-8-30,262.51,262.33,263.18,261.53,-,0.07%
1988-8-31,261.52,262.51,263.80,261.21,-,-0.38%
1988-9-1,258.35,261.52,261.52,256.98,-,-1.21%
1988-9-2,264.48,258.35,264.90,258.35,-,2.37%
1988-9-6,265.59,264.42,265.94,264.40,-,0.42%
1988-9-7,265.87,265.62,266.98,264.93,-,0.11%
1988-9-8,265.88,265.87,266.54,264.88,-,0.00%
1988-9-9,266.84,265.88,268.26,263.66,-,0.36%
1988-9-12,266.47,266.85,267.64,266.22,-,-0.14%
1988-9-13,267.43,266.45,267.43,265.22,-,0.36%
1988-9-14,269.31,267.50,269.47,267.41,-,0.70%
1988-9-15,268.13,269.30,269.78,268.03,-,-0.44%
1988-9-16,270.65,268.13,270.81,267.33,-,0.94%
1988-9-19,268.82,270.64,270.65,267.41,-,-0.68%
1988-9-20,269.73,268.83,270.07,268.50,-,0.34%
1988-9-21,270.16,269.76,270.64,269.48,-,0.16%
1988-9-22,269.18,270.19,270.58,268.26,-,-0.36%
1988-9-23,269.76,269.16,270.31,268.28,-,0.22%
1988-9-26,268.88,269.77,269.80,268.61,-,-0.33%
1988-9-27,268.26,268.89,269.36,268.01,-,-0.23%
1988-9-28,269.08,268.22,269.08,267.77,-,0.31%
1988-9-29,272.59,269.09,273.02,269.08,-,1.30%
1988-9-30,271.91,272.55,274.87,271.66,-,-0.25%
1988-10-3,271.38,271.89,271.91,268.84,-,-0.19%
1988-10-4,270.62,271.37,271.79,270.34,-,-0.28%
1988-10-5,271.86,270.63,272.45,270.08,-,0.46%
1988-10-6,272.39,271.87,272.39,271.30,-,0.19%
1988-10-7,278.07,272.38,278.07,272.37,-,2.09%
1988-10-10,278.24,278.06,278.69,277.10,-,0.06%
1988-10-11,277.93,278.15,278.24,276.33,-,-0.11%
1988-10-12,273.98,277.91,277.93,273.05,-,-1.42%
1988-10-13,275.22,273.95,275.83,273.39,-,0.45%
1988-10-14,275.50,275.27,277.01,274.08,-,0.10%
1988-10-17,276.41,275.48,276.65,275.01,-,0.33%
1988-10-18,279.38,276.43,279.39,276.41,-,1.07%
1988-10-19,276.97,279.40,280.53,274.41,-,-0.86%
1988-10-20,282.88,276.97,282.88,276.93,-,2.13%
1988-10-21,283.66,282.88,283.66,281.16,-,0.28%
1988-10-24,282.28,283.63,283.95,282.28,-,-0.49%
1988-10-25,282.38,282.28,282.84,281.87,-,0.04%
1988-10-26,281.38,282.37,282.52,280.54,-,-0.35%
1988-10-27,277.28,281.35,281.38,276.00,-,-1.46%
1988-10-28,278.53,277.29,279.48,277.28,-,0.45%
1988-10-31,278.97,278.54,279.39,277.14,-,0.16%
1988-11-1,279.06,278.97,279.57,278.01,-,0.03%
1988-11-2,279.06,279.07,279.45,277.08,-,0.00%
1988-11-3,279.20,279.04,280.37,279.04,-,0.05%
1988-11-4,276.31,279.11,279.20,276.31,-,-1.04%
1988-11-7,273.93,276.30,276.31,273.62,-,-0.86%
1988-11-8,275.15,273.95,275.80,273.93,-,0.45%
1988-11-9,273.33,275.14,275.15,272.15,-,-0.66%
1988-11-10,273.69,273.32,274.37,272.98,-,0.13%
1988-11-11,267.92,273.65,273.69,267.92,-,-2.11%
1988-11-14,267.72,267.93,269.25,266.79,-,-0.07%
1988-11-15,268.34,267.73,268.75,267.72,-,0.23%
1988-11-16,263.82,268.41,268.41,262.85,-,-1.68%
1988-11-17,264.60,264.61,265.63,263.45,-,0.30%
1988-11-18,266.47,264.60,266.62,264.60,-,0.71%
1988-11-21,266.22,266.35,266.47,263.41,-,-0.09%
1988-11-22,267.21,266.19,267.85,265.42,-,0.37%
1988-11-23,269.00,267.22,269.56,267.21,-,0.67%
1988-11-25,267.23,268.99,269.00,266.47,-,-0.66%
1988-11-28,268.64,267.22,268.98,266.97,-,0.53%
1988-11-29,270.91,268.60,271.31,268.13,-,0.84%
1988-11-30,273.70,270.91,274.36,270.90,-,1.03%
1988-12-1,272.49,273.68,273.70,272.27,-,-0.44%
1988-12-2,271.81,272.49,272.49,270.47,-,-0.25%
1988-12-5,274.93,274.93,275.62,271.81,-,1.15%
1988-12-6,277.59,274.93,277.89,274.62,-,0.97%
1988-12-7,278.13,277.59,279.01,277.34,-,0.19%
1988-12-8,276.59,278.13,278.13,276.55,-,-0.55%
1988-12-9,277.03,276.57,277.82,276.34,-,0.16%
1988-12-12,276.52,277.03,278.82,276.52,-,-0.18%
1988-12-13,276.31,276.52,276.52,274.58,-,-0.08%
1988-12-14,275.31,276.31,276.31,274.58,-,-0.36%
1988-12-15,274.28,275.32,275.62,274.01,-,-0.37%
1988-12-16,276.29,274.28,276.29,274.28,-,0.73%
1988-12-19,278.91,276.29,279.31,275.61,-,0.95%
1988-12-20,277.47,278.91,280.45,277.47,-,-0.52%
1988-12-21,277.38,277.47,277.83,276.30,-,-0.03%
1988-12-22,276.87,277.38,277.89,276.86,-,-0.18%
1988-12-23,277.87,276.87,277.99,276.87,-,0.36%
1988-12-27,276.83,277.87,278.09,276.74,-,-0.37%
1988-12-28,277.08,276.83,277.55,276.17,-,0.09%
1988-12-29,279.40,277.08,279.42,277.08,-,0.84%
1988-12-30,277.72,279.39,279.78,277.72,-,-0.60%
1989-1-3,275.31,277.72,277.72,273.81,-,-0.87%
1989-1-4,279.43,275.31,279.75,275.31,-,1.50%
1989-1-5,280.01,279.43,281.51,279.43,-,0.21%
1989-1-6,280.67,280.01,282.06,280.01,-,0.24%
1989-1-9,280.98,280.67,281.89,280.32,-,0.11%
1989-1-10,280.38,280.98,281.58,279.44,-,-0.21%
1989-1-11,282.01,280.38,282.01,280.21,-,0.58%
1989-1-12,283.17,282.01,284.63,282.01,-,0.41%
1989-1-13,283.87,283.17,284.12,282.71,-,0.25%
1989-1-16,284.14,283.87,284.88,283.63,-,0.10%
1989-1-17,283.55,284.14,284.14,283.06,-,-0.21%
1989-1-18,286.53,283.55,286.87,282.65,-,1.05%
1989-1-19,286.91,286.53,287.90,286.14,-,0.13%
1989-1-20,286.63,286.90,287.04,285.75,-,-0.10%
1989-1-23,284.50,287.85,287.98,284.50,-,-0.74%
1989-1-24,288.49,284.50,288.49,284.50,-,1.40%
1989-1-25,289.14,288.49,289.15,287.97,-,0.23%
1989-1-26,291.69,289.14,292.62,288.13,-,0.88%
1989-1-27,293.82,291.69,296.08,291.69,-,0.73%
1989-1-30,294.99,293.82,295.13,293.54,-,0.40%
1989-1-31,297.47,294.99,297.51,293.57,-,0.84%
1989-2-1,297.09,297.47,298.33,296.22,-,-0.13%
1989-2-2,296.84,297.09,297.92,295.81,-,-0.08%
1989-2-3,296.97,296.84,297.66,296.15,-,0.04%
1989-2-6,296.04,296.97,296.99,294.96,-,-0.31%
1989-2-7,299.63,296.04,300.34,295.78,-,1.21%
1989-2-8,298.65,299.62,300.57,298.41,-,-0.33%
1989-2-9,296.06,298.65,298.79,295.16,-,-0.87%
1989-2-10,292.02,296.06,296.06,291.96,-,-1.36%
1989-2-13,292.54,292.02,293.07,290.88,-,0.18%
1989-2-14,291.81,292.54,294.37,291.41,-,-0.25%
1989-2-15,294.24,291.81,294.42,291.49,-,0.83%
1989-2-16,294.81,294.24,295.15,294.22,-,0.19%
1989-2-17,296.76,294.81,297.12,294.69,-,0.66%
1989-2-21,295.98,296.76,297.04,295.16,-,-0.26%
1989-2-22,290.91,295.98,295.98,290.76,-,-1.71%
1989-2-23,292.05,290.91,292.05,289.83,-,0.39%
1989-2-24,287.13,292.05,292.05,287.13,-,-1.68%
1989-2-27,287.82,287.13,288.12,286.26,-,0.24%
1989-2-28,288.86,287.82,289.42,287.63,-,0.36%
1989-3-1,287.11,288.86,290.28,286.46,-,-0.61%
1989-3-2,289.95,287.11,290.32,287.11,-,0.99%
1989-3-3,291.18,289.94,291.18,289.44,-,0.42%
1989-3-6,294.81,291.20,294.81,291.18,-,1.25%
1989-3-7,293.87,294.81,295.16,293.50,-,-0.32%
1989-3-8,294.08,293.87,295.62,293.51,-,0.07%
1989-3-9,293.93,294.08,294.69,293.85,-,-0.05%
1989-3-10,292.88,293.93,293.93,291.60,-,-0.36%
1989-3-13,295.32,292.88,296.18,292.88,-,0.83%
1989-3-14,295.14,295.32,296.29,294.63,-,-0.06%
1989-3-15,296.67,295.14,296.78,295.14,-,0.52%
1989-3-16,299.44,296.67,299.99,296.66,-,0.93%
1989-3-17,292.69,299.44,299.44,291.08,-,-2.25%
1989-3-20,289.92,292.69,292.69,288.56,-,-0.95%
1989-3-21,291.33,289.92,292.38,289.92,-,0.49%
1989-3-22,290.49,291.33,291.46,289.90,-,-0.29%
1989-3-23,288.98,290.49,291.51,288.56,-,-0.52%
1989-3-27,290.57,288.98,290.57,288.07,-,0.55%
1989-3-28,291.59,290.57,292.32,290.57,-,0.35%
1989-3-29,292.35,291.59,292.75,291.42,-,0.26%
1989-3-30,292.52,292.35,293.80,291.50,-,0.06%
1989-3-31,294.87,292.52,294.96,292.52,-,0.80%
1989-4-3,296.39,294.87,297.04,294.62,-,0.52%
1989-4-4,295.31,296.40,296.40,294.72,-,-0.36%
1989-4-5,296.24,295.31,296.43,295.28,-,0.31%
1989-4-6,295.29,296.22,296.24,294.52,-,-0.32%
1989-4-7,297.16,295.29,297.62,294.35,-,0.63%
1989-4-10,297.11,297.16,297.94,296.85,-,-0.02%
1989-4-11,298.49,297.11,298.87,297.11,-,0.46%
1989-4-12,298.99,298.49,299.81,298.49,-,0.17%
1989-4-13,296.40,298.99,299.00,296.27,-,-0.87%
1989-4-14,301.36,296.40,301.38,296.40,-,1.67%
1989-4-17,301.72,301.36,302.01,300.71,-,0.12%
1989-4-18,306.02,301.72,306.25,301.72,-,1.43%
1989-4-19,307.15,306.02,307.68,305.36,-,0.37%
1989-4-20,306.19,307.15,307.96,304.53,-,-0.31%
1989-4-21,309.61,306.19,309.61,306.19,-,1.12%
1989-4-24,308.69,309.61,309.61,307.83,-,-0.30%
1989-4-25,306.75,308.69,309.65,306.74,-,-0.63%
1989-4-26,306.93,306.78,307.30,306.07,-,0.06%
1989-4-27,309.58,306.93,310.45,306.93,-,0.86%
1989-4-28,309.64,309.58,309.65,308.48,-,0.02%
1989-5-1,309.12,309.64,309.64,307.40,-,-0.17%
1989-5-2,308.12,309.13,310.45,308.12,-,-0.32%
1989-5-3,308.16,308.12,308.52,307.11,-,0.01%
1989-5-4,307.77,308.16,308.40,307.32,-,-0.13%
1989-5-5,307.61,307.77,310.69,306.98,-,-0.05%
1989-5-8,306.00,307.61,307.61,304.74,-,-0.52%
1989-5-9,305.19,306.00,306.99,304.06,-,-0.26%
1989-5-10,305.80,305.19,306.25,304.85,-,0.20%
1989-5-11,306.95,305.80,307.34,305.80,-,0.38%
1989-5-12,313.84,306.95,313.84,306.95,-,2.24%
1989-5-15,316.16,313.84,316.16,313.84,-,0.74%
1989-5-16,315.28,316.16,316.16,314.99,-,-0.28%
1989-5-17,317.48,315.28,317.94,315.11,-,0.70%
1989-5-18,317.97,317.48,318.52,316.54,-,0.15%
1989-5-19,321.24,317.97,321.38,317.97,-,1.03%
1989-5-22,321.98,321.24,323.06,320.45,-,0.23%
1989-5-23,318.32,321.98,321.98,318.20,-,-1.14%
1989-5-24,319.14,318.32,319.14,317.58,-,0.26%
1989-5-25,319.17,319.14,319.60,318.42,-,0.01%
1989-5-26,321.59,319.17,321.59,319.14,-,0.76%
1989-5-30,319.05,321.59,322.53,317.83,-,-0.79%
1989-5-31,320.52,319.05,321.30,318.68,-,0.46%
1989-6-1,321.97,320.51,322.57,320.01,-,0.45%
1989-6-2,325.52,321.97,325.63,321.97,-,1.10%
1989-6-5,322.03,325.52,325.93,322.02,-,-1.07%
1989-6-6,324.24,322.03,324.48,321.27,-,0.69%
1989-6-7,326.95,324.24,327.39,324.24,-,0.84%
1989-6-8,326.75,326.95,327.37,325.92,-,-0.06%
1989-6-9,326.69,326.75,327.32,325.16,-,-0.02%
1989-6-12,326.24,326.69,326.69,323.73,-,-0.14%
1989-6-13,323.91,326.24,326.24,322.96,-,-0.71%
1989-6-14,323.83,323.91,324.89,322.80,-,-0.02%
1989-6-15,320.08,323.83,323.83,319.21,-,-1.16%
1989-6-16,321.35,319.96,321.36,318.69,-,0.40%
1989-6-19,321.89,321.35,321.89,320.40,-,0.17%
1989-6-20,321.25,321.89,322.78,321.03,-,-0.20%
1989-6-21,320.48,321.25,321.87,319.25,-,-0.24%
1989-6-22,322.32,320.48,322.34,320.20,-,0.57%
1989-6-23,328.00,322.32,328.00,322.32,-,1.76%
1989-6-26,326.60,328.00,328.15,326.31,-,-0.43%
1989-6-27,328.44,326.60,329.19,326.59,-,0.56%
1989-6-28,325.81,328.44,328.44,324.30,-,-0.80%
1989-6-29,319.68,325.81,325.81,319.54,-,-1.88%
1989-6-30,317.98,319.67,319.97,314.38,-,-0.53%
1989-7-3,319.23,317.98,319.27,317.27,-,0.39%
1989-7-5,320.64,319.23,321.22,317.26,-,0.44%
1989-7-6,321.55,320.64,321.55,320.45,-,0.28%
1989-7-7,324.91,321.55,325.87,321.08,-,1.04%
1989-7-10,327.07,324.93,327.07,324.91,-,0.66%
1989-7-11,328.78,327.07,330.42,327.07,-,0.52%
1989-7-12,329.81,328.78,330.39,327.92,-,0.31%
1989-7-13,329.95,329.81,330.37,329.08,-,0.04%
1989-7-14,331.84,329.96,331.89,327.13,-,0.57%
1989-7-17,332.44,331.78,333.02,331.02,-,0.18%
1989-7-18,331.35,332.42,332.44,330.75,-,-0.33%
1989-7-19,335.73,331.37,335.73,331.35,-,1.32%
1989-7-20,333.51,335.74,337.40,333.22,-,-0.66%
1989-7-21,335.90,333.50,335.91,332.46,-,0.72%
1989-7-24,333.67,335.90,335.90,333.44,-,-0.66%
1989-7-25,333.88,333.67,336.29,332.60,-,0.06%
1989-7-26,338.05,333.88,338.05,333.19,-,1.25%
1989-7-27,341.99,338.05,342.00,338.05,-,1.17%
1989-7-28,342.15,341.94,342.96,341.30,-,0.05%
1989-7-31,346.08,342.13,346.08,342.02,-,1.15%
1989-8-1,343.75,346.08,347.99,342.93,-,-0.67%
1989-8-2,344.34,343.75,344.34,342.47,-,0.17%
1989-8-3,344.74,344.34,345.22,343.81,-,0.12%
1989-8-4,343.92,344.74,345.42,342.60,-,-0.24%
1989-8-7,349.41,343.92,349.42,343.91,-,1.60%
1989-8-8,349.35,349.41,349.84,348.28,-,-0.02%
1989-8-9,346.94,349.30,351.00,346.86,-,-0.69%
1989-8-10,348.25,346.94,349.78,345.31,-,0.38%
1989-8-11,344.74,348.28,351.18,344.01,-,-1.01%
1989-8-14,343.06,344.71,345.44,341.96,-,-0.49%
1989-8-15,344.71,343.06,345.03,343.05,-,0.48%
1989-8-16,345.66,344.71,346.37,344.71,-,0.28%
1989-8-17,344.45,345.66,346.39,342.97,-,-0.35%
1989-8-18,346.03,344.45,346.03,343.89,-,0.46%
1989-8-21,340.67,346.03,346.25,340.55,-,-1.55%
1989-8-22,341.19,340.67,341.25,339.00,-,0.15%
1989-8-23,344.70,341.19,344.80,341.19,-,1.03%
1989-8-24,351.52,344.70,351.52,344.70,-,1.98%
1989-8-25,350.52,351.52,352.73,350.09,-,-0.28%
1989-8-28,352.09,350.52,352.09,349.08,-,0.45%
1989-8-29,349.84,352.09,352.12,348.86,-,-0.64%
1989-8-30,350.65,349.84,352.27,348.66,-,0.23%
1989-8-31,351.45,350.65,351.45,350.21,-,0.23%
1989-9-1,353.73,351.45,353.90,350.88,-,0.65%
1989-9-5,352.56,353.73,354.13,351.82,-,-0.33%
1989-9-6,349.24,352.56,352.56,347.98,-,-0.94%
1989-9-7,348.35,349.24,350.31,348.15,-,-0.25%
1989-9-8,348.76,348.35,349.18,345.74,-,0.12%
1989-9-11,347.66,348.76,348.76,345.91,-,-0.32%
1989-9-12,348.70,347.66,349.46,347.50,-,0.30%
1989-9-13,345.46,348.70,350.10,345.46,-,-0.93%
1989-9-14,343.16,345.46,345.61,342.55,-,-0.67%
1989-9-15,345.06,343.16,345.06,341.37,-,0.55%
1989-9-18,346.73,345.06,346.84,344.60,-,0.48%
1989-9-19,346.55,346.73,348.17,346.44,-,-0.05%
1989-9-20,346.47,346.55,347.27,346.18,-,-0.02%
1989-9-21,345.70,346.47,348.46,344.96,-,-0.22%
1989-9-22,347.05,345.70,347.57,345.69,-,0.39%
1989-9-25,344.23,347.05,347.05,343.70,-,-0.81%
1989-9-26,344.33,344.23,347.02,344.13,-,0.03%
1989-9-27,345.10,344.33,345.47,342.85,-,0.22%
1989-9-28,348.60,345.10,348.61,345.10,-,1.01%
1989-9-29,349.15,348.60,350.31,348.12,-,0.16%
1989-10-2,350.87,349.15,350.99,348.35,-,0.49%
1989-10-3,354.71,350.87,354.73,350.85,-,1.09%
1989-10-4,356.94,354.71,357.49,354.71,-,0.63%
1989-10-5,356.97,356.94,357.63,356.28,-,0.01%
1989-10-6,358.78,356.97,359.05,356.97,-,0.51%
1989-10-9,359.80,358.76,359.86,358.06,-,0.28%
1989-10-10,359.13,359.80,360.44,358.11,-,-0.19%
1989-10-11,356.99,359.13,359.13,356.08,-,-0.60%
1989-10-12,355.39,356.99,356.99,354.91,-,-0.45%
1989-10-13,333.65,355.39,355.53,332.81,-,-6.12%
1989-10-16,342.85,333.65,342.87,327.12,-,2.76%
1989-10-17,341.16,342.84,342.85,335.69,-,-0.49%
1989-10-18,341.76,341.16,343.39,339.03,-,0.18%
1989-10-19,347.13,341.76,348.82,341.76,-,1.57%
1989-10-20,347.16,347.04,347.57,344.47,-,0.01%
1989-10-23,344.83,347.11,348.19,344.22,-,-0.67%
1989-10-24,343.70,344.83,344.83,335.13,-,-0.33%
1989-10-25,342.50,343.70,344.51,341.96,-,-0.35%
1989-10-26,337.93,342.50,342.50,337.20,-,-1.33%
1989-10-27,335.06,337.93,337.97,333.26,-,-0.85%
1989-10-30,335.07,335.06,337.04,334.48,-,0.00%
1989-10-31,340.36,335.08,340.86,335.07,-,1.58%
1989-11-1,341.20,340.36,341.74,339.79,-,0.25%
1989-11-2,338.48,341.20,341.20,336.61,-,-0.80%
1989-11-3,337.62,338.48,339.67,337.37,-,-0.25%
1989-11-6,332.61,337.61,337.62,332.33,-,-1.48%
1989-11-7,334.81,332.61,334.82,330.91,-,0.66%
1989-11-8,338.15,334.81,339.41,334.81,-,1.00%
1989-11-9,336.57,338.15,338.73,336.21,-,-0.47%
1989-11-10,339.10,336.57,339.10,336.57,-,0.75%
1989-11-13,339.55,339.08,340.51,337.93,-,0.13%
1989-11-14,337.99,339.55,340.41,337.06,-,-0.46%
1989-11-15,340.54,338.00,340.54,337.14,-,0.75%
1989-11-16,340.58,340.54,341.02,338.93,-,0.01%
1989-11-17,341.61,340.58,342.24,339.85,-,0.30%
1989-11-20,339.35,341.61,341.90,338.29,-,-0.66%
1989-11-21,339.59,339.35,340.21,337.53,-,0.07%
1989-11-22,341.91,339.59,341.92,339.59,-,0.68%
1989-11-24,343.97,341.92,344.24,341.91,-,0.60%
1989-11-27,345.61,343.98,346.24,343.97,-,0.48%
1989-11-28,345.77,345.61,346.33,344.41,-,0.05%
1989-11-29,343.60,345.77,345.77,343.36,-,-0.63%
1989-11-30,345.99,343.60,346.50,343.57,-,0.70%
1989-12-1,350.63,346.01,351.88,345.99,-,1.34%
1989-12-4,351.41,350.63,351.51,350.32,-,0.22%
1989-12-5,349.58,351.41,352.24,349.58,-,-0.52%
1989-12-6,348.55,349.58,349.94,347.91,-,-0.29%
1989-12-7,347.59,348.55,349.84,346.00,-,-0.28%
1989-12-8,348.69,347.60,349.60,347.59,-,0.32%
1989-12-11,348.56,348.68,348.74,346.39,-,-0.04%
1989-12-12,351.73,348.56,352.21,348.41,-,0.91%
1989-12-13,352.75,351.70,354.10,351.65,-,0.29%
1989-12-14,350.93,352.74,352.75,350.08,-,-0.52%
1989-12-15,350.14,350.97,351.86,346.08,-,-0.23%
1989-12-18,343.69,350.14,350.88,342.19,-,-1.84%
1989-12-19,342.46,343.69,343.74,339.63,-,-0.36%
1989-12-20,342.84,342.50,343.70,341.79,-,0.11%
1989-12-21,344.78,342.84,345.03,342.84,-,0.57%
1989-12-22,347.42,344.78,347.53,344.76,-,0.77%
1989-12-26,346.81,347.42,347.87,346.53,-,-0.18%
1989-12-27,348.81,346.84,349.12,346.81,-,0.58%
1989-12-28,350.67,348.80,350.68,348.76,-,0.53%
1989-12-29,353.40,350.68,353.41,350.67,-,0.78%
1990-1-2,359.69,353.40,359.69,351.98,-,1.78%
1990-1-3,358.76,359.69,360.59,357.89,-,-0.26%
1990-1-4,355.67,358.76,358.76,352.89,-,-0.86%
1990-1-5,352.20,355.67,355.67,351.35,-,-0.98%
1990-1-8,353.79,352.20,354.24,350.54,-,0.45%
1990-1-9,349.62,353.83,354.17,349.61,-,-1.18%
1990-1-10,347.31,349.62,349.62,344.32,-,-0.66%
1990-1-11,348.53,347.31,350.14,347.31,-,0.35%
1990-1-12,339.93,348.53,348.53,339.49,-,-2.47%
1990-1-15,337.00,339.93,339.94,336.57,-,-0.86%
1990-1-16,340.75,337.00,340.75,333.37,-,1.11%
1990-1-17,337.40,340.77,342.01,336.26,-,-0.98%
1990-1-18,338.19,337.40,338.38,333.98,-,0.23%
1990-1-19,339.15,338.19,340.48,338.19,-,0.28%
1990-1-22,330.38,339.14,339.96,330.28,-,-2.59%
1990-1-23,331.61,330.38,332.76,328.67,-,0.37%
1990-1-24,330.26,331.61,331.71,324.17,-,-0.41%
1990-1-25,326.08,330.26,332.33,325.33,-,-1.27%
1990-1-26,325.80,326.09,328.58,321.44,-,-0.09%
1990-1-29,325.20,325.80,327.31,321.79,-,-0.18%
1990-1-30,322.98,325.20,325.73,319.83,-,-0.68%
1990-1-31,329.08,322.98,329.08,322.98,-,1.89%
1990-2-1,328.79,329.08,329.86,327.76,-,-0.09%
1990-2-2,330.92,328.79,332.10,328.09,-,0.65%
1990-2-5,331.85,330.92,332.16,330.45,-,0.28%
1990-2-6,329.66,331.85,331.86,328.20,-,-0.66%
1990-2-7,333.75,329.66,333.76,326.55,-,1.24%
1990-2-8,332.96,333.75,336.09,332.00,-,-0.24%
1990-2-9,333.62,333.02,334.60,332.41,-,0.20%
1990-2-12,330.08,333.62,333.62,329.97,-,-1.06%
1990-2-13,331.02,330.08,331.61,327.92,-,0.28%
1990-2-14,332.01,331.02,333.20,330.64,-,0.30%
1990-2-15,334.89,332.01,335.21,331.61,-,0.87%
1990-2-16,332.72,334.89,335.64,332.42,-,-0.65%
1990-2-20,327.99,332.72,332.72,326.26,-,-1.42%
1990-2-21,327.67,327.91,328.17,324.47,-,-0.10%
1990-2-22,325.70,327.67,330.98,325.70,-,-0.60%
1990-2-23,324.15,325.70,326.15,322.10,-,-0.48%
1990-2-26,328.67,324.16,328.67,323.98,-,1.39%
1990-2-27,330.26,328.68,331.94,328.47,-,0.48%
1990-2-28,331.89,330.26,333.48,330.16,-,0.49%
1990-3-1,332.74,331.89,334.40,331.08,-,0.26%
1990-3-2,335.54,332.74,335.54,332.72,-,0.84%
1990-3-5,333.74,335.54,336.38,333.49,-,-0.54%
1990-3-6,337.93,333.74,337.93,333.57,-,1.26%
1990-3-7,336.95,337.93,338.84,336.33,-,-0.29%
1990-3-8,340.27,336.95,340.66,336.95,-,0.99%
1990-3-9,337.93,340.12,340.27,336.84,-,-0.69%
1990-3-12,338.67,337.93,339.08,336.14,-,0.22%
1990-3-13,336.00,338.67,338.67,335.36,-,-0.79%
1990-3-14,336.87,336.00,337.63,334.93,-,0.26%
1990-3-15,338.07,336.87,338.91,336.87,-,0.36%
1990-3-16,341.91,338.07,341.91,338.07,-,1.14%
1990-3-19,343.53,341.91,343.76,339.12,-,0.47%
1990-3-20,341.57,343.53,344.49,340.87,-,-0.57%
1990-3-21,339.74,341.57,342.34,339.56,-,-0.54%
1990-3-22,335.69,339.74,339.77,333.62,-,-1.19%
1990-3-23,337.22,335.69,337.58,335.69,-,0.46%
1990-3-26,337.63,337.22,339.74,337.22,-,0.12%
1990-3-27,341.50,337.63,341.50,337.03,-,1.15%
1990-3-28,342.00,341.50,342.58,340.60,-,0.15%
1990-3-29,340.79,342.00,342.07,339.77,-,-0.35%
1990-3-30,339.94,340.79,341.41,338.21,-,-0.25%
1990-4-2,338.70,339.94,339.94,336.33,-,-0.36%
1990-4-3,343.64,338.70,343.76,338.70,-,1.46%
1990-4-4,341.09,343.64,344.12,340.40,-,-0.74%
1990-4-5,340.73,341.09,342.85,340.63,-,-0.11%
1990-4-6,340.08,340.73,341.73,338.94,-,-0.19%
1990-4-9,341.37,340.08,341.83,339.88,-,0.38%
1990-4-10,342.07,341.37,342.41,340.62,-,0.21%
1990-4-11,341.92,342.07,343.00,341.26,-,-0.04%
1990-4-12,344.34,341.92,344.79,341.91,-,0.71%
1990-4-16,344.74,344.34,347.30,344.10,-,0.12%
1990-4-17,344.68,344.74,345.19,342.06,-,-0.02%
1990-4-18,340.72,344.68,345.33,340.11,-,-1.15%
1990-4-19,338.09,340.72,340.72,337.59,-,-0.77%
1990-4-20,335.12,338.09,338.52,333.41,-,-0.88%
1990-4-23,331.05,335.12,335.12,330.09,-,-1.21%
1990-4-24,330.36,331.05,332.97,329.71,-,-0.21%
1990-4-25,332.03,330.36,332.74,330.36,-,0.51%
1990-4-26,332.92,332.03,333.76,330.67,-,0.27%
1990-4-27,329.11,332.92,333.57,328.71,-,-1.14%
1990-4-30,330.80,329.11,331.31,327.76,-,0.51%
1990-5-1,332.25,330.80,332.83,330.80,-,0.44%
1990-5-2,334.48,332.25,334.48,332.15,-,0.67%
1990-5-3,335.57,334.48,337.02,334.47,-,0.33%
1990-5-4,338.39,335.58,338.46,335.17,-,0.84%
1990-5-7,340.53,338.39,341.07,338.11,-,0.63%
1990-5-8,342.01,340.53,342.03,340.17,-,0.43%
1990-5-9,342.86,342.01,343.08,340.90,-,0.25%
1990-5-10,343.82,342.87,344.98,342.77,-,0.28%
1990-5-11,352.00,343.82,352.31,343.82,-,2.38%
1990-5-14,354.75,352.00,358.41,351.95,-,0.78%
1990-5-15,354.28,354.75,355.09,352.84,-,-0.13%
1990-5-16,354.00,354.27,354.68,351.95,-,-0.08%
1990-5-17,354.47,354.00,356.92,354.00,-,0.13%
1990-5-18,354.64,354.47,354.64,352.52,-,0.05%
1990-5-21,358.00,354.64,359.07,353.78,-,0.95%
1990-5-22,358.43,358.00,360.50,356.09,-,0.12%
1990-5-23,359.29,358.43,359.29,356.99,-,0.24%
1990-5-24,358.41,359.29,359.56,357.87,-,-0.24%
1990-5-25,354.58,358.41,358.41,354.32,-,-1.07%
1990-5-29,360.65,354.58,360.65,354.55,-,1.71%
1990-5-30,360.86,360.65,362.26,360.00,-,0.06%
1990-5-31,361.23,360.86,361.84,360.23,-,0.10%
1990-6-1,363.16,361.26,363.52,361.21,-,0.53%
1990-6-4,367.40,363.16,367.85,362.43,-,1.17%
1990-6-5,366.64,367.40,368.78,365.49,-,-0.21%
1990-6-6,364.96,366.64,366.64,364.42,-,-0.46%
1990-6-7,363.15,365.92,365.92,361.60,-,-0.50%
1990-6-8,358.71,363.15,363.49,357.68,-,-1.22%
1990-6-11,361.63,358.71,361.63,357.70,-,0.81%
1990-6-12,366.25,361.63,367.27,361.15,-,1.28%
1990-6-13,364.90,366.25,367.09,364.51,-,-0.37%
1990-6-14,362.90,364.90,364.90,361.64,-,-0.55%
1990-6-15,362.91,362.89,363.14,360.71,-,0.00%
1990-6-18,356.88,362.91,362.91,356.88,-,-1.66%
1990-6-19,358.47,356.88,358.90,356.18,-,0.45%
1990-6-20,359.10,358.47,359.91,357.00,-,0.18%
1990-6-21,360.47,359.10,360.88,357.63,-,0.38%
1990-6-22,355.43,360.52,363.20,355.31,-,-1.40%
1990-6-25,352.31,355.42,356.41,351.91,-,-0.88%
1990-6-26,352.06,352.32,356.09,351.85,-,-0.07%
1990-6-27,355.14,352.06,355.89,351.23,-,0.87%
1990-6-28,357.63,355.16,357.63,355.16,-,0.70%
1990-6-29,358.02,357.64,359.09,357.30,-,0.11%
1990-7-2,359.54,358.02,359.58,357.54,-,0.42%
1990-7-3,360.16,359.54,360.73,359.44,-,0.17%
1990-7-5,355.68,360.16,360.16,354.86,-,-1.24%
1990-7-6,358.42,355.69,359.02,354.64,-,0.77%
1990-7-9,359.52,358.42,360.05,358.11,-,0.31%
1990-7-10,356.49,359.52,359.74,356.41,-,-0.84%
1990-7-11,361.23,356.49,361.23,356.49,-,1.33%
1990-7-12,365.44,361.23,365.46,360.57,-,1.17%
1990-7-13,367.31,365.45,369.68,365.45,-,0.51%
1990-7-16,368.95,367.31,369.78,367.31,-,0.45%
1990-7-17,367.52,368.95,369.40,364.99,-,-0.39%
1990-7-18,364.22,367.52,367.52,362.95,-,-0.90%
1990-7-19,365.32,364.22,365.32,361.29,-,0.30%
1990-7-20,361.61,365.32,366.64,361.58,-,-1.02%
1990-7-23,355.31,361.61,361.61,350.09,-,-1.74%
1990-7-24,355.79,355.31,356.09,351.46,-,0.14%
1990-7-25,357.09,355.79,357.52,354.80,-,0.37%
1990-7-26,355.91,357.09,357.47,353.95,-,-0.33%
1990-7-27,353.44,355.90,355.94,352.14,-,-0.69%
1990-7-30,355.55,353.44,355.55,351.15,-,0.60%
1990-7-31,356.15,355.55,357.54,353.91,-,0.17%
1990-8-1,355.52,356.15,357.35,353.82,-,-0.18%
1990-8-2,351.48,355.52,355.52,349.73,-,-1.14%
1990-8-3,344.86,351.48,351.48,338.20,-,-1.88%
1990-8-6,334.43,344.86,344.86,333.27,-,-3.02%
1990-8-7,334.83,334.43,338.63,332.22,-,0.12%
1990-8-8,338.35,334.83,339.21,334.83,-,1.05%
1990-8-9,339.94,338.35,340.56,337.56,-,0.47%
1990-8-10,335.52,339.90,339.90,334.22,-,-1.30%
1990-8-13,338.84,335.39,338.88,332.02,-,0.99%
1990-8-14,339.39,338.84,340.96,337.19,-,0.16%
1990-8-15,340.06,339.39,341.92,339.38,-,0.20%
1990-8-16,332.39,340.06,340.06,332.39,-,-2.26%
1990-8-17,327.83,332.36,332.36,324.63,-,-1.37%
1990-8-20,328.51,327.83,329.90,327.07,-,0.21%
1990-8-21,321.86,328.51,328.51,318.78,-,-2.02%
1990-8-22,316.55,321.86,324.15,316.55,-,-1.65%
1990-8-23,307.06,316.55,316.55,306.56,-,-3.00%
1990-8-24,311.51,307.06,311.65,306.18,-,1.45%
1990-8-27,321.44,311.55,323.11,311.55,-,3.19%
1990-8-28,321.34,321.44,322.20,320.25,-,-0.03%
1990-8-29,324.19,321.34,325.83,320.87,-,0.89%
1990-8-30,318.71,324.19,324.57,317.82,-,-1.69%
1990-8-31,322.56,318.71,322.57,316.59,-,1.21%
1990-9-4,323.09,322.56,323.09,319.11,-,0.16%
1990-9-5,324.39,323.09,324.52,320.99,-,0.40%
1990-9-6,320.46,324.39,324.39,319.37,-,-1.21%
1990-9-7,323.40,320.46,324.18,319.71,-,0.92%
1990-9-10,321.63,323.42,326.53,320.31,-,-0.55%
1990-9-11,321.04,321.63,322.18,319.60,-,-0.18%
1990-9-12,322.54,321.04,322.55,319.60,-,0.47%
1990-9-13,318.65,322.51,322.51,318.02,-,-1.21%
1990-9-14,316.83,318.65,318.65,314.76,-,-0.57%
1990-9-17,317.77,316.83,318.05,315.21,-,0.30%
1990-9-18,318.60,317.77,318.85,314.27,-,0.26%
1990-9-19,316.60,318.60,319.35,316.25,-,-0.63%
1990-9-20,311.48,316.60,316.60,310.55,-,-1.62%
1990-9-21,311.32,311.53,312.17,307.98,-,-0.05%
1990-9-24,304.59,311.30,311.30,303.58,-,-2.16%
1990-9-25,308.26,305.46,308.27,304.23,-,1.20%
1990-9-26,305.06,308.26,308.28,303.05,-,-1.04%
1990-9-27,300.97,305.06,307.47,299.10,-,-1.34%
1990-9-28,306.05,300.97,306.05,295.98,-,1.69%
1990-10-1,314.94,306.10,314.94,306.10,-,2.90%
1990-10-2,315.21,314.94,319.69,314.94,-,0.09%
1990-10-3,311.40,315.21,316.26,310.70,-,-1.21%
1990-10-4,312.69,311.40,313.40,308.59,-,0.41%
1990-10-5,311.50,312.69,314.79,305.76,-,-0.38%
1990-10-8,313.48,311.50,315.03,311.50,-,0.64%
1990-10-9,305.10,313.46,313.46,305.09,-,-2.67%
1990-10-10,300.39,305.09,306.43,299.21,-,-1.54%
1990-10-11,295.46,300.39,301.45,294.51,-,-1.64%
1990-10-12,300.03,295.45,301.68,295.22,-,1.55%
1990-10-15,303.23,300.03,304.79,296.41,-,1.07%
1990-10-16,298.92,303.23,304.34,298.12,-,-1.42%
1990-10-17,298.76,298.92,301.50,297.79,-,-0.05%
1990-10-18,305.74,298.75,305.74,298.75,-,2.34%
1990-10-19,312.48,305.74,312.48,305.74,-,2.20%
1990-10-22,314.76,312.48,315.83,310.47,-,0.73%
1990-10-23,312.36,314.76,315.06,312.06,-,-0.76%
1990-10-24,312.60,312.36,313.51,310.74,-,0.08%
1990-10-25,310.17,312.60,313.71,309.70,-,-0.78%
1990-10-26,304.71,310.17,310.17,304.71,-,-1.76%
1990-10-29,301.88,304.74,307.41,300.69,-,-0.93%
1990-10-30,304.06,301.88,304.36,299.44,-,0.72%
1990-10-31,304.00,304.06,305.70,302.33,-,-0.02%
1990-11-1,307.02,303.99,307.27,301.61,-,0.99%
1990-11-2,311.85,307.02,311.94,306.88,-,1.57%
1990-11-5,314.59,311.85,314.61,311.41,-,0.88%
1990-11-6,311.62,314.59,314.76,311.43,-,-0.94%
1990-11-7,306.01,311.62,311.62,305.79,-,-1.80%
1990-11-8,307.61,306.01,309.77,305.03,-,0.52%
1990-11-9,313.74,307.61,313.78,307.61,-,1.99%
1990-11-12,319.48,313.74,319.77,313.73,-,1.83%
1990-11-13,317.67,319.48,319.48,317.26,-,-0.57%
1990-11-14,320.40,317.66,321.70,317.23,-,0.86%
1990-11-15,317.02,320.40,320.40,316.13,-,-1.05%
1990-11-16,317.12,317.02,318.80,314.99,-,0.03%
1990-11-19,319.34,317.15,319.39,317.15,-,0.70%
1990-11-20,315.31,319.34,319.34,315.31,-,-1.26%
1990-11-21,316.03,315.31,316.15,312.42,-,0.23%
1990-11-23,315.10,316.03,317.30,315.06,-,-0.29%
1990-11-26,316.51,315.08,316.51,311.48,-,0.45%
1990-11-27,318.10,316.51,318.69,315.80,-,0.50%
1990-11-28,317.95,318.11,319.96,317.62,-,-0.05%
1990-11-29,316.42,317.95,317.95,315.03,-,-0.48%
1990-11-30,322.22,316.42,323.02,315.42,-,1.83%
1990-12-3,324.10,322.23,324.90,322.23,-,0.58%
1990-12-4,326.35,324.11,326.77,321.97,-,0.69%
1990-12-5,329.92,326.36,329.92,325.66,-,1.09%
1990-12-6,329.07,329.94,333.98,328.37,-,-0.26%
1990-12-7,327.75,329.09,329.39,326.39,-,-0.40%
1990-12-10,328.89,327.75,328.97,326.15,-,0.35%
1990-12-11,326.44,328.88,328.88,325.65,-,-0.74%
1990-12-12,330.19,326.44,330.36,326.44,-,1.15%
1990-12-13,329.34,330.14,330.58,328.77,-,-0.26%
1990-12-14,326.82,329.34,329.34,325.16,-,-0.77%
1990-12-17,326.02,326.82,326.82,324.46,-,-0.24%
1990-12-18,330.05,326.02,330.43,325.75,-,1.24%
1990-12-19,330.20,330.04,330.80,329.39,-,0.05%
1990-12-20,330.12,330.20,330.74,326.94,-,-0.02%
1990-12-21,331.75,330.12,332.47,330.12,-,0.49%
1990-12-24,329.90,331.74,331.74,329.16,-,-0.56%
1990-12-26,330.85,329.89,331.69,329.89,-,0.29%
1990-12-27,328.29,330.85,331.04,328.23,-,-0.77%
1990-12-28,328.72,328.29,328.72,327.24,-,0.13%
1990-12-31,330.22,328.71,330.23,327.50,-,0.46%
1991-1-2,326.45,330.20,330.75,326.45,-,-1.14%
1991-1-3,321.91,326.46,326.53,321.90,-,-1.39%
1991-1-4,321.00,321.91,322.35,318.87,-,-0.28%
1991-1-7,315.44,320.97,320.97,315.44,-,-1.73%
1991-1-8,314.90,315.44,316.97,313.79,-,-0.17%
1991-1-9,311.49,314.90,320.73,310.93,-,-1.08%
1991-1-10,314.53,311.51,314.77,311.51,-,0.98%
1991-1-11,315.23,314.53,315.24,313.59,-,0.22%
1991-1-14,312.49,315.23,315.23,309.35,-,-0.87%
1991-1-15,313.73,312.49,313.73,311.84,-,0.40%
1991-1-16,316.17,313.73,316.94,312.94,-,0.78%
1991-1-17,327.97,316.25,327.97,316.25,-,3.73%
1991-1-18,332.23,327.93,332.23,327.08,-,1.30%
1991-1-21,331.06,332.23,332.23,328.87,-,-0.35%
1991-1-22,328.31,331.06,331.26,327.83,-,-0.83%
1991-1-23,330.21,328.30,331.04,327.93,-,0.58%
1991-1-24,334.78,330.21,335.83,330.19,-,1.38%
1991-1-25,336.07,334.78,336.92,334.20,-,0.39%
1991-1-28,336.03,336.06,337.41,335.81,-,-0.01%
1991-1-29,335.84,336.03,336.03,334.26,-,-0.06%
1991-1-30,340.91,335.80,340.91,335.71,-,1.51%
1991-1-31,343.93,340.92,343.93,340.47,-,0.89%
1991-2-1,343.05,343.91,344.90,340.37,-,-0.26%
1991-2-4,348.34,343.05,348.71,342.96,-,1.54%
1991-2-5,351.26,348.34,351.84,347.21,-,0.84%
1991-2-6,358.07,351.26,358.07,349.58,-,1.94%
1991-2-7,356.52,358.07,363.43,355.53,-,-0.43%
1991-2-8,359.35,356.52,359.35,356.02,-,0.79%
1991-2-11,368.58,359.36,368.58,359.32,-,2.57%
1991-2-12,365.50,368.58,370.54,365.50,-,-0.84%
1991-2-13,369.02,365.50,369.49,364.64,-,0.96%
1991-2-14,364.22,369.02,370.26,362.77,-,-1.30%
1991-2-15,369.06,364.23,369.49,364.23,-,1.33%
1991-2-19,369.39,369.06,370.11,367.05,-,0.09%
1991-2-20,365.14,369.37,369.37,364.38,-,-1.15%
1991-2-21,364.97,365.14,366.79,364.50,-,-0.05%
1991-2-22,365.65,364.97,370.96,364.23,-,0.19%
1991-2-25,367.26,365.65,370.19,365.16,-,0.44%
1991-2-26,362.81,367.26,367.26,362.19,-,-1.21%
1991-2-27,367.74,362.81,368.38,362.81,-,1.36%
1991-2-28,367.07,367.73,369.91,365.95,-,-0.18%
1991-3-1,370.47,367.07,370.47,363.73,-,0.93%
1991-3-4,369.33,370.47,371.99,369.07,-,-0.31%
1991-3-5,376.72,369.33,377.89,369.33,-,2.00%
1991-3-6,376.17,376.72,379.66,375.02,-,-0.15%
1991-3-7,375.91,376.16,377.49,375.58,-,-0.07%
1991-3-8,374.95,375.91,378.69,374.43,-,-0.26%
1991-3-11,372.96,374.94,375.10,372.52,-,-0.53%
1991-3-12,370.03,372.96,374.35,369.55,-,-0.79%
1991-3-13,374.57,370.03,374.65,370.03,-,1.23%
1991-3-14,373.50,374.59,378.28,371.76,-,-0.29%
1991-3-15,373.59,373.50,374.58,370.21,-,0.02%
1991-3-18,372.11,373.59,374.09,369.46,-,-0.40%
1991-3-19,366.59,372.11,372.11,366.54,-,-1.48%
1991-3-20,367.92,366.59,368.85,365.80,-,0.36%
1991-3-21,366.58,367.94,371.01,366.51,-,-0.36%
1991-3-22,367.48,366.58,368.22,365.58,-,0.25%
1991-3-25,369.83,367.48,371.31,367.46,-,0.64%
1991-3-26,376.30,369.83,376.30,369.37,-,1.75%
1991-3-27,375.35,376.28,378.48,374.73,-,-0.25%
1991-3-28,375.22,375.35,376.60,374.40,-,-0.03%
1991-4-1,371.30,375.22,375.22,370.27,-,-1.04%
1991-4-2,379.50,371.30,379.50,371.30,-,2.21%
1991-4-3,378.94,379.50,381.56,378.49,-,-0.15%
1991-4-4,379.77,378.94,381.88,377.05,-,0.22%
1991-4-5,375.36,379.78,381.12,374.15,-,-1.16%
1991-4-8,378.66,375.35,378.76,374.69,-,0.88%
1991-4-9,373.56,378.65,379.02,373.11,-,-1.35%
1991-4-10,373.15,373.57,374.83,371.21,-,-0.11%
1991-4-11,377.63,373.15,379.53,373.15,-,1.20%
1991-4-12,380.40,377.65,381.07,376.89,-,0.73%
1991-4-15,381.19,380.40,382.32,378.78,-,0.21%
1991-4-16,387.62,381.19,387.62,379.64,-,1.69%
1991-4-17,390.45,387.62,391.26,387.30,-,0.73%
1991-4-18,388.46,390.45,390.97,388.13,-,-0.51%
1991-4-19,384.20,388.46,388.46,383.90,-,-1.10%
1991-4-22,380.95,384.19,384.19,380.16,-,-0.85%
1991-4-23,381.76,380.95,383.55,379.67,-,0.21%
1991-4-24,382.76,381.76,383.02,379.99,-,0.26%
1991-4-25,379.25,382.89,382.89,378.43,-,-0.92%
1991-4-26,379.02,379.25,380.11,376.77,-,-0.06%
1991-4-29,373.66,379.01,380.96,373.66,-,-1.41%
1991-4-30,375.34,373.66,377.86,373.01,-,0.45%
1991-5-1,380.29,375.35,380.46,375.27,-,1.32%
1991-5-2,380.52,380.29,382.14,379.82,-,0.06%
1991-5-3,380.80,380.52,381.00,378.82,-,0.07%
1991-5-6,380.08,380.78,380.78,377.86,-,-0.19%
1991-5-7,377.32,380.08,380.91,377.31,-,-0.73%
1991-5-8,378.51,377.33,379.26,376.21,-,0.32%
1991-5-9,383.25,378.51,383.56,378.51,-,1.25%
1991-5-10,375.74,383.26,383.91,375.61,-,-1.96%
1991-5-13,376.76,375.74,377.02,374.62,-,0.27%
1991-5-14,371.62,375.51,375.53,370.82,-,-1.36%
1991-5-15,368.57,371.55,372.47,365.83,-,-0.82%
1991-5-16,372.19,368.57,372.51,368.57,-,0.98%
1991-5-17,372.39,372.19,373.01,369.44,-,0.05%
1991-5-20,372.28,372.39,373.65,371.26,-,-0.03%
1991-5-21,375.35,372.28,376.66,372.28,-,0.82%
1991-5-22,376.19,375.35,376.50,374.40,-,0.22%
1991-5-23,374.96,376.19,378.07,373.55,-,-0.33%
1991-5-24,377.49,374.97,378.08,374.97,-,0.67%
1991-5-28,381.94,377.49,382.10,377.12,-,1.18%
1991-5-29,382.79,381.94,383.66,381.37,-,0.22%
1991-5-30,386.96,382.79,388.17,382.50,-,1.09%
1991-5-31,389.83,386.96,389.85,385.01,-,0.74%
1991-6-3,388.06,389.81,389.81,386.97,-,-0.45%
1991-6-4,387.74,388.06,388.06,385.14,-,-0.08%
1991-6-5,385.09,387.74,388.23,384.45,-,-0.68%
1991-6-6,383.63,385.10,385.85,383.13,-,-0.38%
1991-6-7,379.43,383.63,383.63,378.76,-,-1.09%
1991-6-10,378.57,379.43,379.75,377.95,-,-0.23%
1991-6-11,381.05,378.57,381.63,378.57,-,0.66%
1991-6-12,376.65,381.05,381.05,374.46,-,-1.15%
1991-6-13,377.63,376.65,377.90,376.08,-,0.26%
1991-6-14,382.29,377.63,382.30,377.63,-,1.23%
1991-6-17,380.13,382.30,382.31,380.13,-,-0.57%
1991-6-18,378.59,380.13,381.83,377.99,-,-0.41%
1991-6-19,375.09,378.57,378.57,374.36,-,-0.92%
1991-6-20,375.42,375.09,376.29,373.87,-,0.09%
1991-6-21,377.75,375.42,377.75,375.33,-,0.62%
1991-6-24,370.94,377.74,377.74,370.73,-,-1.80%
1991-6-25,370.65,370.94,372.62,369.56,-,-0.08%
1991-6-26,371.59,370.65,372.73,368.34,-,0.25%
1991-6-27,374.40,371.59,374.40,371.59,-,0.76%
1991-6-28,371.16,374.40,374.40,367.98,-,-0.87%
1991-7-1,377.92,371.18,377.92,371.18,-,1.82%
1991-7-2,377.47,377.92,377.93,376.62,-,-0.12%
1991-7-3,373.33,377.47,377.47,372.08,-,-1.10%
1991-7-5,374.08,373.34,375.51,372.17,-,0.20%
1991-7-8,377.94,374.09,377.94,370.92,-,1.03%
1991-7-9,376.11,377.94,378.58,375.37,-,-0.48%
1991-7-10,375.74,376.11,380.35,375.20,-,-0.10%
1991-7-11,376.97,375.73,377.68,375.51,-,0.33%
1991-7-12,380.25,376.97,381.41,375.79,-,0.87%
1991-7-15,382.39,380.28,383.00,380.24,-,0.56%
1991-7-16,381.54,382.39,382.94,380.80,-,-0.22%
1991-7-17,381.18,381.50,382.86,381.13,-,-0.09%
1991-7-18,385.37,381.18,385.37,381.18,-,1.10%
1991-7-19,384.22,385.38,385.83,383.65,-,-0.30%
1991-7-22,382.88,384.21,384.55,381.84,-,-0.35%
1991-7-23,379.42,382.88,384.86,379.39,-,-0.90%
1991-7-24,378.64,379.42,380.46,378.29,-,-0.21%
1991-7-25,380.96,378.64,381.13,378.15,-,0.61%
1991-7-26,380.93,380.96,381.76,379.81,-,-0.01%
1991-7-29,383.15,380.93,383.15,380.45,-,0.58%
1991-7-30,386.69,383.15,386.92,383.15,-,0.92%
1991-7-31,387.81,386.69,387.81,386.19,-,0.29%
1991-8-1,387.12,387.81,387.95,386.48,-,-0.18%
1991-8-2,387.18,387.12,389.56,386.05,-,0.02%
1991-8-5,385.06,387.17,387.17,384.48,-,-0.55%
1991-8-6,390.62,385.06,390.80,384.29,-,1.44%
1991-8-7,390.56,390.62,391.59,389.86,-,-0.02%
1991-8-8,389.32,390.56,391.80,388.15,-,-0.32%
1991-8-9,387.12,389.32,389.89,387.04,-,-0.57%
1991-8-12,388.02,387.11,388.17,385.90,-,0.23%
1991-8-13,389.62,388.02,392.12,388.02,-,0.41%
1991-8-14,389.90,389.62,391.85,389.13,-,0.07%
1991-8-15,389.33,389.91,391.92,389.29,-,-0.15%
1991-8-16,385.58,389.33,390.41,383.16,-,-0.96%
1991-8-19,376.47,385.58,385.58,374.09,-,-2.36%
1991-8-20,379.43,376.47,380.35,376.47,-,0.79%
1991-8-21,390.59,379.55,390.59,379.55,-,2.94%
1991-8-22,391.33,390.59,391.98,390.21,-,0.19%
1991-8-23,394.17,391.33,395.34,390.69,-,0.73%
1991-8-26,393.85,394.17,394.39,392.75,-,-0.08%
1991-8-27,393.06,393.85,393.87,391.77,-,-0.20%
1991-8-28,396.64,393.06,396.64,393.05,-,0.91%
1991-8-29,396.47,396.65,396.82,395.14,-,-0.04%
1991-8-30,395.43,396.47,396.47,393.60,-,-0.26%
1991-9-3,392.15,395.43,397.62,392.10,-,-0.83%
1991-9-4,389.97,392.15,392.62,388.68,-,-0.56%
1991-9-5,389.14,389.97,390.97,388.49,-,-0.21%
1991-9-6,389.10,389.14,390.71,387.36,-,-0.01%
1991-9-9,388.57,389.11,389.34,387.88,-,-0.14%
1991-9-10,384.56,388.57,388.63,383.78,-,-1.03%
1991-9-11,385.09,384.56,385.60,383.59,-,0.14%
1991-9-12,387.34,385.09,387.34,385.09,-,0.58%
1991-9-13,383.59,387.16,387.95,382.85,-,-0.97%
1991-9-16,385.78,383.59,385.79,382.77,-,0.57%
1991-9-17,385.50,385.78,387.13,384.97,-,-0.07%
1991-9-18,386.94,385.49,386.94,384.28,-,0.37%
1991-9-19,387.56,386.94,389.42,386.27,-,0.16%
1991-9-20,387.92,387.56,388.82,386.49,-,0.09%
1991-9-23,385.92,387.90,388.55,385.76,-,-0.52%
1991-9-24,387.71,385.92,388.13,384.46,-,0.46%
1991-9-25,386.88,387.72,388.25,385.99,-,-0.21%
1991-9-26,386.49,386.87,388.39,385.30,-,-0.10%
1991-9-27,385.90,386.49,389.09,384.87,-,-0.15%
1991-9-30,387.86,385.91,388.29,384.32,-,0.51%
1991-10-1,389.20,387.86,389.56,387.86,-,0.35%
1991-10-2,388.26,389.20,390.03,387.62,-,-0.24%
1991-10-3,384.47,388.23,388.23,384.47,-,-0.98%
1991-10-4,381.25,384.47,385.19,381.24,-,-0.84%
1991-10-7,379.50,381.22,381.27,379.07,-,-0.46%
1991-10-8,380.67,379.50,381.23,379.18,-,0.31%
1991-10-9,376.80,380.57,380.57,376.35,-,-1.02%
1991-10-10,380.55,376.80,380.55,376.11,-,1.00%
1991-10-11,381.45,380.55,381.46,379.90,-,0.24%
1991-10-14,386.47,381.45,386.47,381.45,-,1.32%
1991-10-15,391.01,386.47,391.50,385.95,-,1.17%
1991-10-16,392.80,391.01,393.29,390.14,-,0.46%
1991-10-17,391.92,392.79,393.81,390.32,-,-0.22%
1991-10-18,392.50,391.92,392.80,391.77,-,0.15%
1991-10-21,390.02,392.49,392.49,388.96,-,-0.63%
1991-10-22,387.83,390.02,391.20,387.40,-,-0.56%
1991-10-23,387.94,387.83,389.08,386.52,-,0.03%
1991-10-24,385.07,387.94,388.32,383.45,-,-0.74%
1991-10-25,384.20,385.07,386.13,382.97,-,-0.23%
1991-10-28,389.52,384.20,389.52,384.20,-,1.38%
1991-10-29,391.48,389.52,391.70,386.88,-,0.50%
1991-10-30,392.96,391.48,393.11,390.78,-,0.38%
1991-10-31,392.45,392.96,392.96,391.58,-,-0.13%
1991-11-1,391.32,392.46,395.10,389.67,-,-0.29%
1991-11-4,390.28,391.29,391.29,388.09,-,-0.27%
1991-11-5,388.71,390.28,392.17,388.19,-,-0.40%
1991-11-6,389.97,388.71,389.97,387.58,-,0.32%
1991-11-7,393.72,389.97,393.72,389.97,-,0.96%
1991-11-8,392.89,393.72,396.43,392.42,-,-0.21%
1991-11-11,393.12,392.90,393.57,392.32,-,0.06%
1991-11-12,396.74,393.12,397.13,393.12,-,0.92%
1991-11-13,397.41,396.74,397.42,394.01,-,0.17%
1991-11-14,397.15,397.41,398.22,395.85,-,-0.07%
1991-11-15,382.62,397.15,397.16,382.62,-,-3.66%
1991-11-18,385.24,382.62,385.40,379.70,-,0.68%
1991-11-19,379.42,385.24,385.24,374.90,-,-1.51%
1991-11-20,378.53,379.42,381.51,377.84,-,-0.23%
1991-11-21,380.06,378.53,381.12,377.41,-,0.40%
1991-11-22,376.14,380.05,380.05,374.52,-,-1.03%
1991-11-25,375.34,376.14,377.07,374.00,-,-0.21%
1991-11-26,377.96,375.34,378.29,371.63,-,0.70%
1991-11-27,376.55,377.96,378.11,375.98,-,-0.37%
1991-11-29,375.22,376.55,376.55,374.65,-,-0.35%
1991-12-2,381.40,375.11,381.40,371.36,-,1.65%
1991-12-3,380.96,381.40,381.48,379.92,-,-0.12%
1991-12-4,380.07,380.96,381.51,378.07,-,-0.23%
1991-12-5,377.39,380.07,380.07,376.58,-,-0.71%
1991-12-6,379.10,377.39,382.39,375.41,-,0.45%
1991-12-9,378.26,379.09,381.42,377.67,-,-0.22%
1991-12-10,377.90,378.26,379.57,376.64,-,-0.10%
1991-12-11,377.70,377.90,379.42,374.78,-,-0.05%
1991-12-12,381.55,377.70,381.62,377.70,-,1.02%
1991-12-13,384.47,381.55,385.04,381.55,-,0.77%
1991-12-16,384.46,384.48,385.84,384.37,-,-0.00%
1991-12-17,382.74,384.46,385.05,382.60,-,-0.45%
1991-12-18,383.48,382.74,383.51,380.88,-,0.19%
1991-12-19,382.52,383.46,383.46,380.64,-,-0.25%
1991-12-20,387.04,382.52,388.24,382.52,-,1.18%
1991-12-23,396.82,387.05,397.44,386.96,-,2.53%
1991-12-24,399.33,396.82,401.79,396.82,-,0.63%
1991-12-26,404.84,399.33,404.92,399.31,-,1.38%
1991-12-27,406.46,404.84,406.58,404.59,-,0.40%
1991-12-30,415.14,406.49,415.14,406.49,-,2.14%
1991-12-31,417.09,415.14,418.32,412.73,-,0.47%
1992-1-2,417.26,417.03,417.27,411.04,-,0.04%
1992-1-3,419.34,417.27,419.79,416.16,-,0.50%
1992-1-6,417.96,419.31,419.44,416.92,-,-0.33%
1992-1-7,417.40,417.96,417.96,415.20,-,-0.13%
1992-1-8,418.10,417.36,420.23,415.02,-,0.17%
1992-1-9,417.61,418.09,420.50,415.85,-,-0.12%
1992-1-10,415.10,417.62,417.62,413.31,-,-0.60%
1992-1-13,414.34,415.05,415.36,413.54,-,-0.18%
1992-1-14,420.44,414.34,420.44,414.32,-,1.47%
1992-1-15,420.77,420.45,421.18,418.79,-,0.08%
1992-1-16,418.21,420.77,420.85,415.37,-,-0.61%
1992-1-17,418.86,418.20,419.45,416.00,-,0.16%
1992-1-20,416.36,418.86,418.86,415.80,-,-0.60%
1992-1-21,412.64,416.36,416.39,411.32,-,-0.89%
1992-1-22,418.13,412.65,418.13,412.49,-,1.33%
1992-1-23,414.96,418.13,419.78,414.36,-,-0.76%
1992-1-24,415.48,414.96,417.27,414.29,-,0.13%
1992-1-27,414.99,415.44,416.84,414.48,-,-0.12%
1992-1-28,414.96,414.98,416.41,414.54,-,-0.01%
1992-1-29,410.34,414.96,417.83,409.17,-,-1.11%
1992-1-30,411.62,410.34,412.17,409.26,-,0.31%
1992-1-31,408.78,411.65,412.63,408.64,-,-0.69%
1992-2-3,409.53,408.79,409.95,407.45,-,0.18%
1992-2-4,413.85,409.60,413.85,409.28,-,1.05%
1992-2-5,413.84,413.88,416.17,413.18,-,-0.00%
1992-2-6,413.82,413.87,414.55,411.93,-,-0.00%
1992-2-7,411.09,413.82,415.29,408.04,-,-0.66%
1992-2-10,413.77,411.07,413.77,411.07,-,0.65%
1992-2-11,413.76,413.77,414.38,412.24,-,-0.00%
1992-2-12,417.13,413.77,418.08,413.36,-,0.81%
1992-2-13,413.69,417.13,417.77,412.07,-,-0.82%
1992-2-14,412.48,413.69,413.84,411.20,-,-0.29%
1992-2-18,407.38,412.48,413.27,406.34,-,-1.24%
1992-2-19,408.26,407.38,408.70,406.54,-,0.22%
1992-2-20,413.90,408.26,413.90,408.26,-,1.38%
1992-2-21,411.43,413.90,414.26,409.72,-,-0.60%
1992-2-24,412.27,411.46,412.94,410.34,-,0.20%
1992-2-25,410.45,412.27,412.27,408.02,-,-0.44%
1992-2-26,415.35,410.48,415.35,410.48,-,1.19%
1992-2-27,413.86,415.35,415.99,413.47,-,-0.36%
1992-2-28,412.70,413.86,416.07,411.80,-,-0.28%
1992-3-2,412.45,412.68,413.74,411.52,-,-0.06%
1992-3-3,412.85,412.45,413.78,411.88,-,0.10%
1992-3-4,409.33,412.86,413.27,409.33,-,-0.85%
1992-3-5,406.51,409.33,409.33,405.42,-,-0.69%
1992-3-6,404.44,406.51,407.51,403.65,-,-0.51%
1992-3-9,405.21,404.45,405.64,404.25,-,0.19%
1992-3-10,406.89,405.21,409.16,405.21,-,0.41%
1992-3-11,404.03,406.88,407.02,402.64,-,-0.70%
1992-3-12,403.89,404.03,404.72,401.94,-,-0.03%
1992-3-13,405.84,403.92,406.69,403.92,-,0.48%
1992-3-16,406.39,405.85,406.40,403.55,-,0.14%
1992-3-17,409.58,406.39,409.72,406.39,-,0.78%
1992-3-18,409.15,409.58,410.84,408.23,-,-0.10%
1992-3-19,409.80,409.15,410.57,409.12,-,0.16%
1992-3-20,411.30,409.80,411.30,408.53,-,0.37%
1992-3-23,409.91,411.29,411.29,408.87,-,-0.34%
1992-3-24,408.88,409.91,411.43,407.99,-,-0.25%
1992-3-25,407.52,408.88,409.87,407.52,-,-0.33%
1992-3-26,407.86,407.52,409.44,406.75,-,0.08%
1992-3-27,403.50,407.86,407.86,402.87,-,-1.07%
1992-3-30,403.00,403.50,404.30,402.97,-,-0.12%
1992-3-31,403.69,403.00,405.21,402.22,-,0.17%
1992-4-1,404.23,403.67,404.50,400.75,-,0.13%
1992-4-2,400.50,404.17,404.63,399.28,-,-0.92%
1992-4-3,401.55,400.50,401.59,398.21,-,0.26%
1992-4-6,405.59,401.54,405.93,401.52,-,1.01%
1992-4-7,398.06,405.59,405.75,397.97,-,-1.86%
1992-4-8,394.50,398.05,398.05,392.41,-,-0.89%
1992-4-9,400.64,394.50,401.04,394.50,-,1.56%
1992-4-10,404.29,400.59,405.12,400.59,-,0.91%
1992-4-13,406.08,404.28,406.08,403.90,-,0.44%
1992-4-14,412.39,406.08,413.86,406.08,-,1.55%
1992-4-15,416.28,412.39,416.28,412.39,-,0.94%
1992-4-16,416.04,416.28,416.28,413.40,-,-0.06%
1992-4-20,410.18,416.05,416.05,407.93,-,-1.41%
1992-4-21,410.26,410.16,411.09,408.20,-,0.02%
1992-4-22,409.81,410.26,411.30,409.23,-,-0.11%
1992-4-23,411.60,409.81,411.60,406.86,-,0.44%
1992-4-24,409.02,411.60,412.48,408.74,-,-0.63%
1992-4-27,408.45,409.03,409.60,407.64,-,-0.14%
1992-4-28,409.11,408.45,409.69,406.33,-,0.16%
1992-4-29,412.02,409.11,412.31,409.11,-,0.71%
1992-4-30,414.95,412.02,414.95,412.02,-,0.71%
1992-5-1,412.53,414.95,415.21,409.87,-,-0.58%
1992-5-4,416.91,412.54,417.84,412.54,-,1.06%
1992-5-5,416.84,416.91,418.53,415.77,-,-0.02%
1992-5-6,416.79,416.84,418.48,416.40,-,-0.01%
1992-5-7,415.85,416.79,416.84,415.38,-,-0.23%
1992-5-8,416.05,415.87,416.85,414.41,-,0.05%
1992-5-11,418.49,416.05,418.75,416.05,-,0.59%
1992-5-12,416.29,418.49,418.68,414.69,-,-0.53%
1992-5-13,416.45,416.29,417.04,415.86,-,0.04%
1992-5-14,413.14,416.45,416.52,411.82,-,-0.79%
1992-5-15,410.09,413.14,413.14,409.85,-,-0.74%
1992-5-18,412.81,410.13,413.34,410.13,-,0.66%
1992-5-19,416.37,412.82,416.51,412.26,-,0.86%
1992-5-20,415.39,416.37,416.83,415.37,-,-0.24%
1992-5-21,412.60,415.40,415.41,411.57,-,-0.67%
1992-5-22,414.02,412.61,414.82,412.60,-,0.34%
1992-5-26,411.41,414.02,414.02,410.23,-,-0.63%
1992-5-27,412.17,411.41,412.68,411.06,-,0.18%
1992-5-28,416.74,412.17,416.77,411.81,-,1.11%
1992-5-29,415.35,416.74,418.36,415.35,-,-0.33%
1992-6-1,417.30,415.35,417.30,412.44,-,0.47%
1992-6-2,413.50,417.30,417.30,413.50,-,-0.91%
1992-6-3,414.59,413.50,416.54,413.04,-,0.26%
1992-6-4,413.26,414.60,414.98,412.97,-,-0.32%
1992-6-5,413.48,413.26,413.85,410.97,-,0.05%
1992-6-8,413.36,413.48,413.95,412.03,-,-0.03%
1992-6-9,410.06,413.40,413.56,409.30,-,-0.80%
1992-6-10,407.25,410.06,410.10,406.81,-,-0.69%
1992-6-11,409.05,407.25,409.05,406.11,-,0.44%
1992-6-12,409.76,409.08,411.86,409.08,-,0.17%
1992-6-15,410.29,409.76,411.68,408.13,-,0.13%
1992-6-16,408.32,410.29,411.40,408.32,-,-0.48%
1992-6-17,402.26,408.33,408.33,401.98,-,-1.48%
1992-6-18,400.96,402.26,402.68,400.51,-,-0.32%
1992-6-19,403.67,400.96,404.23,400.96,-,0.68%
1992-6-22,403.40,403.64,403.64,399.92,-,-0.07%
1992-6-23,404.04,403.40,405.41,403.40,-,0.16%
1992-6-24,403.84,404.05,404.76,403.26,-,-0.05%
1992-6-25,403.12,403.83,405.53,402.01,-,-0.18%
1992-6-26,403.45,403.12,403.51,401.94,-,0.08%
1992-6-29,408.94,403.47,408.96,403.47,-,1.36%
1992-6-30,408.14,408.94,409.63,407.85,-,-0.20%
1992-7-1,412.88,408.20,412.88,408.20,-,1.16%
1992-7-2,411.77,412.88,415.71,410.07,-,-0.27%
1992-7-6,413.84,411.77,413.84,410.46,-,0.50%
1992-7-7,409.16,413.83,415.33,408.58,-,-1.13%
1992-7-8,410.28,409.15,410.28,407.20,-,0.27%
1992-7-9,414.23,410.28,414.69,410.26,-,0.96%
1992-7-10,414.62,414.23,415.88,413.34,-,0.09%
1992-7-13,414.87,414.62,415.86,413.93,-,0.06%
1992-7-14,417.68,414.86,417.69,414.33,-,0.68%
1992-7-15,417.10,417.68,417.81,416.29,-,-0.14%
1992-7-16,417.54,417.04,417.93,414.79,-,0.11%
1992-7-17,415.62,417.54,417.54,412.96,-,-0.46%
1992-7-20,413.75,415.62,415.62,410.72,-,-0.45%
1992-7-21,413.76,413.75,414.92,413.10,-,0.00%
1992-7-22,410.93,413.74,413.74,409.95,-,-0.68%
1992-7-23,412.08,410.93,412.08,409.81,-,0.28%
1992-7-24,411.60,412.07,412.07,409.93,-,-0.12%
1992-7-27,411.54,411.60,412.67,411.27,-,-0.01%
1992-7-28,417.52,411.55,417.55,411.55,-,1.45%
1992-7-29,422.23,417.52,423.02,417.52,-,1.13%
1992-7-30,423.92,422.20,423.94,421.57,-,0.40%
1992-7-31,424.21,423.92,424.80,422.46,-,0.07%
1992-8-3,425.09,424.19,425.09,422.84,-,0.21%
1992-8-4,424.36,425.09,425.14,423.10,-,-0.17%
1992-8-5,422.19,424.35,424.35,421.92,-,-0.51%
1992-8-6,420.59,422.19,422.36,420.26,-,-0.38%
1992-8-7,418.88,420.59,423.45,418.51,-,-0.41%
1992-8-10,419.42,418.87,419.42,417.04,-,0.13%
1992-8-11,418.90,419.45,419.72,416.53,-,-0.12%
1992-8-12,417.78,418.89,419.75,416.43,-,-0.27%
1992-8-13,417.73,417.78,419.88,416.40,-,-0.01%
1992-8-14,419.91,417.74,420.40,417.74,-,0.52%
1992-8-17,420.74,419.89,421.89,419.44,-,0.20%
1992-8-18,421.34,420.74,421.40,419.78,-,0.14%
1992-8-19,418.19,421.34,421.62,418.19,-,-0.75%
1992-8-20,418.26,418.19,418.85,416.93,-,0.02%
1992-8-21,414.85,418.27,420.35,413.58,-,-0.82%
1992-8-24,410.72,414.80,414.80,410.07,-,-1.00%
1992-8-25,411.61,410.73,411.64,408.30,-,0.22%
1992-8-26,413.51,411.65,413.61,410.53,-,0.46%
1992-8-27,413.53,413.51,415.83,413.51,-,0.00%
1992-8-28,414.84,413.54,414.95,413.38,-,0.32%
1992-8-31,414.03,414.87,415.29,413.76,-,-0.20%
1992-9-1,416.07,414.03,416.07,413.35,-,0.49%
1992-9-2,417.98,416.07,418.28,415.31,-,0.46%
1992-9-3,417.98,417.98,420.31,417.49,-,0.00%
1992-9-4,417.08,417.98,418.62,416.76,-,-0.22%
1992-9-8,414.44,417.08,417.18,414.30,-,-0.63%
1992-9-9,416.36,414.44,416.44,414.44,-,0.46%
1992-9-10,419.95,416.34,420.52,416.34,-,0.86%
1992-9-11,419.58,419.95,420.58,419.13,-,-0.09%
1992-9-14,425.27,419.65,425.27,419.65,-,1.36%
1992-9-15,419.77,425.22,425.22,419.54,-,-1.29%
1992-9-16,419.92,419.71,422.44,417.77,-,0.04%
1992-9-17,419.93,419.92,421.43,419.62,-,0.00%
1992-9-18,422.93,419.92,422.93,419.92,-,0.71%
1992-9-21,422.14,422.90,422.90,421.18,-,-0.19%
1992-9-22,417.14,422.14,422.14,417.13,-,-1.18%
1992-9-23,417.44,417.14,417.88,416.00,-,0.07%
1992-9-24,418.47,417.46,419.01,417.46,-,0.25%
1992-9-25,414.35,418.47,418.63,412.71,-,-0.98%
1992-9-28,416.62,414.35,416.62,413.00,-,0.55%
1992-9-29,416.80,416.62,417.38,415.34,-,0.04%
1992-9-30,417.80,416.79,418.58,416.67,-,0.24%
1992-10-1,416.29,417.80,418.67,415.46,-,-0.36%
1992-10-2,410.47,416.29,416.35,410.45,-,-1.40%
1992-10-5,407.57,410.47,410.47,396.80,-,-0.71%
1992-10-6,407.18,407.57,408.56,404.84,-,-0.10%
1992-10-7,404.25,407.17,408.60,403.91,-,-0.72%
1992-10-8,407.75,404.29,408.04,404.29,-,0.87%
1992-10-9,402.66,407.75,407.75,402.42,-,-1.25%
1992-10-12,407.44,402.66,407.44,402.66,-,1.19%
1992-10-13,409.30,407.44,410.64,406.83,-,0.46%
1992-10-14,409.37,409.30,411.52,407.86,-,0.02%
1992-10-15,409.60,409.34,411.03,407.92,-,0.06%
1992-10-16,411.73,409.60,411.73,407.43,-,0.52%
1992-10-19,414.98,411.73,414.98,410.66,-,0.79%
1992-10-20,415.48,414.98,417.98,414.49,-,0.12%
1992-10-21,415.67,415.53,416.15,414.54,-,0.05%
1992-10-22,414.90,415.67,416.81,413.10,-,-0.19%
1992-10-23,414.10,414.90,416.23,413.68,-,-0.19%
1992-10-26,418.16,414.09,418.17,413.71,-,0.98%
1992-10-27,418.49,418.18,419.20,416.97,-,0.08%
1992-10-28,420.13,418.49,420.13,417.56,-,0.39%
1992-10-29,420.86,420.15,421.16,419.83,-,0.17%
1992-10-30,418.68,420.86,421.13,418.54,-,-0.52%
1992-11-2,422.75,418.66,422.75,418.12,-,0.97%
1992-11-3,419.92,422.75,422.81,418.59,-,-0.67%
1992-11-4,417.11,419.91,421.07,416.61,-,-0.67%
1992-11-5,418.34,417.08,418.40,415.58,-,0.29%
1992-11-6,417.58,418.35,418.35,417.01,-,-0.18%
1992-11-9,418.59,417.58,420.13,416.79,-,0.24%
1992-11-10,418.62,418.59,419.71,417.98,-,0.01%
1992-11-11,422.20,418.62,422.33,418.40,-,0.86%
1992-11-12,422.87,422.20,423.10,421.70,-,0.16%
1992-11-13,422.43,422.89,422.91,421.04,-,-0.10%
1992-11-16,420.68,422.44,422.44,420.35,-,-0.41%
1992-11-17,419.27,420.63,420.97,418.31,-,-0.34%
1992-11-18,422.85,419.27,423.49,419.24,-,0.85%
1992-11-19,423.61,422.86,423.61,422.50,-,0.18%
1992-11-20,426.65,423.61,426.98,423.61,-,0.72%
1992-11-23,425.12,426.65,426.65,424.95,-,-0.36%
1992-11-24,427.59,425.14,429.31,424.83,-,0.58%
1992-11-25,429.19,427.59,429.41,427.58,-,0.37%
1992-11-27,430.16,429.19,431.93,429.17,-,0.23%
1992-11-30,431.35,430.19,431.53,429.36,-,0.28%
1992-12-1,430.78,431.35,431.47,429.20,-,-0.13%
1992-12-2,429.89,430.78,430.87,428.61,-,-0.21%
1992-12-3,429.91,429.98,430.99,428.80,-,0.00%
1992-12-4,432.06,429.93,432.89,429.74,-,0.50%
1992-12-7,435.31,432.06,435.31,432.06,-,0.75%
1992-12-8,436.99,435.31,436.99,434.68,-,0.39%
1992-12-9,435.65,436.99,436.99,433.98,-,-0.31%
1992-12-10,434.64,435.66,435.66,432.65,-,-0.23%
1992-12-11,433.73,434.64,434.64,433.34,-,-0.21%
1992-12-14,432.84,433.73,435.26,432.83,-,-0.21%
1992-12-15,432.57,432.82,433.66,431.92,-,-0.06%
1992-12-16,431.52,432.58,434.22,430.88,-,-0.24%
1992-12-17,435.43,431.52,435.44,431.46,-,0.91%
1992-12-18,441.28,435.46,441.29,435.46,-,1.34%
1992-12-21,440.70,441.26,441.26,439.65,-,-0.13%
1992-12-22,440.31,440.70,441.64,438.25,-,-0.09%
1992-12-23,439.03,440.29,441.11,439.03,-,-0.29%
1992-12-24,439.77,439.03,439.81,439.03,-,0.17%
1992-12-28,439.15,439.77,439.77,437.26,-,-0.14%
1992-12-29,437.98,439.15,442.65,437.60,-,-0.27%
1992-12-30,438.82,437.98,439.37,437.12,-,0.19%
1992-12-31,435.71,438.82,439.59,435.71,-,-0.71%
1993-1-4,435.38,435.70,437.32,434.48,-,-0.08%
1993-1-5,434.34,435.38,435.40,433.55,-,-0.24%
1993-1-6,434.52,434.34,435.17,432.52,-,0.04%
1993-1-7,430.73,434.52,435.46,429.76,-,-0.87%
1993-1-8,429.05,430.73,430.73,426.88,-,-0.39%
1993-1-11,430.95,429.04,431.04,429.01,-,0.44%
1993-1-12,431.04,430.95,431.39,428.19,-,0.02%
1993-1-13,433.03,431.03,433.44,429.99,-,0.46%
1993-1-14,435.94,433.08,435.96,433.08,-,0.67%
1993-1-15,437.15,435.87,439.49,435.84,-,0.28%
1993-1-18,436.84,437.13,437.13,435.92,-,-0.07%
1993-1-19,435.13,436.84,437.70,434.59,-,-0.39%
1993-1-20,433.37,435.14,436.23,433.37,-,-0.40%
1993-1-21,435.49,433.37,435.75,432.48,-,0.49%
1993-1-22,436.11,435.49,437.81,435.49,-,0.14%
1993-1-25,440.01,436.11,440.53,436.11,-,0.89%
1993-1-26,439.95,440.05,442.66,439.54,-,-0.01%
1993-1-27,438.11,439.95,440.04,436.82,-,-0.42%
1993-1-28,438.66,438.13,439.14,437.30,-,0.13%
1993-1-29,438.78,438.67,438.93,436.91,-,0.03%
1993-2-1,442.52,438.78,442.52,438.78,-,0.85%
1993-2-2,442.55,442.52,442.87,440.76,-,0.01%
1993-2-3,447.20,442.56,447.35,442.56,-,1.05%
1993-2-4,449.56,447.20,449.86,447.20,-,0.53%
1993-2-5,448.93,449.56,449.56,446.95,-,-0.14%
1993-2-8,447.85,448.94,450.04,447.70,-,-0.24%
1993-2-9,445.33,448.04,448.04,444.52,-,-0.56%
1993-2-10,446.23,445.33,446.37,444.24,-,0.20%
1993-2-11,447.66,446.21,449.36,446.21,-,0.32%
1993-2-12,444.58,447.66,447.70,444.58,-,-0.69%
1993-2-16,433.91,444.53,444.53,433.47,-,-2.40%
1993-2-17,433.30,433.93,433.97,430.92,-,-0.14%
1993-2-18,431.90,433.30,437.79,428.25,-,-0.32%
1993-2-19,434.22,431.93,434.26,431.68,-,0.54%
1993-2-22,435.24,434.21,436.49,433.53,-,0.23%
1993-2-23,434.80,435.34,436.84,432.41,-,-0.10%
1993-2-24,440.87,434.76,440.87,434.68,-,1.40%
1993-2-25,442.34,440.70,442.34,439.67,-,0.33%
1993-2-26,443.38,442.34,443.77,440.98,-,0.24%
1993-3-1,442.01,443.38,444.18,441.34,-,-0.31%
1993-3-2,447.90,442.00,447.91,441.07,-,1.33%
1993-3-3,449.26,447.90,450.00,447.73,-,0.30%
1993-3-4,447.34,449.26,449.52,446.72,-,-0.43%
1993-3-5,446.11,447.34,449.59,445.56,-,-0.27%
1993-3-8,454.71,446.12,454.71,446.12,-,1.93%
1993-3-9,454.40,454.67,455.52,453.68,-,-0.07%
1993-3-10,456.33,454.40,456.34,452.70,-,0.42%
1993-3-11,453.72,456.35,456.76,453.48,-,-0.57%
1993-3-12,449.83,453.70,453.70,447.04,-,-0.86%
1993-3-15,451.43,449.83,451.43,449.40,-,0.36%
1993-3-16,451.37,451.43,452.36,451.01,-,-0.01%
1993-3-17,448.31,451.36,451.36,447.99,-,-0.68%
1993-3-18,451.89,448.36,452.39,448.36,-,0.80%
1993-3-19,450.18,451.90,453.32,449.91,-,-0.38%
1993-3-22,448.88,450.17,450.17,446.08,-,-0.29%
1993-3-23,448.76,448.88,449.80,448.30,-,-0.03%
1993-3-24,448.07,448.71,450.90,446.10,-,-0.15%
1993-3-25,450.88,448.09,451.75,447.93,-,0.63%
1993-3-26,447.78,450.91,452.09,447.69,-,-0.69%
1993-3-29,450.77,447.76,452.81,447.75,-,0.67%
1993-3-30,451.97,450.79,452.06,449.63,-,0.27%
1993-3-31,451.67,451.97,454.88,451.67,-,-0.07%
1993-4-1,450.30,451.67,452.63,449.60,-,-0.30%
1993-4-2,441.39,450.28,450.28,440.71,-,-1.98%
1993-4-5,442.29,441.42,442.43,440.53,-,0.20%
1993-4-6,441.16,442.29,443.38,439.48,-,-0.26%
1993-4-7,442.73,441.16,442.73,440.50,-,0.36%
1993-4-8,441.84,442.71,443.77,440.02,-,-0.20%
1993-4-12,448.37,441.84,448.37,441.84,-,1.48%
1993-4-13,449.22,448.41,450.40,447.66,-,0.19%
1993-4-14,448.66,449.22,450.00,448.02,-,-0.12%
1993-4-15,448.40,448.60,449.11,446.39,-,-0.06%
1993-4-16,448.94,448.41,449.39,447.67,-,0.12%
1993-4-19,447.46,448.94,449.14,445.85,-,-0.33%
1993-4-20,445.10,447.46,447.46,441.81,-,-0.53%
1993-4-21,443.63,445.09,445.77,443.08,-,-0.33%
1993-4-22,439.46,443.55,445.73,439.46,-,-0.94%
1993-4-23,437.03,439.49,439.49,436.82,-,-0.55%
1993-4-26,433.54,437.03,438.35,432.30,-,-0.80%
1993-4-27,438.01,433.52,438.02,433.14,-,1.03%
1993-4-28,438.02,438.01,438.80,436.68,-,0.00%
1993-4-29,438.89,438.02,438.96,435.59,-,0.20%
1993-4-30,440.19,438.89,442.29,438.89,-,0.30%
1993-5-3,442.46,440.19,442.59,438.25,-,0.52%
1993-5-4,444.05,442.58,445.19,442.45,-,0.36%
1993-5-5,444.52,443.98,446.09,443.76,-,0.11%
1993-5-6,443.26,444.60,444.81,442.90,-,-0.28%
1993-5-7,442.31,443.28,443.70,441.69,-,-0.21%
1993-5-10,442.80,442.34,445.42,442.05,-,0.11%
1993-5-11,444.36,442.80,444.57,441.52,-,0.35%
1993-5-12,444.80,444.32,445.16,442.87,-,0.10%
1993-5-13,439.23,444.75,444.75,439.23,-,-1.25%
1993-5-14,439.56,439.22,439.82,438.10,-,0.08%
1993-5-17,440.37,439.56,440.38,437.83,-,0.18%
1993-5-18,440.32,440.39,441.26,437.95,-,-0.01%
1993-5-19,447.57,440.32,447.86,436.86,-,1.65%
1993-5-20,450.59,447.57,450.59,447.36,-,0.67%
1993-5-21,445.84,450.59,450.59,444.89,-,-1.05%
1993-5-24,448.00,445.84,448.44,445.26,-,0.48%
1993-5-25,448.85,448.00,449.04,447.70,-,0.19%
1993-5-26,453.44,448.85,453.51,448.82,-,1.02%
1993-5-27,452.41,453.44,454.55,451.14,-,-0.23%
1993-5-28,450.19,452.41,452.41,447.67,-,-0.49%
1993-6-1,453.83,450.23,455.63,450.23,-,0.81%
1993-6-2,453.85,453.83,454.53,452.68,-,0.00%
1993-6-3,452.49,453.84,453.85,451.12,-,-0.30%
1993-6-4,450.06,452.43,452.43,448.92,-,-0.54%
1993-6-7,447.69,450.07,450.75,447.32,-,-0.53%
1993-6-8,444.71,447.65,447.65,444.31,-,-0.67%
1993-6-9,445.78,444.71,447.39,444.66,-,0.24%
1993-6-10,445.38,445.78,446.22,444.09,-,-0.09%
1993-6-11,447.26,445.38,448.19,445.38,-,0.42%
1993-6-14,447.71,447.26,448.64,447.23,-,0.10%
1993-6-15,446.27,447.73,448.28,446.18,-,-0.32%
1993-6-16,447.43,446.27,447.43,443.61,-,0.26%
1993-6-17,448.54,447.43,448.98,446.91,-,0.25%
1993-6-18,443.68,448.54,448.59,443.68,-,-1.08%
1993-6-21,446.22,443.68,446.22,443.68,-,0.57%
1993-6-22,445.93,446.25,446.29,444.94,-,-0.06%
1993-6-23,443.19,445.96,445.96,443.19,-,-0.61%
1993-6-24,446.62,443.04,447.21,442.50,-,0.77%
1993-6-25,447.60,446.62,448.64,446.62,-,0.22%
1993-6-28,451.85,447.60,451.90,447.60,-,0.95%
1993-6-29,450.69,451.89,451.90,449.67,-,-0.26%
1993-6-30,450.53,450.69,451.47,450.15,-,-0.04%
1993-7-1,449.02,450.54,451.15,448.71,-,-0.34%
1993-7-2,445.84,449.02,449.02,445.20,-,-0.71%
1993-7-6,441.43,445.86,446.87,441.42,-,-0.99%
1993-7-7,442.83,441.40,443.63,441.40,-,0.32%
1993-7-8,448.64,442.84,448.64,442.84,-,1.31%
1993-7-9,448.11,448.64,448.94,446.74,-,-0.12%
1993-7-12,448.98,448.13,449.11,447.71,-,0.19%
1993-7-13,448.09,449.00,450.70,448.07,-,-0.20%
1993-7-14,450.08,448.08,451.12,448.08,-,0.44%
1993-7-15,449.22,450.09,450.12,447.26,-,-0.19%
1993-7-16,445.75,449.07,449.08,445.66,-,-0.77%
1993-7-19,446.03,445.75,446.78,444.83,-,0.06%
1993-7-20,447.31,446.03,447.63,443.71,-,0.29%
1993-7-21,447.18,447.28,447.50,445.84,-,-0.03%
1993-7-22,444.51,447.18,447.23,443.72,-,-0.60%
1993-7-23,447.10,444.54,447.10,444.54,-,0.58%
1993-7-26,449.09,447.06,449.50,447.04,-,0.45%
1993-7-27,448.24,449.00,449.44,446.76,-,-0.19%
1993-7-28,447.19,448.25,448.61,446.59,-,-0.23%
1993-7-29,450.24,447.19,450.77,447.19,-,0.68%
1993-7-30,448.13,450.19,450.22,446.98,-,-0.47%
1993-8-2,450.15,448.13,450.15,448.03,-,0.45%
1993-8-3,449.27,450.15,450.43,447.59,-,-0.20%
1993-8-4,448.54,449.27,449.72,447.93,-,-0.16%
1993-8-5,448.13,448.55,449.61,446.94,-,-0.09%
1993-8-6,448.68,448.13,449.26,447.87,-,0.12%
1993-8-9,450.72,448.68,451.51,448.31,-,0.45%
1993-8-10,449.45,450.71,450.71,449.10,-,-0.28%
1993-8-11,450.46,449.60,451.00,449.60,-,0.22%
1993-8-12,448.96,450.47,451.63,447.53,-,-0.33%
1993-8-13,450.14,448.97,450.25,448.97,-,0.26%
1993-8-16,452.38,450.25,453.41,450.25,-,0.50%
1993-8-17,453.13,452.38,453.70,451.96,-,0.17%
1993-8-18,456.04,453.21,456.99,453.21,-,0.64%
1993-8-19,456.43,456.01,456.76,455.20,-,0.09%
1993-8-20,456.16,456.51,456.68,454.60,-,-0.06%
1993-8-23,455.23,456.12,456.12,454.29,-,-0.20%
1993-8-24,459.77,455.23,459.77,455.04,-,1.00%
1993-8-25,460.13,459.75,462.04,459.30,-,0.08%
1993-8-26,461.04,460.04,462.87,458.82,-,0.20%
1993-8-27,460.54,461.05,461.05,459.19,-,-0.11%
1993-8-30,461.90,460.54,462.58,460.28,-,0.30%
1993-8-31,463.56,461.90,463.56,461.29,-,0.36%
1993-9-1,463.15,463.55,463.80,461.77,-,-0.09%
1993-9-2,461.30,463.13,463.54,461.07,-,-0.40%
1993-9-3,461.34,461.30,462.05,459.91,-,0.01%
1993-9-7,458.52,461.34,462.07,457.95,-,-0.61%
1993-9-8,456.65,458.52,458.53,453.75,-,-0.41%
1993-9-9,457.50,456.65,458.11,455.17,-,0.19%
1993-9-10,461.72,457.49,461.86,457.49,-,0.92%
1993-9-13,462.06,461.70,463.38,461.41,-,0.07%
1993-9-14,459.90,461.93,461.93,458.15,-,-0.47%
1993-9-15,461.60,459.90,461.96,456.31,-,0.37%
1993-9-16,459.43,461.54,461.54,459.00,-,-0.47%
1993-9-17,458.83,459.43,459.43,457.09,-,-0.13%
1993-9-20,455.05,458.84,459.91,455.00,-,-0.82%
1993-9-21,452.95,455.05,455.80,449.64,-,-0.46%
1993-9-22,456.20,452.94,456.92,452.94,-,0.72%
1993-9-23,457.74,456.25,458.69,456.25,-,0.34%
1993-9-24,457.63,457.74,458.56,456.92,-,-0.02%
1993-9-27,461.80,457.63,461.81,457.63,-,0.91%
1993-9-28,461.53,461.84,462.08,460.91,-,-0.06%
1993-9-29,460.11,461.60,462.17,459.51,-,-0.31%
1993-9-30,458.93,460.11,460.56,458.28,-,-0.26%
1993-10-1,461.28,458.93,461.48,458.35,-,0.51%
1993-10-4,461.34,461.28,461.80,460.02,-,0.01%
1993-10-5,461.20,461.34,463.15,459.45,-,-0.03%
1993-10-6,460.74,461.24,462.60,460.26,-,-0.10%
1993-10-7,459.18,460.71,461.13,459.08,-,-0.34%
1993-10-8,460.31,459.18,460.99,456.40,-,0.25%
1993-10-11,460.88,460.31,461.87,460.31,-,0.12%
1993-10-12,461.12,461.04,462.47,460.73,-,0.05%
1993-10-13,461.49,461.12,461.98,460.76,-,0.08%
1993-10-14,466.83,461.55,466.83,461.55,-,1.16%
1993-10-15,469.50,466.83,471.10,466.83,-,0.57%
1993-10-18,468.45,469.50,470.04,468.02,-,-0.22%
1993-10-19,466.21,468.41,468.64,464.80,-,-0.48%
1993-10-20,466.07,466.21,466.87,464.54,-,-0.03%
1993-10-21,465.36,466.06,466.64,464.38,-,-0.15%
1993-10-22,463.27,465.36,467.82,463.27,-,-0.45%
1993-10-25,464.20,463.27,464.49,462.05,-,0.20%
1993-10-26,464.30,464.20,464.32,462.65,-,0.02%
1993-10-27,464.61,464.30,464.61,463.36,-,0.07%
1993-10-28,467.73,464.52,468.76,464.52,-,0.67%
1993-10-29,467.83,467.72,468.20,467.37,-,0.02%
1993-11-1,469.10,467.83,469.11,467.33,-,0.27%
1993-11-2,468.44,469.10,469.10,466.20,-,-0.14%
1993-11-3,463.02,468.44,468.61,460.95,-,-1.16%
1993-11-4,457.49,463.02,463.16,457.26,-,-1.19%
1993-11-5,459.57,457.49,459.63,454.36,-,0.45%
1993-11-8,460.21,459.57,461.54,458.78,-,0.14%
1993-11-9,460.33,460.21,463.42,460.21,-,0.03%
1993-11-10,463.72,460.40,463.72,459.57,-,0.74%
1993-11-11,462.64,463.72,464.96,462.49,-,-0.23%
1993-11-12,465.39,462.64,465.84,462.64,-,0.59%
1993-11-15,463.75,465.39,466.13,463.01,-,-0.35%
1993-11-16,466.74,463.75,466.74,462.97,-,0.64%
1993-11-17,464.81,466.74,467.24,462.73,-,-0.41%
1993-11-18,463.62,464.83,464.88,461.73,-,-0.26%
1993-11-19,462.60,463.59,463.60,460.03,-,-0.22%
1993-11-22,459.13,462.60,462.60,457.08,-,-0.75%
1993-11-23,461.03,459.13,461.77,458.47,-,0.41%
1993-11-24,462.36,461.03,462.90,461.03,-,0.29%
1993-11-26,463.06,462.36,463.63,462.36,-,0.15%
1993-11-29,461.90,463.06,464.83,461.83,-,-0.25%
1993-11-30,461.79,461.90,463.62,460.45,-,-0.02%
1993-12-1,461.89,461.93,464.47,461.63,-,0.02%
1993-12-2,463.11,461.89,463.22,461.45,-,0.26%
1993-12-3,464.89,463.13,464.89,462.67,-,0.38%
1993-12-6,466.43,464.89,466.89,464.40,-,0.33%
1993-12-7,466.76,466.43,466.77,465.44,-,0.07%
1993-12-8,466.29,465.88,466.73,465.42,-,-0.10%
1993-12-9,464.18,466.29,466.54,463.87,-,-0.45%
1993-12-10,463.93,464.18,464.87,462.66,-,-0.05%
1993-12-13,465.70,463.93,465.71,462.71,-,0.38%
1993-12-14,463.06,465.73,466.12,462.46,-,-0.57%
1993-12-15,461.84,463.06,463.69,461.84,-,-0.26%
1993-12-16,463.34,461.86,463.98,461.86,-,0.32%
1993-12-17,466.38,463.34,466.38,463.34,-,0.66%
1993-12-20,465.85,466.38,466.90,465.53,-,-0.11%
1993-12-21,465.30,465.84,465.92,464.03,-,-0.12%
1993-12-22,467.32,465.08,467.38,465.08,-,0.43%
1993-12-23,467.38,467.30,468.97,467.30,-,0.01%
1993-12-27,470.54,467.40,470.55,467.35,-,0.68%
1993-12-28,470.94,470.61,471.05,469.43,-,0.09%
1993-12-29,470.58,470.88,471.29,469.87,-,-0.08%
1993-12-30,468.64,470.58,470.58,468.09,-,-0.41%
1993-12-31,466.45,468.66,470.75,466.45,-,-0.47%
1994-1-3,465.44,466.51,466.94,464.36,-,-0.22%
1994-1-4,466.89,465.44,466.89,464.44,-,0.31%
1994-1-5,467.55,466.89,467.82,465.92,-,0.14%
1994-1-6,467.12,467.55,469.00,467.02,-,-0.09%
1994-1-7,469.90,467.09,470.26,467.03,-,0.60%
1994-1-10,475.27,469.90,475.27,469.55,-,1.14%
1994-1-11,474.13,475.27,475.28,473.27,-,-0.24%
1994-1-12,474.17,474.13,475.06,472.14,-,0.01%
1994-1-13,472.47,474.17,474.17,471.80,-,-0.36%
1994-1-14,474.91,472.50,475.32,472.50,-,0.52%
1994-1-17,473.30,474.91,474.91,472.84,-,-0.34%
1994-1-18,474.25,473.30,475.19,473.29,-,0.20%
1994-1-19,474.30,474.25,474.70,472.21,-,0.01%
1994-1-20,474.98,474.30,475.00,473.42,-,0.14%
1994-1-21,474.72,474.98,475.56,473.72,-,-0.05%
1994-1-24,471.97,474.72,475.20,471.49,-,-0.58%
1994-1-25,470.92,471.97,472.56,470.27,-,-0.22%
1994-1-26,473.20,470.92,473.44,470.72,-,0.48%
1994-1-27,477.05,473.20,477.52,473.20,-,0.81%
1994-1-28,478.70,477.05,479.75,477.05,-,0.35%
1994-1-31,481.61,478.70,482.85,478.70,-,0.61%
1994-2-1,479.62,481.60,481.64,479.18,-,-0.41%
1994-2-2,482.00,479.62,482.23,479.57,-,0.50%
1994-2-3,480.71,481.96,481.96,478.71,-,-0.27%
1994-2-4,469.81,480.68,481.02,469.28,-,-2.27%
1994-2-7,471.76,469.81,472.09,467.57,-,0.42%
1994-2-8,471.05,471.76,472.33,469.50,-,-0.15%
1994-2-9,472.77,471.05,473.41,471.05,-,0.37%
1994-2-10,468.93,472.81,473.13,468.91,-,-0.81%
1994-2-11,470.18,468.93,471.13,466.89,-,0.27%
1994-2-14,470.23,470.18,471.99,469.05,-,0.01%
1994-2-15,472.52,470.23,473.41,470.23,-,0.49%
1994-2-16,472.79,472.53,474.16,471.94,-,0.06%
1994-2-17,470.34,472.79,475.12,468.44,-,-0.52%
1994-2-18,467.69,470.29,471.09,466.07,-,-0.56%
1994-2-22,471.46,467.69,471.65,467.58,-,0.81%
1994-2-23,470.69,471.48,472.41,469.47,-,-0.16%
1994-2-24,464.26,470.65,470.65,464.26,-,-1.37%
1994-2-25,466.07,464.33,466.48,464.33,-,0.39%
1994-2-28,467.14,466.07,469.16,466.07,-,0.23%
1994-3-1,464.44,467.19,467.43,462.02,-,-0.58%
1994-3-2,464.81,464.40,464.87,457.49,-,0.08%
1994-3-3,463.01,464.81,464.83,462.50,-,-0.39%
1994-3-4,464.74,463.03,466.16,462.41,-,0.37%
1994-3-7,466.91,464.74,468.07,464.74,-,0.47%
1994-3-8,465.88,466.92,467.79,465.02,-,-0.22%
1994-3-9,467.06,465.94,467.42,463.40,-,0.25%
1994-3-10,463.90,467.08,467.29,462.46,-,-0.68%
1994-3-11,466.44,463.86,466.61,462.54,-,0.55%
1994-3-14,467.39,466.44,467.60,466.08,-,0.20%
1994-3-15,467.01,467.39,468.99,466.04,-,-0.08%
1994-3-16,469.42,467.04,469.85,465.48,-,0.52%
1994-3-17,470.90,469.42,471.05,468.62,-,0.32%
1994-3-18,471.06,470.89,471.09,467.83,-,0.03%
1994-3-21,468.54,471.06,471.06,467.23,-,-0.53%
1994-3-22,468.80,468.40,470.47,467.88,-,0.06%
1994-3-23,468.54,468.89,470.38,468.52,-,-0.06%
1994-3-24,464.35,468.57,468.57,462.41,-,-0.89%
1994-3-25,460.58,464.35,465.29,460.58,-,-0.81%
1994-3-28,460.00,460.58,461.12,456.10,-,-0.13%
1994-3-29,452.48,460.00,460.32,452.43,-,-1.63%
1994-3-30,445.55,452.48,452.49,445.55,-,-1.53%
1994-3-31,445.77,445.55,447.16,436.16,-,0.05%
1994-4-4,438.92,445.66,445.66,435.86,-,-1.54%
1994-4-5,448.29,439.14,448.29,439.14,-,2.13%
1994-4-6,448.05,448.29,449.63,444.98,-,-0.05%
1994-4-7,450.88,448.11,451.10,446.38,-,0.63%
1994-4-8,447.10,450.89,450.89,445.51,-,-0.84%
1994-4-11,449.87,447.12,450.34,447.10,-,0.62%
1994-4-12,447.57,449.83,450.80,447.33,-,-0.51%
1994-4-13,446.26,447.63,448.57,442.62,-,-0.29%
1994-4-14,446.38,446.26,447.55,443.57,-,0.03%
1994-4-15,446.18,446.38,447.85,445.81,-,-0.04%
1994-4-18,442.46,446.27,447.87,441.48,-,-0.83%
1994-4-19,442.54,442.54,444.82,438.83,-,0.02%
1994-4-20,441.96,442.54,445.01,439.40,-,-0.13%
1994-4-21,448.73,441.96,449.14,441.96,-,1.53%
1994-4-22,447.63,448.73,449.96,447.16,-,-0.25%
1994-4-25,452.71,447.64,452.71,447.58,-,1.13%
1994-4-26,451.87,452.71,452.79,450.66,-,-0.19%
1994-4-28,449.10,451.84,452.23,447.97,-,-0.61%
1994-4-29,450.91,449.07,451.35,447.91,-,0.40%
1994-5-2,453.02,450.91,453.57,449.05,-,0.47%
1994-5-3,453.03,453.06,453.98,450.51,-,0.00%
1994-5-4,451.72,453.04,453.11,449.87,-,-0.29%
1994-5-5,451.38,451.72,452.82,450.72,-,-0.08%
1994-5-6,447.82,451.37,451.37,445.64,-,-0.79%
1994-5-9,442.32,447.82,447.82,441.84,-,-1.23%
1994-5-10,446.01,442.37,446.84,442.37,-,0.83%
1994-5-11,441.49,446.03,446.03,440.78,-,-1.01%
1994-5-12,443.75,441.50,444.80,441.50,-,0.51%
1994-5-13,444.14,443.62,444.72,441.21,-,0.09%
1994-5-16,444.49,444.15,445.82,443.62,-,0.08%
1994-5-17,449.37,444.49,449.37,443.70,-,1.10%
1994-5-18,453.69,449.39,454.45,448.87,-,0.96%
1994-5-19,456.48,453.69,456.88,453.00,-,0.61%
1994-5-20,454.92,456.48,456.48,454.22,-,-0.34%
1994-5-23,453.20,454.92,454.92,451.79,-,-0.38%
1994-5-24,454.81,453.21,456.77,453.21,-,0.36%
1994-5-25,456.34,454.84,456.34,452.20,-,0.34%
1994-5-26,457.06,456.33,457.77,455.79,-,0.16%
1994-5-27,457.33,457.03,457.33,454.67,-,0.06%
1994-5-31,456.50,457.32,457.61,455.16,-,-0.18%
1994-6-1,457.63,456.50,458.29,453.99,-,0.25%
1994-6-2,457.65,457.62,458.50,457.26,-,0.00%
1994-6-3,460.13,457.65,460.86,456.27,-,0.54%
1994-6-6,458.88,460.13,461.87,458.85,-,-0.27%
1994-6-7,458.21,458.88,459.46,457.65,-,-0.15%
1994-6-8,457.06,458.21,459.74,455.43,-,-0.25%
1994-6-9,457.86,457.06,457.87,455.86,-,0.18%
1994-6-10,458.67,457.86,459.48,457.36,-,0.18%
1994-6-13,459.10,458.67,459.36,457.18,-,0.09%
1994-6-14,462.37,459.10,462.52,459.10,-,0.71%
1994-6-15,460.61,462.38,463.23,459.95,-,-0.38%
1994-6-16,461.93,460.61,461.93,459.80,-,0.29%
1994-6-17,458.45,461.93,462.16,458.44,-,-0.75%
1994-6-20,455.48,458.45,458.45,454.46,-,-0.65%
1994-6-21,451.34,455.48,455.48,449.45,-,-0.91%
1994-6-22,453.09,451.40,453.91,451.40,-,0.39%
1994-6-23,449.63,453.09,454.16,449.43,-,-0.76%
1994-6-24,442.80,449.63,449.63,442.51,-,-1.52%
1994-6-27,447.31,442.78,447.76,439.83,-,1.02%
1994-6-28,446.07,447.36,448.47,443.08,-,-0.28%
1994-6-29,447.63,446.05,449.83,446.04,-,0.35%
1994-6-30,444.27,447.63,448.61,443.66,-,-0.75%
1994-7-1,446.20,444.27,446.45,443.58,-,0.43%
1994-7-5,446.37,446.20,447.62,445.14,-,0.04%
1994-7-6,446.13,446.29,447.28,444.18,-,-0.05%
1994-7-7,448.38,446.15,448.64,446.15,-,0.50%
1994-7-8,449.55,448.38,449.75,446.53,-,0.26%
1994-7-11,448.06,449.56,450.24,445.27,-,-0.33%
1994-7-12,447.95,448.02,448.16,444.65,-,-0.02%
1994-7-13,448.73,448.03,450.06,447.97,-,0.17%
1994-7-14,453.41,448.73,454.33,448.73,-,1.04%
1994-7-15,454.16,453.28,454.33,452.80,-,0.17%
1994-7-18,455.22,454.41,455.71,453.26,-,0.23%
1994-7-19,453.86,455.22,455.30,453.86,-,-0.30%
1994-7-20,451.60,453.89,454.16,450.69,-,-0.50%
1994-7-21,452.61,451.60,453.22,451.00,-,0.22%
1994-7-22,453.11,452.61,454.03,452.33,-,0.11%
1994-7-25,454.25,453.10,454.32,452.76,-,0.25%
1994-7-26,453.36,454.25,454.25,452.78,-,-0.20%
1994-7-27,452.57,453.36,453.38,451.36,-,-0.17%
1994-7-28,454.24,452.57,454.93,452.30,-,0.37%
1994-7-29,458.26,454.25,459.33,454.25,-,0.88%
1994-8-1,461.01,458.28,461.01,458.08,-,0.60%
1994-8-2,460.56,461.01,462.77,459.70,-,-0.10%
1994-8-3,461.45,460.65,461.46,459.51,-,0.19%
1994-8-4,458.40,461.45,461.49,458.40,-,-0.66%
1994-8-5,457.09,458.34,458.34,456.08,-,-0.29%
1994-8-8,457.89,457.08,458.30,457.01,-,0.18%
1994-8-9,457.92,457.89,458.16,456.66,-,0.01%
1994-8-10,460.30,457.98,460.48,457.98,-,0.52%
1994-8-11,458.88,460.31,461.41,456.88,-,-0.31%
1994-8-12,461.94,458.88,462.27,458.88,-,0.67%
1994-8-15,461.23,461.97,463.34,461.21,-,-0.15%
1994-8-16,465.01,461.22,465.20,459.89,-,0.82%
1994-8-17,465.17,465.11,465.91,464.57,-,0.03%
1994-8-18,463.17,465.10,465.10,462.30,-,-0.43%
1994-8-19,463.68,463.25,464.37,461.81,-,0.11%
1994-8-22,462.32,463.61,463.61,461.46,-,-0.29%
1994-8-23,464.51,462.39,466.58,462.39,-,0.47%
1994-8-24,469.03,464.51,469.05,464.51,-,0.97%
1994-8-25,468.08,469.07,470.12,467.64,-,-0.20%
1994-8-26,473.80,468.08,474.65,468.08,-,1.22%
1994-8-29,474.59,473.89,477.14,473.89,-,0.17%
1994-8-30,476.07,474.59,476.61,473.56,-,0.31%
1994-8-31,475.49,476.07,477.59,474.43,-,-0.12%
1994-9-1,473.17,475.49,475.49,471.74,-,-0.49%
1994-9-2,470.99,473.20,474.89,470.67,-,-0.46%
1994-9-6,471.86,471.00,471.92,469.64,-,0.18%
1994-9-7,470.99,471.86,472.41,470.20,-,-0.18%
1994-9-8,473.14,470.96,473.40,470.86,-,0.46%
1994-9-9,468.18,473.13,473.13,466.55,-,-1.05%
1994-9-12,466.21,468.18,468.42,466.15,-,-0.42%
1994-9-13,467.51,466.27,468.76,466.27,-,0.28%
1994-9-14,468.80,467.55,468.86,466.82,-,0.28%
1994-9-15,474.81,468.80,474.81,468.79,-,1.28%
1994-9-16,471.19,474.81,474.81,470.06,-,-0.76%
1994-9-19,470.85,471.21,473.15,470.68,-,-0.07%
1994-9-20,463.36,470.83,470.83,463.36,-,-1.59%
1994-9-21,461.46,463.42,464.01,458.47,-,-0.41%
1994-9-22,461.27,461.45,463.22,460.96,-,-0.04%
1994-9-23,459.67,461.27,462.14,459.01,-,-0.35%
1994-9-26,460.82,459.65,460.87,459.31,-,0.25%
1994-9-27,462.05,460.82,462.75,459.83,-,0.27%
1994-9-28,464.84,462.10,465.55,462.10,-,0.60%
1994-9-29,462.24,464.84,464.84,461.51,-,-0.56%
1994-9-30,462.71,462.27,465.30,461.91,-,0.10%
1994-10-3,461.74,462.69,463.31,460.33,-,-0.21%
1994-10-4,454.59,461.77,462.46,454.03,-,-1.55%
1994-10-5,453.52,454.59,454.59,449.27,-,-0.24%
1994-10-6,452.36,453.52,454.49,452.13,-,-0.26%
1994-10-7,455.10,452.37,455.67,452.13,-,0.61%
1994-10-10,459.04,455.12,459.29,455.12,-,0.87%
1994-10-11,465.79,459.04,466.34,459.04,-,1.47%
1994-10-12,465.47,465.78,466.70,464.79,-,-0.07%
1994-10-13,467.79,465.56,471.30,465.56,-,0.50%
1994-10-14,469.10,467.78,469.53,466.11,-,0.28%
1994-10-17,468.96,469.11,469.88,468.16,-,-0.03%
1994-10-18,467.66,469.02,469.19,466.54,-,-0.28%
1994-10-19,470.28,467.69,471.43,465.96,-,0.56%
1994-10-20,466.85,470.37,470.37,465.39,-,-0.73%
1994-10-21,464.89,466.69,466.69,463.83,-,-0.42%
1994-10-24,460.83,464.89,466.37,460.80,-,-0.87%
1994-10-25,461.53,460.83,461.95,458.26,-,0.15%
1994-10-26,462.62,461.55,463.77,461.22,-,0.24%
1994-10-27,465.85,462.68,465.85,462.62,-,0.70%
1994-10-28,473.77,465.84,473.78,465.80,-,1.70%
1994-10-31,472.35,473.76,474.74,472.33,-,-0.30%
1994-11-1,468.42,472.26,472.26,467.64,-,-0.83%
1994-11-2,466.51,468.41,470.92,466.36,-,-0.41%
1994-11-3,467.91,466.50,468.64,466.40,-,0.30%
1994-11-4,462.28,467.96,469.28,462.28,-,-1.20%
1994-11-7,463.07,462.31,463.56,461.25,-,0.17%
1994-11-8,465.65,463.08,467.54,463.07,-,0.56%
1994-11-9,465.40,465.65,469.95,463.46,-,-0.05%
1994-11-10,464.37,465.40,467.79,463.73,-,-0.22%
1994-11-11,462.35,464.17,464.17,461.45,-,-0.43%
1994-11-14,466.04,462.44,466.29,462.35,-,0.80%
1994-11-15,465.03,466.04,468.51,462.95,-,-0.22%
1994-11-16,465.62,465.06,466.25,464.28,-,0.13%
1994-11-17,463.57,465.71,465.83,461.47,-,-0.44%
1994-11-18,461.47,463.60,463.84,460.25,-,-0.45%
1994-11-21,458.30,461.69,463.41,457.55,-,-0.69%
1994-11-22,450.09,457.95,458.03,450.08,-,-1.79%
1994-11-23,449.93,450.01,450.61,444.18,-,-0.04%
1994-11-25,452.29,449.94,452.87,449.94,-,0.52%
1994-11-28,454.16,452.26,454.19,451.04,-,0.41%
1994-11-29,455.17,454.23,455.17,452.14,-,0.22%
1994-11-30,453.69,455.17,457.13,453.27,-,-0.33%
1994-12-1,448.92,453.55,453.91,447.97,-,-1.05%
1994-12-2,453.30,448.92,453.31,448.00,-,0.98%
1994-12-5,453.32,453.30,455.04,452.06,-,0.00%
1994-12-6,453.11,453.29,453.93,450.35,-,-0.05%
1994-12-7,451.23,453.11,453.11,450.01,-,-0.41%
1994-12-8,445.45,451.23,452.06,444.59,-,-1.28%
1994-12-9,446.96,445.45,446.98,442.88,-,0.34%
1994-12-12,449.47,446.95,449.48,445.62,-,0.56%
1994-12-13,450.15,449.52,451.69,449.43,-,0.15%
1994-12-14,454.97,450.05,456.16,450.05,-,1.07%
1994-12-15,455.34,454.97,456.84,454.50,-,0.08%
1994-12-16,458.80,455.35,458.80,455.35,-,0.76%
1994-12-19,457.91,458.78,458.78,456.64,-,-0.19%
1994-12-20,457.10,458.08,458.45,456.37,-,-0.18%
1994-12-21,459.61,457.24,461.70,457.17,-,0.55%
1994-12-22,459.68,459.62,461.21,459.33,-,0.02%
1994-12-23,459.83,459.70,461.32,459.39,-,0.03%
1994-12-27,462.47,459.85,462.73,459.85,-,0.57%
1994-12-28,460.86,462.47,462.49,459.00,-,-0.35%
1994-12-29,461.17,460.92,461.81,460.36,-,0.07%
1994-12-30,459.27,461.17,462.12,459.24,-,-0.41%
1995-1-3,459.11,459.21,459.27,457.20,-,-0.03%
1995-1-4,460.71,459.13,460.72,457.56,-,0.35%
1995-1-5,460.34,460.73,461.30,459.75,-,-0.08%
1995-1-6,460.68,460.38,462.49,459.47,-,0.07%
1995-1-9,460.83,460.67,461.77,459.74,-,0.03%
1995-1-10,461.68,460.90,464.59,460.90,-,0.18%
1995-1-11,461.66,461.68,463.61,458.65,-,-0.00%
1995-1-12,461.64,461.64,461.93,460.63,-,-0.00%
1995-1-13,465.97,461.64,466.43,461.64,-,0.94%
1995-1-16,469.38,465.97,470.39,465.97,-,0.73%
1995-1-17,470.05,469.38,470.15,468.19,-,0.14%
1995-1-18,469.71,470.05,470.43,468.03,-,-0.07%
1995-1-19,466.95,469.72,469.72,466.40,-,-0.59%
1995-1-20,464.78,466.95,466.99,463.99,-,-0.46%
1995-1-23,465.82,464.78,466.23,461.14,-,0.22%
1995-1-24,465.86,465.81,466.88,465.47,-,0.01%
1995-1-25,467.44,465.86,469.51,464.40,-,0.34%
1995-1-26,468.32,467.44,468.62,466.90,-,0.19%
1995-1-27,470.39,468.32,471.36,468.32,-,0.44%
1995-1-30,468.51,470.39,470.52,467.49,-,-0.40%
1995-1-31,470.42,468.51,471.03,468.18,-,0.41%
1995-2-1,470.40,470.42,472.75,469.29,-,-0.00%
1995-2-2,472.79,470.40,472.79,469.95,-,0.51%
1995-2-3,478.65,472.78,479.91,472.78,-,1.24%
1995-2-6,481.14,478.64,481.95,478.36,-,0.52%
1995-2-7,480.81,481.14,481.32,479.69,-,-0.07%
1995-2-8,481.19,480.81,482.60,480.40,-,0.08%
1995-2-9,480.19,481.19,482.00,479.91,-,-0.21%
1995-2-10,481.46,480.19,481.96,479.53,-,0.26%
1995-2-13,481.65,481.46,482.86,481.07,-,0.04%
1995-2-14,482.55,481.65,482.94,480.89,-,0.19%
1995-2-15,484.54,482.55,485.54,481.77,-,0.41%
1995-2-16,485.22,484.56,485.22,483.05,-,0.14%
1995-2-17,481.97,485.15,485.22,481.97,-,-0.67%
1995-2-21,482.72,481.95,483.26,481.94,-,0.16%
1995-2-22,485.07,482.74,486.15,482.45,-,0.49%
1995-2-23,486.91,485.07,489.19,485.07,-,0.38%
1995-2-24,488.11,486.82,488.28,485.70,-,0.25%
1995-2-27,483.81,488.26,488.26,483.18,-,-0.88%
1995-2-28,487.39,483.81,487.44,483.77,-,0.74%
1995-3-1,485.65,487.39,487.83,484.92,-,-0.36%
1995-3-2,485.13,485.65,485.71,483.19,-,-0.11%
1995-3-3,485.42,485.13,485.42,483.07,-,0.06%
1995-3-6,485.63,485.42,485.70,481.52,-,0.04%
1995-3-7,482.12,485.63,485.63,479.70,-,-0.72%
1995-3-8,483.14,482.12,484.08,481.57,-,0.21%
1995-3-9,483.16,483.14,483.74,482.05,-,0.00%
1995-3-10,489.57,483.16,490.37,483.16,-,1.33%
1995-3-13,490.05,489.57,491.28,489.35,-,0.10%
1995-3-14,492.89,490.05,493.69,490.05,-,0.58%
1995-3-15,491.88,492.89,492.89,490.83,-,-0.20%
1995-3-16,495.41,491.87,495.74,491.78,-,0.72%
1995-3-17,495.52,495.43,496.67,494.95,-,0.02%
1995-3-20,496.14,495.52,496.61,495.27,-,0.13%
1995-3-21,495.07,496.15,499.19,494.04,-,-0.22%
1995-3-22,495.67,495.07,495.67,493.67,-,0.12%
1995-3-23,495.95,495.67,496.77,494.19,-,0.06%
1995-3-24,500.97,496.07,500.97,496.07,-,1.01%
1995-3-27,503.20,500.97,503.20,500.93,-,0.45%
1995-3-28,503.90,503.19,503.91,501.83,-,0.14%
1995-3-29,503.12,503.92,508.15,500.96,-,-0.15%
1995-3-30,502.22,503.17,504.66,501.00,-,-0.18%
1995-3-31,500.71,501.94,502.22,495.70,-,-0.30%
1995-4-3,501.85,500.70,501.91,500.20,-,0.23%
1995-4-4,505.24,501.85,505.26,501.85,-,0.68%
1995-4-5,505.57,505.27,505.57,503.17,-,0.07%
1995-4-6,506.08,505.63,507.10,505.00,-,0.10%
1995-4-7,506.42,506.13,507.19,503.59,-,0.07%
1995-4-10,507.01,506.30,507.01,504.61,-,0.12%
1995-4-11,505.53,507.24,508.85,505.29,-,-0.29%
1995-4-12,507.17,505.59,507.17,505.07,-,0.32%
1995-4-13,509.23,507.19,509.83,507.17,-,0.41%
1995-4-17,506.13,509.23,512.03,505.43,-,-0.61%
1995-4-18,505.37,506.43,507.65,504.12,-,-0.15%
1995-4-19,504.92,505.37,505.89,501.19,-,-0.09%
1995-4-20,505.29,504.92,506.50,503.44,-,0.07%
1995-4-21,508.49,505.63,508.49,505.63,-,0.63%
1995-4-24,512.89,508.49,513.02,507.44,-,0.87%
1995-4-25,512.10,512.80,513.54,511.32,-,-0.15%
1995-4-26,512.66,511.99,513.04,510.47,-,0.11%
1995-4-27,513.55,512.70,513.62,511.63,-,0.17%
1995-4-28,514.71,513.64,515.29,510.90,-,0.23%
1995-5-1,514.26,514.76,515.60,513.42,-,-0.09%
1995-5-2,514.86,514.23,515.18,513.03,-,0.12%
1995-5-3,520.48,514.93,520.54,514.86,-,1.09%
1995-5-4,520.54,520.48,525.40,519.44,-,0.01%
1995-5-5,520.12,520.75,522.35,518.28,-,-0.08%
1995-5-8,523.96,520.09,525.15,519.14,-,0.74%
1995-5-9,523.56,523.96,525.99,521.79,-,-0.08%
1995-5-10,524.36,523.74,524.40,521.53,-,0.15%
1995-5-11,524.37,524.33,524.89,522.70,-,0.00%
1995-5-12,525.55,524.37,527.05,523.30,-,0.23%
1995-5-15,527.74,525.55,527.74,525.00,-,0.42%
1995-5-16,528.19,527.74,529.08,526.45,-,0.09%
1995-5-17,527.07,528.19,528.42,525.38,-,-0.21%
1995-5-18,519.58,526.88,526.88,519.58,-,-1.42%
1995-5-19,519.19,519.58,519.58,517.07,-,-0.08%
1995-5-22,523.65,519.19,524.34,519.19,-,0.86%
1995-5-23,528.59,523.65,528.59,523.65,-,0.94%
1995-5-24,528.61,528.59,531.91,525.57,-,0.00%
1995-5-25,528.59,528.37,529.04,524.89,-,-0.00%
1995-5-26,523.65,528.59,528.59,522.51,-,-0.93%
1995-5-30,523.58,523.65,525.58,521.38,-,-0.01%
1995-5-31,533.40,523.70,533.41,522.17,-,1.88%
1995-6-1,533.49,533.40,534.21,530.05,-,0.02%
1995-6-2,532.51,533.49,536.91,529.55,-,-0.18%
1995-6-5,535.60,532.51,537.73,532.47,-,0.58%
1995-6-6,535.55,535.60,537.09,535.14,-,-0.01%
1995-6-7,533.13,535.55,535.55,531.66,-,-0.45%
1995-6-8,532.35,533.13,533.56,531.65,-,-0.15%
1995-6-9,527.94,532.35,532.35,526.00,-,-0.83%
1995-6-12,530.88,527.94,532.54,527.94,-,0.56%
1995-6-13,536.05,530.88,536.23,530.88,-,0.97%
1995-6-14,536.47,536.05,536.48,533.83,-,0.08%
1995-6-15,537.12,536.48,539.07,535.56,-,0.12%
1995-6-16,539.83,537.51,539.98,537.12,-,0.50%
1995-6-19,545.22,539.83,545.22,539.83,-,1.00%
1995-6-20,544.98,545.22,545.44,543.43,-,-0.04%
1995-6-21,543.98,544.98,545.93,543.90,-,-0.18%
1995-6-22,551.07,543.98,551.07,543.98,-,1.30%
1995-6-23,549.71,551.07,551.07,548.23,-,-0.25%
1995-6-26,544.13,549.71,549.79,544.06,-,-1.02%
1995-6-27,542.43,544.11,547.07,542.19,-,-0.31%
1995-6-28,544.73,542.43,546.33,540.72,-,0.42%
1995-6-29,543.87,544.73,546.25,540.79,-,-0.16%
1995-6-30,544.75,543.87,546.82,543.51,-,0.16%
1995-7-3,547.09,544.75,547.10,544.43,-,0.43%
1995-7-5,547.26,547.09,549.98,546.28,-,0.03%
1995-7-6,553.99,547.26,553.99,546.59,-,1.23%
1995-7-7,556.37,553.90,556.57,553.05,-,0.43%
1995-7-10,557.19,556.37,558.48,555.77,-,0.15%
1995-7-11,554.78,556.78,557.19,553.80,-,-0.43%
1995-7-12,560.89,555.27,561.56,554.27,-,1.10%
1995-7-13,561.00,560.89,562.00,559.07,-,0.02%
1995-7-14,559.89,561.00,561.00,556.41,-,-0.20%
1995-7-17,562.72,560.34,562.94,559.45,-,0.51%
1995-7-18,558.46,562.55,562.72,556.86,-,-0.76%
1995-7-19,550.98,556.58,558.46,542.51,-,-1.34%
1995-7-20,553.54,550.98,554.43,549.10,-,0.46%
1995-7-21,553.62,553.34,554.73,550.91,-,0.01%
1995-7-24,556.63,553.62,557.21,553.62,-,0.54%
1995-7-25,561.10,556.63,561.75,556.34,-,0.80%
1995-7-26,561.61,561.10,563.78,560.85,-,0.09%
1995-7-27,565.22,561.61,565.33,561.61,-,0.64%
1995-7-28,562.93,565.22,565.40,562.04,-,-0.41%
1995-7-31,562.06,562.93,563.49,560.06,-,-0.15%
1995-8-1,559.64,562.06,562.11,556.67,-,-0.43%
1995-8-2,558.80,559.64,565.62,557.87,-,-0.15%
1995-8-3,558.75,558.80,558.80,554.10,-,-0.01%
1995-8-4,558.94,558.75,559.57,557.91,-,0.03%
1995-8-7,560.03,558.94,561.24,558.94,-,0.20%
1995-8-8,560.39,560.03,561.53,558.32,-,0.06%
1995-8-9,559.71,560.39,561.59,559.29,-,-0.12%
1995-8-10,557.45,559.71,560.63,556.05,-,-0.40%
1995-8-11,555.11,557.45,558.50,553.04,-,-0.42%
1995-8-14,559.74,555.11,559.74,554.76,-,0.83%
1995-8-15,558.57,559.74,559.98,555.22,-,-0.21%
1995-8-16,559.97,558.57,559.98,557.37,-,0.25%
1995-8-17,559.04,559.97,559.97,557.42,-,-0.17%
1995-8-18,559.21,559.04,561.24,558.34,-,0.03%
1995-8-21,558.11,559.21,563.34,557.89,-,-0.20%
1995-8-22,559.52,558.11,559.52,555.87,-,0.25%
1995-8-23,557.14,559.52,560.00,557.08,-,-0.43%
1995-8-24,557.46,557.14,558.63,555.20,-,0.06%
1995-8-25,560.10,557.46,561.31,557.46,-,0.47%
1995-8-28,559.05,560.10,562.22,557.99,-,-0.19%
1995-8-29,560.00,559.05,560.01,555.71,-,0.17%
1995-8-30,560.92,560.00,561.52,559.49,-,0.16%
1995-8-31,561.88,561.09,562.36,560.49,-,0.17%
1995-9-1,563.84,561.88,564.62,561.01,-,0.35%
1995-9-5,569.17,563.86,569.20,563.84,-,0.95%
1995-9-6,570.17,569.17,570.53,569.00,-,0.18%
1995-9-7,570.29,570.17,571.11,569.23,-,0.02%
1995-9-8,572.68,570.29,572.68,569.27,-,0.42%
1995-9-11,573.91,572.68,575.15,572.68,-,0.21%
1995-9-12,576.51,573.91,576.51,573.11,-,0.45%
1995-9-13,578.77,576.51,579.72,575.47,-,0.39%
1995-9-14,583.61,578.77,583.99,578.77,-,0.84%
1995-9-15,583.35,583.61,585.07,581.79,-,-0.04%
1995-9-18,582.77,583.35,583.37,579.36,-,-0.10%
1995-9-19,584.20,582.78,584.24,580.75,-,0.25%
1995-9-20,586.77,584.20,586.77,584.18,-,0.44%
1995-9-21,583.00,586.77,586.79,580.91,-,-0.64%
1995-9-22,581.73,583.00,583.00,578.25,-,-0.22%
1995-9-25,581.81,581.73,582.14,579.50,-,0.01%
1995-9-26,581.41,581.81,584.66,580.65,-,-0.07%
1995-9-27,581.04,581.41,581.42,574.68,-,-0.06%
1995-9-28,585.87,581.04,585.88,580.69,-,0.83%
1995-9-29,584.41,585.87,587.61,584.00,-,-0.25%
1995-10-2,581.72,584.41,585.05,580.54,-,-0.46%
1995-10-3,582.34,581.72,582.34,578.48,-,0.11%
1995-10-4,581.47,582.34,582.34,579.91,-,-0.15%
1995-10-5,582.63,581.47,582.63,579.58,-,0.20%
1995-10-6,582.49,582.63,584.54,582.10,-,-0.02%
1995-10-9,578.37,582.49,582.49,576.35,-,-0.71%
1995-10-10,577.52,578.37,578.37,571.55,-,-0.15%
1995-10-11,579.46,577.52,579.52,577.08,-,0.34%
1995-10-12,583.10,579.46,583.12,579.46,-,0.63%
1995-10-13,584.50,583.10,587.39,583.10,-,0.24%
1995-10-16,583.03,584.50,584.86,582.63,-,-0.25%
1995-10-17,586.78,583.03,586.78,581.90,-,0.64%
1995-10-18,587.44,586.78,589.77,586.27,-,0.11%
1995-10-19,590.65,587.44,590.66,586.34,-,0.55%
1995-10-20,587.46,590.65,590.66,586.78,-,-0.54%
1995-10-23,585.06,587.46,587.46,583.73,-,-0.41%
1995-10-24,586.54,585.06,587.31,584.75,-,0.25%
1995-10-25,582.47,586.54,587.19,581.41,-,-0.69%
1995-10-26,576.72,582.47,582.63,572.53,-,-0.99%
1995-10-27,579.70,576.72,579.71,573.21,-,0.52%
1995-10-30,583.25,579.70,583.79,579.70,-,0.61%
1995-10-31,581.50,583.25,586.71,581.50,-,-0.30%
1995-11-1,584.22,581.50,584.24,581.04,-,0.47%
1995-11-2,589.72,584.22,589.72,584.22,-,0.94%
1995-11-3,590.57,589.72,590.57,588.65,-,0.14%
1995-11-6,588.46,590.57,590.64,588.31,-,-0.36%
1995-11-7,586.32,588.46,588.46,584.24,-,-0.36%
1995-11-8,591.71,586.32,591.71,586.32,-,0.92%
1995-11-9,593.26,591.71,593.90,590.89,-,0.26%
1995-11-10,592.72,593.26,593.26,590.39,-,-0.09%
1995-11-13,592.30,592.72,593.72,590.58,-,-0.07%
1995-11-14,589.29,592.30,592.30,588.98,-,-0.51%
1995-11-15,593.96,589.29,593.97,588.36,-,0.79%
1995-11-16,597.34,593.96,597.91,593.52,-,0.57%
1995-11-17,600.07,597.34,600.14,597.30,-,0.46%
1995-11-20,596.85,600.07,600.40,596.17,-,-0.54%
1995-11-21,600.24,596.85,600.28,595.42,-,0.57%
1995-11-22,598.40,600.24,600.71,598.40,-,-0.31%
1995-11-24,599.97,598.40,600.24,598.40,-,0.26%
1995-11-27,601.32,599.97,603.35,599.97,-,0.23%
1995-11-28,606.45,601.32,606.45,599.02,-,0.85%
1995-11-29,607.64,606.45,607.66,605.47,-,0.20%
1995-11-30,605.37,607.64,608.69,605.37,-,-0.37%
1995-12-1,606.98,605.37,608.11,605.37,-,0.27%
1995-12-4,613.68,606.98,613.83,606.84,-,1.10%
1995-12-5,617.68,613.68,618.48,613.14,-,0.65%
1995-12-6,620.18,617.68,621.11,616.69,-,0.40%
1995-12-7,616.17,620.18,620.19,615.21,-,-0.65%
1995-12-8,617.48,616.17,617.82,614.32,-,0.21%
1995-12-11,619.52,617.48,620.90,617.14,-,0.33%
1995-12-12,618.78,619.52,619.55,617.68,-,-0.12%
1995-12-13,621.69,618.78,622.02,618.27,-,0.47%
1995-12-14,616.92,621.69,622.88,616.13,-,-0.77%
1995-12-15,616.34,616.92,617.72,614.46,-,-0.09%
1995-12-18,606.81,616.34,616.34,606.13,-,-1.55%
1995-12-19,611.93,606.81,611.94,605.05,-,0.84%
1995-12-20,605.94,611.93,614.27,605.93,-,-0.98%
1995-12-21,610.49,605.94,610.52,605.94,-,0.75%
1995-12-22,611.95,610.49,613.50,610.45,-,0.24%
1995-12-26,614.30,611.96,614.50,611.96,-,0.38%
1995-12-27,614.53,614.30,615.73,613.75,-,0.04%
1995-12-28,614.12,614.53,615.50,612.40,-,-0.07%
1995-12-29,615.93,614.12,615.93,612.36,-,0.29%
1996-1-2,620.73,615.93,620.74,613.17,-,0.78%
1996-1-3,621.32,620.73,623.25,619.56,-,0.10%
1996-1-4,617.70,621.32,624.49,613.96,-,-0.58%
1996-1-5,616.71,617.70,617.70,612.02,-,-0.16%
1996-1-8,618.46,616.71,618.46,616.49,-,0.28%
1996-1-9,609.45,618.46,619.15,608.21,-,-1.46%
1996-1-10,598.48,609.45,609.45,597.29,-,-1.80%
1996-1-11,602.69,598.48,602.71,597.54,-,0.70%
1996-1-12,601.81,602.69,604.80,597.46,-,-0.15%
1996-1-15,599.82,601.81,603.43,598.47,-,-0.33%
1996-1-16,608.44,599.82,608.44,599.05,-,1.44%
1996-1-17,606.37,608.44,609.93,604.70,-,-0.34%
1996-1-18,608.24,606.37,608.27,604.12,-,0.31%
1996-1-19,611.83,608.24,612.92,606.76,-,0.59%
1996-1-22,613.40,611.83,613.45,610.95,-,0.26%
1996-1-23,612.79,613.40,613.40,610.65,-,-0.10%
1996-1-24,619.96,612.79,619.96,612.79,-,1.17%
1996-1-25,617.03,619.96,620.15,616.62,-,-0.47%
1996-1-26,621.62,617.03,621.70,615.26,-,0.74%
1996-1-29,624.22,621.62,624.22,621.42,-,0.42%
1996-1-30,630.15,624.22,630.29,624.22,-,0.95%
1996-1-31,636.02,630.15,636.18,629.48,-,0.93%
1996-2-1,638.46,636.02,638.46,634.54,-,0.38%
1996-2-2,635.84,638.46,639.26,634.29,-,-0.41%
1996-2-5,641.43,635.84,641.43,633.71,-,0.88%
1996-2-6,646.33,641.43,646.67,639.68,-,0.76%
1996-2-7,649.93,646.33,649.93,645.59,-,0.56%
1996-2-8,656.07,649.93,656.54,647.93,-,0.94%
1996-2-9,656.37,656.07,661.08,653.64,-,0.05%
1996-2-12,661.45,656.37,662.95,656.34,-,0.77%
1996-2-13,660.51,661.45,664.23,657.92,-,-0.14%
1996-2-14,655.58,660.51,661.53,654.36,-,-0.75%
1996-2-15,651.32,655.58,656.84,651.15,-,-0.65%
1996-2-16,647.98,651.32,651.42,646.99,-,-0.51%
1996-2-20,640.65,647.98,647.98,638.79,-,-1.13%
1996-2-21,648.10,640.65,648.11,640.65,-,1.16%
1996-2-22,658.86,648.10,659.75,648.10,-,1.66%
1996-2-23,659.08,658.86,663.00,652.25,-,0.03%
1996-2-26,650.46,659.08,659.08,650.16,-,-1.31%
1996-2-27,647.24,650.46,650.62,643.87,-,-0.50%
1996-2-28,644.75,647.24,654.39,643.99,-,-0.38%
1996-2-29,640.43,644.75,646.95,639.01,-,-0.67%
1996-3-1,644.37,640.43,644.38,635.00,-,0.62%
1996-3-4,650.81,644.37,653.54,644.37,-,1.00%
1996-3-5,655.79,650.81,655.80,648.77,-,0.77%
1996-3-6,652.00,655.79,656.97,651.61,-,-0.58%
1996-3-7,653.65,652.00,653.65,649.54,-,0.25%
1996-3-8,633.50,653.65,653.65,627.63,-,-3.08%
1996-3-11,640.02,633.50,640.41,629.95,-,1.03%
1996-3-12,637.09,640.02,640.02,628.82,-,-0.46%
1996-3-13,638.55,637.09,640.52,635.19,-,0.23%
1996-3-14,640.87,638.55,644.17,638.55,-,0.36%
1996-3-15,641.43,640.87,642.87,638.35,-,0.09%
1996-3-18,652.65,641.43,652.65,641.43,-,1.75%
1996-3-19,651.69,652.65,656.18,649.80,-,-0.15%
1996-3-20,649.98,651.69,653.13,645.57,-,-0.26%
1996-3-21,649.19,649.98,651.54,648.10,-,-0.12%
1996-3-22,650.62,649.19,652.08,649.19,-,0.22%
1996-3-25,650.04,650.62,655.50,648.82,-,-0.09%
1996-3-26,652.97,650.04,654.31,648.15,-,0.45%
1996-3-27,648.91,652.97,653.94,647.60,-,-0.62%
1996-3-28,648.94,648.91,649.58,646.36,-,0.00%
1996-3-29,645.50,648.94,650.96,644.89,-,-0.53%
1996-4-1,653.73,645.50,653.87,645.50,-,1.27%
1996-4-2,655.26,653.73,655.27,652.81,-,0.23%
1996-4-3,655.88,655.26,655.89,651.81,-,0.09%
1996-4-4,655.86,655.88,656.68,654.89,-,-0.00%
1996-4-8,644.24,655.86,655.86,638.04,-,-1.77%
1996-4-9,642.19,644.24,646.33,640.84,-,-0.32%
1996-4-10,633.50,642.19,642.78,631.76,-,-1.35%
1996-4-11,631.18,633.50,635.26,624.14,-,-0.37%
1996-4-12,636.71,631.18,637.14,631.18,-,0.88%
1996-4-15,642.49,636.71,642.49,636.71,-,0.91%
1996-4-16,645.00,642.49,645.57,642.15,-,0.39%
1996-4-17,641.61,645.00,645.00,638.71,-,-0.53%
1996-4-18,643.61,641.61,644.66,640.76,-,0.31%
1996-4-19,645.07,643.61,647.32,643.61,-,0.23%
1996-4-22,647.89,645.07,650.91,645.07,-,0.44%
1996-4-23,651.58,647.89,651.59,647.70,-,0.57%
1996-4-24,650.17,651.58,653.37,648.25,-,-0.22%
1996-4-25,652.87,650.17,654.18,647.06,-,0.42%
1996-4-26,653.46,652.87,656.43,651.96,-,0.09%
1996-4-29,654.16,653.46,654.71,651.60,-,0.11%
1996-4-30,654.17,654.16,654.59,651.05,-,0.00%
1996-5-1,654.58,654.17,656.44,652.26,-,0.06%
1996-5-2,643.38,654.58,654.58,642.13,-,-1.71%
1996-5-3,641.63,643.38,648.45,640.23,-,-0.27%
1996-5-6,640.81,641.63,644.64,636.19,-,-0.13%
1996-5-7,638.26,640.81,641.40,636.96,-,-0.40%
1996-5-8,644.77,638.26,644.79,630.07,-,1.02%
1996-5-9,645.44,644.77,647.95,643.18,-,0.10%
1996-5-10,652.09,645.44,653.00,645.44,-,1.03%
1996-5-13,661.51,652.09,662.16,652.09,-,1.44%
1996-5-14,665.60,661.51,666.96,661.51,-,0.62%
1996-5-15,665.42,665.60,669.82,664.46,-,-0.03%
1996-5-16,664.85,665.42,667.11,662.79,-,-0.09%
1996-5-17,668.91,664.85,669.84,664.85,-,0.61%
1996-5-20,673.15,668.91,673.66,667.64,-,0.63%
1996-5-21,672.76,673.15,675.56,672.26,-,-0.06%
1996-5-22,678.42,672.76,678.42,671.23,-,0.84%
1996-5-23,676.00,678.42,681.10,673.45,-,-0.36%
1996-5-24,678.51,676.00,679.72,676.00,-,0.37%
1996-5-28,672.23,678.51,679.98,671.52,-,-0.93%
1996-5-29,667.93,672.23,673.73,666.09,-,-0.64%
1996-5-30,671.70,667.93,673.51,664.56,-,0.56%
1996-5-31,669.12,671.70,673.46,667.00,-,-0.38%
1996-6-3,667.68,669.12,669.12,665.19,-,-0.22%
1996-6-4,672.56,667.68,672.60,667.68,-,0.73%
1996-6-5,678.44,672.56,678.45,672.09,-,0.87%
1996-6-6,673.03,678.44,680.32,673.02,-,-0.80%
1996-6-7,673.31,673.03,673.31,662.48,-,0.04%
1996-6-10,672.16,673.31,673.61,670.15,-,-0.17%
1996-6-11,670.97,672.16,676.72,669.94,-,-0.18%
1996-6-12,669.04,670.97,673.67,668.77,-,-0.29%
1996-6-13,667.92,669.04,670.54,665.49,-,-0.17%
1996-6-14,665.85,667.92,668.40,664.35,-,-0.31%
1996-6-17,665.16,665.85,668.27,664.09,-,-0.10%
1996-6-18,662.06,665.16,666.36,661.34,-,-0.47%
1996-6-19,661.96,662.06,665.62,661.21,-,-0.02%
1996-6-20,662.10,661.96,664.96,658.75,-,0.02%
1996-6-21,666.84,662.10,666.84,662.10,-,0.72%
1996-6-24,668.85,666.84,671.07,666.84,-,0.30%
1996-6-25,668.48,668.85,670.65,667.29,-,-0.06%
1996-6-26,664.39,668.48,668.49,663.67,-,-0.61%
1996-6-27,668.55,664.39,668.90,661.56,-,0.63%
1996-6-28,670.63,668.55,672.68,668.55,-,0.31%
1996-7-1,675.88,670.63,675.88,670.63,-,0.78%
1996-7-2,673.61,675.88,675.88,672.55,-,-0.34%
1996-7-3,672.40,673.61,673.64,670.21,-,-0.18%
1996-7-5,657.44,672.40,672.40,657.41,-,-2.22%
1996-7-8,652.54,657.44,657.65,651.13,-,-0.75%
1996-7-9,654.75,652.54,656.60,652.54,-,0.34%
1996-7-10,656.06,654.75,656.27,648.39,-,0.20%
1996-7-11,645.67,656.06,656.06,639.52,-,-1.58%
1996-7-12,646.19,645.67,647.64,640.21,-,0.08%
1996-7-15,629.80,646.19,646.19,629.69,-,-2.54%
1996-7-16,628.37,629.80,631.99,605.88,-,-0.23%
1996-7-17,634.07,628.37,636.61,628.37,-,0.91%
1996-7-18,643.56,634.07,644.44,633.29,-,1.50%
1996-7-19,638.73,643.51,643.51,635.50,-,-0.75%
1996-7-22,633.77,638.73,638.73,630.38,-,-0.78%
1996-7-23,626.87,633.79,637.70,625.65,-,-1.09%
1996-7-24,626.65,626.19,629.10,616.43,-,-0.04%
1996-7-25,631.17,626.65,633.57,626.65,-,0.72%
1996-7-26,635.90,631.17,636.23,631.17,-,0.75%
1996-7-29,630.91,635.90,635.90,630.90,-,-0.78%
1996-7-30,635.26,630.91,635.26,629.22,-,0.69%
1996-7-31,639.95,635.26,640.54,633.74,-,0.74%
1996-8-1,650.02,639.95,650.66,639.49,-,1.57%
1996-8-2,662.49,650.02,662.49,650.02,-,1.92%
1996-8-5,660.23,662.49,663.64,659.03,-,-0.34%
1996-8-6,662.38,660.23,662.75,656.83,-,0.33%
1996-8-7,664.16,662.38,664.61,660.00,-,0.27%
1996-8-8,662.59,664.16,664.17,661.28,-,-0.24%
1996-8-9,662.10,662.59,665.37,660.31,-,-0.07%
1996-8-12,665.77,662.10,665.77,658.95,-,0.55%
1996-8-13,660.20,665.77,665.77,659.13,-,-0.84%
1996-8-14,662.05,660.20,662.42,658.47,-,0.28%
1996-8-15,662.28,662.05,664.18,660.64,-,0.03%
1996-8-16,665.21,662.28,666.34,662.26,-,0.44%
1996-8-19,666.58,665.21,667.12,665.00,-,0.21%
1996-8-20,665.69,666.58,666.99,665.15,-,-0.13%
1996-8-21,665.07,665.69,665.69,662.16,-,-0.09%
1996-8-22,670.68,665.07,670.68,664.88,-,0.84%
1996-8-23,667.03,670.68,670.68,664.93,-,-0.54%
1996-8-26,663.88,667.03,667.03,662.36,-,-0.47%
1996-8-27,666.40,663.88,666.40,663.50,-,0.38%
1996-8-28,664.81,666.40,667.41,664.39,-,-0.24%
1996-8-29,657.40,664.81,664.81,655.35,-,-1.11%
1996-8-30,651.99,657.40,657.71,650.52,-,-0.82%
1996-9-3,654.72,651.99,655.13,643.97,-,0.42%
1996-9-4,655.61,654.72,655.82,652.93,-,0.14%
1996-9-5,649.44,655.61,655.61,648.89,-,-0.94%
1996-9-6,655.68,649.44,658.21,649.44,-,0.96%
1996-9-9,663.76,655.68,663.77,655.68,-,1.23%
1996-9-10,663.81,663.76,665.57,661.55,-,0.01%
1996-9-11,667.28,663.81,667.73,661.79,-,0.52%
1996-9-12,671.15,667.28,673.07,667.28,-,0.58%
1996-9-13,680.54,671.15,681.39,671.15,-,1.40%
1996-9-16,683.98,680.54,686.48,680.53,-,0.51%
1996-9-17,682.94,683.98,685.80,679.96,-,-0.15%
1996-9-18,681.47,682.94,683.77,679.75,-,-0.22%
1996-9-19,683.00,681.47,684.07,679.06,-,0.22%
1996-9-20,687.03,683.00,687.07,683.00,-,0.59%
1996-9-23,686.48,687.03,687.03,681.01,-,-0.08%
1996-9-24,685.61,686.48,690.88,683.54,-,-0.13%
1996-9-25,685.83,685.61,688.26,684.92,-,0.03%
1996-9-26,685.86,685.83,690.15,683.77,-,0.00%
1996-9-27,686.19,685.86,687.11,683.73,-,0.05%
1996-9-30,687.33,686.19,690.11,686.03,-,0.17%
1996-10-1,689.08,687.31,689.54,684.44,-,0.25%
1996-10-2,694.01,689.08,694.82,689.08,-,0.72%
1996-10-3,692.78,694.01,694.81,691.78,-,-0.18%
1996-10-4,701.46,692.78,701.74,692.78,-,1.25%
1996-10-7,703.34,701.46,704.17,701.39,-,0.27%
1996-10-8,700.64,703.34,705.76,699.88,-,-0.38%
1996-10-9,696.74,700.64,702.36,694.42,-,-0.56%
1996-10-10,694.61,696.74,696.82,693.34,-,-0.31%
1996-10-11,700.66,694.61,700.67,694.61,-,0.87%
1996-10-14,703.54,700.66,705.16,700.66,-,0.41%
1996-10-15,702.57,703.54,708.07,699.07,-,-0.14%
1996-10-16,704.41,702.57,704.42,699.15,-,0.26%
1996-10-17,706.99,705.00,708.52,704.76,-,0.37%
1996-10-18,710.82,706.99,711.04,706.11,-,0.54%
1996-10-21,709.85,710.82,714.10,707.71,-,-0.14%
1996-10-22,706.57,709.85,709.85,704.55,-,-0.46%
1996-10-23,707.27,706.57,707.31,700.98,-,0.10%
1996-10-24,702.29,707.27,708.25,702.11,-,-0.70%
1996-10-25,700.92,702.29,704.11,700.53,-,-0.20%
1996-10-28,697.26,700.92,705.40,697.25,-,-0.52%
1996-10-29,701.50,697.26,703.25,696.22,-,0.61%
1996-10-30,700.90,701.50,703.44,700.05,-,-0.09%
1996-10-31,705.27,700.90,706.61,700.35,-,0.62%
1996-11-1,703.77,705.27,708.60,701.30,-,-0.21%
1996-11-4,706.73,703.77,707.02,702.84,-,0.42%
1996-11-5,714.14,706.73,714.56,706.73,-,1.05%
1996-11-6,724.59,714.14,724.60,712.83,-,1.46%
1996-11-7,727.65,724.59,729.49,722.23,-,0.42%
1996-11-8,730.82,727.65,730.82,725.22,-,0.44%
1996-11-11,731.87,730.82,732.60,729.94,-,0.14%
1996-11-12,729.56,731.87,733.04,728.20,-,-0.32%
1996-11-13,731.13,729.56,732.11,728.03,-,0.22%
1996-11-14,735.88,731.13,735.99,729.20,-,0.65%
1996-11-15,737.62,735.88,741.92,735.15,-,0.24%
1996-11-18,737.02,737.62,739.24,734.39,-,-0.08%
1996-11-19,742.16,737.02,742.18,736.87,-,0.70%
1996-11-20,743.95,742.16,746.99,740.40,-,0.24%
1996-11-21,742.75,743.95,745.20,741.08,-,-0.16%
1996-11-22,748.73,742.75,748.73,742.75,-,0.81%
1996-11-25,757.03,748.73,757.05,747.99,-,1.11%
1996-11-26,755.96,757.03,762.12,752.83,-,-0.14%
1996-11-27,755.00,755.96,757.30,753.18,-,-0.13%
1996-11-29,757.02,755.00,758.27,755.00,-,0.27%
1996-12-2,756.56,757.02,757.03,751.49,-,-0.06%
1996-12-3,748.28,756.56,761.75,747.58,-,-1.09%
1996-12-4,745.10,748.28,748.40,738.46,-,-0.42%
1996-12-5,744.38,745.10,747.65,742.61,-,-0.10%
1996-12-6,739.60,744.38,744.38,726.89,-,-0.64%
1996-12-9,749.76,739.60,749.76,739.60,-,1.37%
1996-12-10,747.54,749.76,753.43,747.02,-,-0.30%
1996-12-11,740.73,747.54,747.54,732.75,-,-0.91%
1996-12-12,729.30,740.73,744.86,729.30,-,-1.54%
1996-12-13,728.64,729.33,731.40,721.97,-,-0.09%
1996-12-16,720.98,728.64,732.68,719.40,-,-1.05%
1996-12-17,726.04,720.98,727.67,716.69,-,0.70%
1996-12-18,731.54,726.04,732.76,726.04,-,0.76%
1996-12-19,745.76,731.54,746.06,731.54,-,1.94%
1996-12-20,748.87,745.76,755.41,745.76,-,0.42%
1996-12-23,746.92,748.87,750.40,743.28,-,-0.26%
1996-12-24,751.03,746.92,751.03,746.92,-,0.55%
1996-12-26,755.82,751.03,757.07,751.02,-,0.64%
1996-12-27,756.79,755.82,758.75,754.82,-,0.13%
1996-12-30,753.85,756.79,759.20,752.73,-,-0.39%
1996-12-31,740.74,753.85,753.95,740.74,-,-1.74%
1997-1-2,737.01,740.74,742.81,729.55,-,-0.50%
1997-1-3,748.03,737.01,748.24,737.01,-,1.50%
1997-1-6,747.65,748.03,753.31,743.82,-,-0.05%
1997-1-7,753.23,747.65,753.26,742.18,-,0.75%
1997-1-8,748.41,753.23,755.72,747.71,-,-0.64%
1997-1-9,754.85,748.41,757.68,748.41,-,0.86%
1997-1-10,759.50,754.85,759.65,746.92,-,0.62%
1997-1-13,759.51,759.50,762.85,756.69,-,0.00%
1997-1-14,768.86,759.51,772.04,759.51,-,1.23%
1997-1-15,767.20,768.86,770.95,763.72,-,-0.22%
1997-1-16,769.75,767.20,772.05,765.25,-,0.33%
1997-1-17,776.17,769.75,776.37,769.72,-,0.83%
1997-1-20,776.70,776.17,780.08,774.19,-,0.07%
1997-1-21,782.72,776.70,783.72,772.00,-,0.78%
1997-1-22,786.23,782.72,786.23,779.56,-,0.45%
1997-1-23,777.56,786.23,794.67,776.64,-,-1.10%
1997-1-24,770.52,777.56,778.21,768.17,-,-0.91%
1997-1-27,765.02,770.52,771.43,764.18,-,-0.71%
1997-1-28,765.02,765.02,776.32,761.75,-,0.00%
1997-1-29,772.50,765.02,772.70,765.02,-,0.98%
1997-1-30,784.17,772.50,784.17,772.50,-,1.51%
1997-1-31,786.16,784.17,791.86,784.17,-,0.25%
1997-2-3,786.73,786.16,787.14,783.12,-,0.07%
1997-2-4,789.26,786.73,789.28,783.68,-,0.32%
1997-2-5,778.28,789.26,792.71,773.43,-,-1.39%
1997-2-6,780.15,778.28,780.35,774.45,-,0.24%
1997-2-7,789.56,780.15,789.72,778.19,-,1.21%
1997-2-10,785.43,789.56,793.46,784.69,-,-0.52%
1997-2-11,789.59,785.43,789.60,780.95,-,0.53%
1997-2-12,802.77,789.59,802.77,789.59,-,1.67%
1997-2-13,811.82,802.77,812.93,802.77,-,1.13%
1997-2-14,808.48,811.82,812.20,808.15,-,-0.41%
1997-2-18,816.29,808.48,816.29,806.34,-,0.97%
1997-2-19,812.49,816.29,817.68,811.20,-,-0.47%
1997-2-20,802.80,812.49,812.49,800.35,-,-1.19%
1997-2-21,801.77,802.80,804.94,799.99,-,-0.13%
1997-2-24,810.28,801.77,810.64,798.42,-,1.06%
1997-2-25,812.03,810.28,812.85,807.65,-,0.22%
1997-2-26,805.68,812.10,812.70,798.13,-,-0.78%
1997-2-27,795.07,805.68,805.68,795.06,-,-1.32%
1997-2-28,790.82,795.07,795.70,788.50,-,-0.53%
1997-3-3,795.31,790.82,795.31,785.66,-,0.57%
1997-3-4,790.95,795.31,798.93,789.98,-,-0.55%
1997-3-5,801.99,790.95,801.99,790.95,-,1.40%
1997-3-6,798.56,801.99,804.11,797.50,-,-0.43%
1997-3-7,804.97,798.56,808.19,798.56,-,0.80%
1997-3-10,813.65,804.97,813.66,803.66,-,1.08%
1997-3-11,811.34,813.65,814.90,810.77,-,-0.28%
1997-3-12,804.26,811.34,811.34,801.07,-,-0.87%
1997-3-13,789.56,804.26,804.26,789.44,-,-1.83%
1997-3-14,793.17,789.56,796.88,789.56,-,0.46%
1997-3-17,795.71,793.17,796.28,782.98,-,0.32%
1997-3-18,789.66,795.71,797.18,785.47,-,-0.76%
1997-3-19,785.77,789.66,791.59,780.03,-,-0.49%
1997-3-20,782.65,785.77,786.29,778.04,-,-0.40%
1997-3-21,784.10,782.65,786.44,782.65,-,0.19%
1997-3-24,790.89,784.10,791.01,780.79,-,0.87%
1997-3-25,789.07,790.89,798.11,788.39,-,-0.23%
1997-3-26,790.50,789.07,794.89,786.77,-,0.18%
1997-3-27,773.88,790.50,792.58,767.32,-,-2.10%
1997-3-31,757.12,773.88,773.88,756.13,-,-2.17%
1997-4-1,759.64,757.12,761.49,751.26,-,0.33%
1997-4-2,750.11,759.64,759.65,747.59,-,-1.25%
1997-4-3,750.32,750.11,751.04,744.40,-,0.03%
1997-4-4,757.90,750.32,757.90,744.04,-,1.01%
1997-4-7,762.13,757.90,764.82,757.90,-,0.56%
1997-4-8,766.12,762.13,766.25,758.36,-,0.52%
1997-4-9,760.60,766.12,769.53,759.15,-,-0.72%
1997-4-10,758.34,760.60,763.73,757.65,-,-0.30%
1997-4-11,737.65,758.34,758.34,737.64,-,-2.73%
1997-4-14,743.73,737.65,743.73,733.54,-,0.82%
1997-4-15,754.72,743.73,754.72,743.73,-,1.48%
1997-4-16,763.53,754.72,763.53,751.99,-,1.17%
1997-4-17,761.77,763.53,768.55,760.49,-,-0.23%
1997-4-18,766.34,761.77,767.93,761.77,-,0.60%
1997-4-21,760.37,766.34,767.39,756.38,-,-0.78%
1997-4-22,774.61,760.37,774.64,759.90,-,1.87%
1997-4-23,773.64,774.61,778.19,771.90,-,-0.13%
1997-4-24,771.18,773.64,779.89,769.72,-,-0.32%
1997-4-25,765.37,771.18,771.18,764.63,-,-0.75%
1997-4-28,772.96,765.37,773.89,763.30,-,0.99%
1997-4-29,794.05,772.96,794.44,772.96,-,2.73%
1997-4-30,801.34,794.05,804.13,791.21,-,0.92%
1997-5-1,798.53,801.34,802.95,793.21,-,-0.35%
1997-5-2,812.97,798.53,812.99,798.53,-,1.81%
1997-5-5,830.29,812.97,830.29,811.80,-,2.13%
1997-5-6,827.76,830.24,832.29,824.70,-,-0.30%
1997-5-7,815.62,827.76,827.76,814.70,-,-1.47%
1997-5-8,820.26,815.62,829.09,811.84,-,0.57%
1997-5-9,824.78,820.26,827.69,815.78,-,0.55%
1997-5-12,837.66,824.78,838.56,824.78,-,1.56%
1997-5-13,833.13,837.66,838.49,829.12,-,-0.54%
1997-5-14,836.04,833.13,841.29,833.13,-,0.35%
1997-5-15,841.88,836.04,842.45,833.34,-,0.70%
1997-5-16,829.75,841.88,841.88,829.15,-,-1.44%
1997-5-19,833.27,829.75,835.92,828.87,-,0.42%
1997-5-20,841.66,833.27,841.96,826.41,-,1.01%
1997-5-21,839.35,841.66,846.87,835.22,-,-0.27%
1997-5-22,835.66,839.35,841.91,833.86,-,-0.44%
1997-5-23,847.03,835.66,848.49,835.66,-,1.36%
1997-5-27,849.71,847.03,851.53,840.96,-,0.32%
1997-5-28,847.21,849.71,850.95,843.21,-,-0.29%
1997-5-29,844.08,847.21,848.96,842.61,-,-0.37%
1997-5-30,848.28,844.08,851.87,831.87,-,0.50%
1997-6-2,846.36,848.28,851.34,844.61,-,-0.23%
1997-6-3,845.48,846.36,850.56,841.51,-,-0.10%
1997-6-4,840.11,845.48,845.55,838.82,-,-0.64%
1997-6-5,843.43,840.11,848.89,840.11,-,0.40%
1997-6-6,858.01,843.43,859.24,843.36,-,1.73%
1997-6-9,862.91,858.01,865.14,858.01,-,0.57%
1997-6-10,865.27,862.91,870.05,862.18,-,0.27%
1997-6-11,869.57,865.27,870.66,865.15,-,0.50%
1997-6-12,883.46,869.57,884.34,869.01,-,1.60%
1997-6-13,893.27,883.48,894.69,883.48,-,1.11%
1997-6-16,893.90,893.27,895.17,891.21,-,0.07%
1997-6-17,894.42,893.90,897.60,886.19,-,0.06%
1997-6-18,889.06,894.42,894.42,887.03,-,-0.60%
1997-6-19,897.99,889.06,900.09,888.99,-,1.00%
1997-6-20,898.70,897.99,901.77,897.77,-,0.08%
1997-6-23,878.62,898.70,898.70,878.43,-,-2.23%
1997-6-24,896.34,878.62,896.75,878.62,-,2.02%
1997-6-25,888.99,896.34,902.09,882.24,-,-0.82%
1997-6-26,883.68,888.99,893.21,879.32,-,-0.60%
1997-6-27,887.30,883.68,894.70,883.68,-,0.41%
1997-6-30,885.14,887.30,892.62,879.82,-,-0.24%
1997-7-1,891.03,885.14,893.88,884.54,-,0.67%
1997-7-2,904.03,891.03,904.05,891.03,-,1.46%
1997-7-3,916.92,904.03,917.82,904.03,-,1.43%
1997-7-7,912.20,916.92,923.26,909.69,-,-0.51%
1997-7-8,918.75,912.20,918.76,911.56,-,0.72%
1997-7-9,907.54,918.75,922.03,902.48,-,-1.22%
1997-7-10,913.78,907.54,916.54,904.31,-,0.69%
1997-7-11,916.68,913.78,919.74,913.11,-,0.32%
1997-7-14,918.38,916.68,921.78,912.02,-,0.19%
1997-7-15,925.76,918.38,926.15,914.52,-,0.80%
1997-7-16,936.59,925.76,939.32,925.76,-,1.17%
1997-7-17,931.61,936.59,936.96,927.90,-,-0.53%
1997-7-18,915.30,931.61,931.61,912.90,-,-1.75%
1997-7-21,912.94,915.30,915.38,907.12,-,-0.26%
1997-7-22,933.98,912.94,934.38,912.94,-,2.30%
1997-7-23,936.56,933.98,941.80,933.98,-,0.28%
1997-7-24,940.30,936.56,941.51,926.91,-,0.40%
1997-7-25,938.79,940.30,945.65,936.09,-,-0.16%
1997-7-28,936.45,938.79,942.97,935.19,-,-0.25%
1997-7-29,942.29,936.45,942.96,932.56,-,0.62%
1997-7-30,952.29,942.29,953.98,941.98,-,1.06%
1997-7-31,954.31,952.29,957.73,948.89,-,0.21%
1997-8-1,947.14,954.29,955.35,939.04,-,-0.75%
1997-8-4,950.30,947.14,953.18,943.60,-,0.33%
1997-8-5,952.37,950.30,954.21,948.92,-,0.22%
1997-8-6,960.32,952.37,962.43,949.45,-,0.83%
1997-8-7,951.19,960.32,964.17,950.87,-,-0.95%
1997-8-8,933.54,951.19,951.19,925.74,-,-1.86%
1997-8-11,937.00,933.54,938.50,925.39,-,0.37%
1997-8-12,926.53,937.00,942.99,925.66,-,-1.12%
1997-8-13,922.02,926.53,935.77,916.54,-,-0.49%
1997-8-14,924.77,922.02,930.07,916.92,-,0.30%
1997-8-15,900.81,924.77,924.77,900.81,-,-2.59%
1997-8-18,912.49,900.81,912.57,893.34,-,1.30%
1997-8-19,926.01,912.49,926.01,912.49,-,1.48%
1997-8-20,939.35,926.01,939.35,924.58,-,1.44%
1997-8-21,925.05,939.35,939.47,921.35,-,-1.52%
1997-8-22,923.54,925.05,925.05,905.42,-,-0.16%
1997-8-25,920.16,923.55,930.93,917.29,-,-0.37%
1997-8-26,913.02,920.16,922.47,911.72,-,-0.78%
1997-8-27,913.70,913.02,916.23,903.83,-,0.07%
1997-8-28,903.67,913.70,915.90,898.65,-,-1.10%
1997-8-29,899.47,903.67,907.28,896.82,-,-0.46%
1997-9-2,927.58,899.47,927.58,899.47,-,3.13%
1997-9-3,927.86,927.58,935.90,926.87,-,0.03%
1997-9-4,930.87,927.86,933.36,925.59,-,0.32%
1997-9-5,929.05,930.87,940.37,924.05,-,-0.20%
1997-9-8,931.20,929.05,936.50,929.05,-,0.23%
1997-9-9,933.62,931.20,938.90,927.28,-,0.26%
1997-9-10,919.03,933.62,933.62,918.76,-,-1.56%
1997-9-11,912.59,919.03,919.03,902.56,-,-0.70%
1997-9-12,923.91,912.59,925.05,906.70,-,1.24%
1997-9-15,919.77,923.91,928.90,919.41,-,-0.45%
1997-9-16,945.64,919.77,947.66,919.77,-,2.81%
1997-9-17,943.00,945.64,950.29,941.99,-,-0.28%
1997-9-18,947.29,943.00,958.19,943.00,-,0.45%
1997-9-19,950.51,947.29,952.35,943.90,-,0.34%
1997-9-22,955.43,950.51,960.59,950.51,-,0.52%
1997-9-23,951.93,955.43,955.78,948.07,-,-0.37%
1997-9-24,944.48,951.93,959.78,944.07,-,-0.78%
1997-9-25,937.91,944.48,947.00,937.38,-,-0.70%
1997-9-26,945.22,937.91,946.44,937.91,-,0.78%
1997-9-29,953.34,945.22,953.96,941.94,-,0.86%
1997-9-30,947.28,953.34,955.17,947.28,-,-0.64%
1997-10-1,955.41,947.28,956.71,947.28,-,0.86%
1997-10-2,960.46,955.41,960.46,952.94,-,0.53%
1997-10-3,965.03,960.46,975.47,955.13,-,0.48%
1997-10-6,972.69,965.03,974.16,965.03,-,0.79%
1997-10-7,983.12,972.69,983.12,971.95,-,1.07%
1997-10-8,973.84,983.12,983.12,968.65,-,-0.94%
1997-10-9,970.62,973.84,974.72,963.34,-,-0.33%
1997-10-10,966.98,970.62,970.62,963.42,-,-0.38%
1997-10-13,968.10,966.98,973.46,966.95,-,0.12%
1997-10-14,970.28,968.10,972.86,961.87,-,0.23%
1997-10-15,965.72,970.28,970.28,962.75,-,-0.47%
1997-10-16,955.25,965.72,973.38,950.77,-,-1.08%
1997-10-17,944.16,955.23,955.23,931.58,-,-1.16%
1997-10-20,955.61,944.16,955.72,941.43,-,1.21%
1997-10-21,972.28,955.61,972.56,955.61,-,1.74%
1997-10-22,968.49,972.28,972.61,965.66,-,-0.39%
1997-10-23,950.69,968.49,968.49,944.16,-,-1.84%
1997-10-24,941.64,950.69,960.04,937.55,-,-0.95%
1997-10-27,876.99,941.64,941.64,876.73,-,-6.87%
1997-10-28,921.85,876.99,923.09,855.27,-,5.12%
1997-10-29,919.16,921.85,935.24,913.88,-,-0.29%
1997-10-30,903.68,919.16,923.28,903.68,-,-1.68%
1997-10-31,914.62,903.68,919.93,903.68,-,1.21%
1997-11-3,938.99,914.62,939.02,914.62,-,2.66%
1997-11-4,940.76,938.99,941.40,932.66,-,0.19%
1997-11-5,942.76,940.76,949.62,938.16,-,0.21%
1997-11-6,938.03,942.76,942.85,934.16,-,-0.50%
1997-11-7,927.51,938.03,938.03,915.39,-,-1.12%
1997-11-10,921.13,927.51,935.90,920.26,-,-0.69%
1997-11-11,923.78,921.13,928.29,919.63,-,0.29%
1997-11-12,905.96,923.78,923.88,905.34,-,-1.93%
1997-11-13,916.66,905.96,917.79,900.61,-,1.18%
1997-11-14,928.35,916.66,930.44,915.34,-,1.28%
1997-11-17,946.20,928.35,949.66,928.35,-,1.92%
1997-11-18,938.23,946.20,947.65,937.43,-,-0.84%
1997-11-19,944.59,938.23,947.28,934.83,-,0.68%
1997-11-20,958.98,944.59,961.83,944.59,-,1.52%
1997-11-21,963.09,958.98,964.55,954.60,-,0.43%
1997-11-24,946.67,963.09,963.09,945.22,-,-1.70%
1997-11-25,950.82,946.67,954.47,944.71,-,0.44%
1997-11-26,951.64,950.82,956.47,950.82,-,0.09%
1997-11-28,955.40,951.64,959.13,951.64,-,0.40%
1997-12-1,974.77,955.40,974.77,955.40,-,2.03%
1997-12-2,971.68,974.78,976.20,969.83,-,-0.32%
1997-12-3,976.77,971.68,980.81,966.16,-,0.52%
1997-12-4,973.10,976.77,983.36,971.37,-,-0.38%
1997-12-5,983.79,973.10,986.25,969.10,-,1.10%
1997-12-8,982.37,983.79,985.67,979.57,-,-0.14%
1997-12-9,975.78,982.37,982.37,973.81,-,-0.67%
1997-12-10,969.79,975.78,975.78,962.68,-,-0.61%
1997-12-11,954.94,969.79,969.79,951.89,-,-1.53%
1997-12-12,953.39,954.94,961.32,947.00,-,-0.16%
1997-12-15,963.39,953.39,965.96,953.39,-,1.05%
1997-12-16,968.04,963.39,973.00,963.39,-,0.48%
1997-12-17,965.54,968.04,974.30,964.25,-,-0.26%
1997-12-18,955.30,965.54,965.54,950.55,-,-1.06%
1997-12-19,946.78,955.30,955.30,924.92,-,-0.89%
1997-12-22,953.70,946.78,956.73,946.25,-,0.73%
1997-12-23,939.13,953.70,954.51,938.91,-,-1.53%
1997-12-24,932.70,939.13,942.88,932.70,-,-0.68%
1997-12-26,936.46,932.70,939.99,932.70,-,0.40%
1997-12-29,953.35,936.46,953.95,936.46,-,1.80%
1997-12-30,970.84,953.35,970.84,953.35,-,1.83%
1997-12-31,970.43,970.84,975.02,967.41,-,-0.04%
1998-1-2,975.04,970.43,975.04,965.73,-,0.48%
1998-1-5,977.07,975.04,982.63,969.00,-,0.21%
1998-1-6,966.58,977.07,977.07,962.68,-,-1.07%
1998-1-7,964.00,966.58,966.58,952.67,-,-0.27%
1998-1-8,956.05,964.00,964.00,955.04,-,-0.82%
1998-1-9,927.69,956.05,956.05,921.72,-,-2.97%
1998-1-12,939.21,927.69,939.25,912.83,-,1.24%
1998-1-13,952.12,939.21,952.14,939.21,-,1.37%
1998-1-14,957.94,952.12,958.12,948.00,-,0.61%
1998-1-15,950.73,957.94,957.94,950.27,-,-0.75%
1998-1-16,961.51,950.73,965.12,950.73,-,1.13%
1998-1-20,978.60,961.51,978.60,961.48,-,1.78%
1998-1-21,970.81,978.60,978.60,963.29,-,-0.80%
1998-1-22,963.04,970.81,970.81,959.49,-,-0.80%
1998-1-23,957.59,963.04,966.44,950.86,-,-0.57%
1998-1-26,956.95,957.59,963.04,954.24,-,-0.07%
1998-1-27,969.02,956.95,973.23,956.26,-,1.26%
1998-1-28,977.46,969.02,978.63,969.02,-,0.87%
1998-1-29,985.49,977.46,992.65,975.21,-,0.82%
1998-1-30,980.28,985.49,987.41,979.63,-,-0.53%
1998-2-2,"1,001.27",980.28,"1,002.48",980.28,-,2.14%
1998-2-3,"1,006.00","1,001.27","1,006.13",996.90,-,0.47%
1998-2-4,"1,006.90","1,006.00","1,009.52",999.43,-,0.09%
1998-2-5,"1,003.54","1,006.90","1,013.51","1,000.27",-,-0.33%
1998-2-6,"1,012.46","1,003.54","1,013.07","1,003.36",-,0.89%
1998-2-9,"1,010.74","1,012.46","1,015.33","1,006.28",-,-0.17%
1998-2-10,"1,019.01","1,010.74","1,022.15","1,010.71",-,0.82%
1998-2-11,"1,020.01","1,019.01","1,020.71","1,016.38",-,0.10%
1998-2-12,"1,024.14","1,020.01","1,026.30","1,008.55",-,0.40%
1998-2-13,"1,020.09","1,024.14","1,024.14","1,017.71",-,-0.40%
1998-2-17,"1,022.76","1,020.09","1,028.02","1,020.09",-,0.26%
1998-2-18,"1,032.08","1,022.76","1,032.08","1,021.70",-,0.91%
1998-2-19,"1,028.28","1,032.08","1,032.93","1,026.62",-,-0.37%
1998-2-20,"1,034.21","1,028.28","1,034.21","1,022.69",-,0.58%
1998-2-23,"1,038.14","1,034.21","1,038.68","1,031.76",-,0.38%
1998-2-24,"1,030.56","1,038.14","1,038.73","1,028.89",-,-0.73%
1998-2-25,"1,042.90","1,030.56","1,045.79","1,030.56",-,1.20%
1998-2-26,"1,048.67","1,042.90","1,048.68","1,039.85",-,0.55%
1998-2-27,"1,049.34","1,048.67","1,051.66","1,044.40",-,0.06%
1998-3-2,"1,047.70","1,049.34","1,053.98","1,044.70",-,-0.16%
1998-3-3,"1,052.02","1,047.70","1,052.02","1,043.41",-,0.41%
1998-3-4,"1,047.33","1,052.02","1,052.02","1,042.74",-,-0.45%
1998-3-5,"1,035.05","1,047.33","1,047.33","1,030.87",-,-1.17%
1998-3-6,"1,055.69","1,035.05","1,055.69","1,035.05",-,1.99%
1998-3-9,"1,052.31","1,055.69","1,058.55","1,050.02",-,-0.32%
1998-3-10,"1,064.25","1,052.31","1,064.59","1,052.31",-,1.13%
1998-3-11,"1,068.47","1,064.25","1,069.18","1,064.22",-,0.40%
1998-3-12,"1,069.92","1,068.47","1,071.87","1,063.54",-,0.14%
1998-3-13,"1,068.61","1,069.92","1,075.86","1,066.57",-,-0.12%
1998-3-16,"1,079.27","1,068.61","1,079.46","1,068.61",-,1.00%
1998-3-17,"1,080.45","1,079.27","1,080.52","1,073.29",-,0.11%
1998-3-18,"1,085.52","1,080.45","1,085.52","1,077.77",-,0.47%
1998-3-19,"1,089.74","1,085.52","1,089.74","1,084.30",-,0.39%
1998-3-20,"1,099.16","1,089.74","1,101.04","1,089.39",-,0.86%
1998-3-23,"1,095.55","1,099.16","1,101.16","1,094.25",-,-0.33%
1998-3-24,"1,105.65","1,095.55","1,106.75","1,095.55",-,0.92%
1998-3-25,"1,101.93","1,105.65","1,113.07","1,092.84",-,-0.34%
1998-3-26,"1,100.80","1,101.93","1,106.28","1,097.00",-,-0.10%
1998-3-27,"1,095.44","1,100.80","1,107.18","1,091.14",-,-0.49%
1998-3-30,"1,093.60","1,095.44","1,099.10","1,090.02",-,-0.17%
1998-3-31,"1,101.75","1,093.55","1,110.13","1,093.55",-,0.75%
1998-4-1,"1,108.15","1,101.75","1,109.19","1,095.29",-,0.58%
1998-4-2,"1,120.01","1,108.15","1,121.01","1,107.89",-,1.07%
1998-4-3,"1,122.70","1,120.01","1,126.36","1,118.12",-,0.24%
1998-4-6,"1,121.38","1,122.70","1,131.99","1,121.37",-,-0.12%
1998-4-7,"1,109.55","1,121.38","1,121.38","1,102.44",-,-1.05%
1998-4-8,"1,101.65","1,109.55","1,111.60","1,098.21",-,-0.71%
1998-4-9,"1,110.67","1,101.65","1,111.45","1,101.65",-,0.82%
1998-4-13,"1,109.69","1,110.67","1,110.75","1,100.60",-,-0.09%
1998-4-14,"1,115.75","1,109.69","1,115.95","1,109.48",-,0.55%
1998-4-15,"1,119.32","1,115.75","1,119.90","1,112.24",-,0.32%
1998-4-16,"1,108.17","1,119.32","1,119.32","1,105.27",-,-1.00%
1998-4-17,"1,122.72","1,108.17","1,122.72","1,104.95",-,1.31%
1998-4-20,"1,123.65","1,122.72","1,124.88","1,118.43",-,0.08%
1998-4-21,"1,126.67","1,123.65","1,129.65","1,119.54",-,0.27%
1998-4-22,"1,130.54","1,126.67","1,132.98","1,126.29",-,0.34%
1998-4-23,"1,119.58","1,130.54","1,130.54","1,117.49",-,-0.97%
1998-4-24,"1,107.90","1,119.58","1,122.81","1,104.77",-,-1.04%
1998-4-27,"1,086.54","1,107.90","1,107.90","1,076.70",-,-1.93%
1998-4-28,"1,085.11","1,086.54","1,095.94","1,081.49",-,-0.13%
1998-4-29,"1,094.62","1,085.11","1,098.24","1,084.65",-,0.88%
1998-4-30,"1,111.75","1,094.63","1,116.97","1,094.63",-,1.56%
1998-5-1,"1,121.00","1,111.75","1,121.02","1,111.75",-,0.83%
1998-5-4,"1,122.07","1,121.00","1,130.52","1,121.00",-,0.10%
1998-5-5,"1,115.50","1,122.07","1,122.07","1,111.16",-,-0.59%
1998-5-6,"1,104.92","1,115.50","1,118.39","1,104.64",-,-0.95%
1998-5-7,"1,095.14","1,104.92","1,105.58","1,094.59",-,-0.89%
1998-5-8,"1,108.14","1,095.14","1,111.42","1,094.53",-,1.19%
1998-5-11,"1,106.64","1,108.14","1,119.13","1,103.72",-,-0.14%
1998-5-12,"1,115.79","1,106.64","1,115.96","1,102.78",-,0.83%
1998-5-13,"1,118.86","1,115.79","1,122.22","1,114.93",-,0.28%
1998-5-14,"1,117.37","1,118.86","1,124.03","1,112.43",-,-0.13%
1998-5-15,"1,108.73","1,117.37","1,118.66","1,107.11",-,-0.77%
1998-5-18,"1,105.82","1,108.73","1,112.44","1,097.99",-,-0.26%
1998-5-19,"1,109.52","1,105.82","1,113.50","1,105.82",-,0.33%
1998-5-20,"1,119.06","1,109.52","1,119.08","1,107.51",-,0.86%
1998-5-21,"1,114.64","1,119.06","1,124.45","1,111.94",-,-0.39%
1998-5-22,"1,110.47","1,114.64","1,116.89","1,107.99",-,-0.37%
1998-5-26,"1,094.02","1,110.47","1,116.79","1,094.01",-,-1.48%
1998-5-27,"1,092.23","1,094.02","1,094.44","1,074.39",-,-0.16%
1998-5-28,"1,097.60","1,092.23","1,099.73","1,089.06",-,0.49%
1998-5-29,"1,090.82","1,097.60","1,104.16","1,090.82",-,-0.62%
1998-6-1,"1,090.98","1,090.82","1,097.85","1,084.22",-,0.01%
1998-6-2,"1,093.22","1,090.98","1,098.71","1,089.67",-,0.21%
1998-6-3,"1,082.73","1,093.22","1,097.43","1,081.09",-,-0.96%
1998-6-4,"1,094.83","1,082.73","1,095.93","1,078.10",-,1.12%
1998-6-5,"1,113.86","1,095.10","1,113.88","1,094.83",-,1.74%
1998-6-8,"1,115.72","1,113.86","1,119.70","1,113.31",-,0.17%
1998-6-9,"1,118.41","1,115.72","1,119.92","1,111.31",-,0.24%
1998-6-10,"1,112.28","1,118.41","1,126.00","1,110.27",-,-0.55%
1998-6-11,"1,094.58","1,112.28","1,114.20","1,094.28",-,-1.59%
1998-6-12,"1,098.84","1,094.58","1,098.84","1,080.83",-,0.39%
1998-6-15,"1,077.01","1,098.84","1,098.84","1,077.01",-,-1.99%
1998-6-16,"1,087.59","1,077.01","1,087.59","1,074.67",-,0.98%
1998-6-17,"1,107.11","1,087.59","1,112.87","1,087.58",-,1.79%
1998-6-18,"1,106.37","1,107.11","1,109.36","1,103.71",-,-0.07%
1998-6-19,"1,100.65","1,106.37","1,111.25","1,097.10",-,-0.52%
1998-6-22,"1,103.21","1,100.65","1,109.01","1,099.42",-,0.23%
1998-6-23,"1,119.49","1,103.21","1,119.49","1,103.21",-,1.48%
1998-6-24,"1,132.88","1,119.49","1,134.40","1,115.10",-,1.20%
1998-6-25,"1,129.28","1,132.88","1,142.04","1,127.60",-,-0.32%
1998-6-26,"1,133.20","1,129.28","1,136.83","1,129.28",-,0.35%
1998-6-29,"1,138.49","1,133.20","1,145.15","1,133.20",-,0.47%
1998-6-30,"1,133.84","1,138.49","1,140.80","1,131.98",-,-0.41%
1998-7-1,"1,148.56","1,133.84","1,148.56","1,133.84",-,1.30%
1998-7-2,"1,146.42","1,148.56","1,148.56","1,142.99",-,-0.19%
1998-7-6,"1,157.33","1,146.42","1,157.33","1,145.03",-,0.95%
1998-7-7,"1,154.66","1,157.33","1,159.81","1,152.85",-,-0.23%
1998-7-8,"1,166.38","1,154.66","1,166.89","1,154.66",-,1.02%
1998-7-9,"1,158.56","1,166.38","1,166.38","1,156.03",-,-0.67%
1998-7-10,"1,164.33","1,158.57","1,166.93","1,150.88",-,0.50%
1998-7-13,"1,165.19","1,164.33","1,166.98","1,160.21",-,0.07%
1998-7-14,"1,177.58","1,165.19","1,179.76","1,165.19",-,1.06%
1998-7-15,"1,174.81","1,177.58","1,181.48","1,174.73",-,-0.24%
1998-7-16,"1,183.99","1,174.81","1,184.02","1,170.40",-,0.78%
1998-7-17,"1,186.75","1,183.99","1,188.10","1,182.42",-,0.23%
1998-7-20,"1,184.10","1,186.75","1,190.58","1,179.19",-,-0.22%
1998-7-21,"1,165.07","1,184.10","1,187.37","1,163.05",-,-1.61%
1998-7-22,"1,164.08","1,165.07","1,167.67","1,155.20",-,-0.08%
1998-7-23,"1,139.75","1,164.08","1,164.35","1,139.75",-,-2.09%
1998-7-24,"1,140.80","1,139.75","1,150.14","1,129.11",-,0.09%
1998-7-27,"1,147.27","1,140.80","1,147.27","1,128.19",-,0.57%
1998-7-28,"1,130.24","1,147.27","1,147.27","1,119.44",-,-1.48%
1998-7-29,"1,125.21","1,130.24","1,138.56","1,121.98",-,-0.45%
1998-7-30,"1,142.95","1,125.21","1,143.07","1,125.21",-,1.58%
1998-7-31,"1,120.67","1,142.95","1,142.97","1,114.30",-,-1.95%
1998-8-3,"1,112.44","1,120.67","1,121.79","1,110.39",-,-0.73%
1998-8-4,"1,072.12","1,112.44","1,119.73","1,071.82",-,-3.62%
1998-8-5,"1,081.43","1,072.12","1,084.80","1,057.35",-,0.87%
1998-8-6,"1,089.63","1,081.43","1,090.95","1,074.94",-,0.76%
1998-8-7,"1,089.45","1,089.63","1,102.54","1,084.72",-,-0.02%
1998-8-10,"1,083.14","1,089.45","1,092.82","1,081.76",-,-0.58%
1998-8-11,"1,068.98","1,083.14","1,083.14","1,054.00",-,-1.31%
1998-8-12,"1,084.22","1,068.98","1,084.70","1,068.98",-,1.43%
1998-8-13,"1,074.91","1,084.22","1,091.50","1,074.91",-,-0.86%
1998-8-14,"1,062.75","1,074.91","1,083.92","1,057.22",-,-1.13%
1998-8-17,"1,083.67","1,062.75","1,083.67","1,055.08",-,1.97%
1998-8-18,"1,101.20","1,083.67","1,101.72","1,083.67",-,1.62%
1998-8-19,"1,098.06","1,101.20","1,106.32","1,094.93",-,-0.29%
1998-8-20,"1,091.60","1,098.06","1,098.79","1,089.55",-,-0.59%
1998-8-21,"1,081.24","1,091.60","1,091.60","1,054.92",-,-0.95%
1998-8-24,"1,088.14","1,081.24","1,093.82","1,081.24",-,0.64%
1998-8-25,"1,092.85","1,088.14","1,106.64","1,085.53",-,0.43%
1998-8-26,"1,084.19","1,092.85","1,092.85","1,075.91",-,-0.79%
1998-8-27,"1,042.59","1,084.19","1,084.19","1,037.61",-,-3.84%
1998-8-28,"1,027.14","1,042.59","1,051.80","1,021.04",-,-1.48%
1998-8-31,957.28,"1,027.14","1,033.47",957.28,-,-6.80%
1998-9-1,994.26,957.28,"1,000.71",939.98,-,3.86%
1998-9-2,990.48,994.26,"1,013.19",988.40,-,-0.38%
1998-9-3,982.26,990.47,990.47,969.32,-,-0.83%
1998-9-4,973.89,982.26,991.41,956.51,-,-0.85%
1998-9-8,"1,023.46",973.89,"1,023.46",973.89,-,5.09%
1998-9-9,"1,006.20","1,023.46","1,027.72","1,004.56",-,-1.69%
1998-9-10,980.19,"1,006.20","1,006.20",968.64,-,-2.58%
1998-9-11,"1,009.06",980.19,"1,009.06",969.71,-,2.95%
1998-9-14,"1,029.72","1,009.06","1,038.38","1,009.06",-,2.05%
1998-9-15,"1,037.68","1,029.72","1,037.90","1,021.42",-,0.77%
1998-9-16,"1,045.48","1,037.68","1,046.07","1,029.31",-,0.75%
1998-9-17,"1,018.87","1,045.48","1,045.48","1,016.05",-,-2.55%
1998-9-18,"1,020.09","1,018.87","1,022.01","1,011.86",-,0.12%
1998-9-21,"1,023.89","1,020.09","1,026.02",993.82,-,0.37%
1998-9-22,"1,029.63","1,023.89","1,033.89","1,021.96",-,0.56%
1998-9-23,"1,066.09","1,029.63","1,066.09","1,029.63",-,3.54%
1998-9-24,"1,042.72","1,066.09","1,066.11","1,033.04",-,-2.19%
1998-9-25,"1,044.75","1,042.72","1,051.89","1,028.49",-,0.19%
1998-9-28,"1,048.69","1,044.75","1,061.46","1,042.23",-,0.38%
1998-9-29,"1,049.02","1,048.69","1,056.31","1,039.88",-,0.03%
1998-9-30,"1,017.01","1,049.02","1,049.02","1,015.73",-,-3.05%
1998-10-1,986.39,"1,017.01","1,017.01",981.29,-,-3.01%
1998-10-2,"1,002.60",986.39,"1,005.45",971.69,-,1.64%
1998-10-5,988.56,"1,002.60","1,002.60",964.72,-,-1.40%
1998-10-6,984.59,988.56,"1,008.77",974.81,-,-0.40%
1998-10-7,970.68,984.59,995.66,957.15,-,-1.41%
1998-10-8,959.44,970.68,970.68,923.32,-,-1.16%
1998-10-9,984.39,959.44,984.42,953.04,-,2.60%
1998-10-12,997.71,984.39,"1,010.71",984.39,-,1.35%
1998-10-13,994.80,997.71,"1,000.78",987.55,-,-0.29%
1998-10-14,"1,005.53",994.80,"1,014.42",987.80,-,1.08%
1998-10-15,"1,047.49","1,005.53","1,053.09","1,000.12",-,4.17%
1998-10-16,"1,056.42","1,047.49","1,062.65","1,047.49",-,0.85%
1998-10-19,"1,062.39","1,056.42","1,065.21","1,054.23",-,0.57%
1998-10-20,"1,063.93","1,062.39","1,084.06","1,060.61",-,0.14%
1998-10-21,"1,069.92","1,063.93","1,073.61","1,058.08",-,0.56%
1998-10-22,"1,078.48","1,069.92","1,080.43","1,061.47",-,0.80%
1998-10-23,"1,070.67","1,078.48","1,078.48","1,067.43",-,-0.72%
1998-10-26,"1,072.32","1,070.67","1,081.23","1,068.17",-,0.15%
1998-10-27,"1,065.34","1,072.32","1,087.08","1,063.06",-,-0.65%
1998-10-28,"1,068.09","1,065.34","1,072.79","1,059.65",-,0.26%
1998-10-29,"1,085.93","1,068.09","1,086.11","1,065.95",-,1.67%
1998-10-30,"1,098.67","1,085.93","1,103.78","1,085.93",-,1.17%
1998-11-2,"1,111.60","1,098.67","1,114.44","1,098.67",-,1.18%
1998-11-3,"1,110.84","1,111.60","1,115.02","1,106.42",-,-0.07%
1998-11-4,"1,118.67","1,110.84","1,127.18","1,110.59",-,0.70%
1998-11-5,"1,133.85","1,118.67","1,133.88","1,109.55",-,1.36%
1998-11-6,"1,141.01","1,133.85","1,141.30","1,131.18",-,0.63%
1998-11-9,"1,130.20","1,141.01","1,141.01","1,123.17",-,-0.95%
1998-11-10,"1,128.26","1,130.20","1,135.37","1,122.80",-,-0.17%
1998-11-11,"1,120.97","1,128.26","1,136.25","1,117.40",-,-0.65%
1998-11-12,"1,117.69","1,120.97","1,126.57","1,115.55",-,-0.29%
1998-11-13,"1,125.72","1,117.69","1,126.34","1,116.76",-,0.72%
1998-11-16,"1,135.87","1,125.72","1,138.72","1,125.72",-,0.90%
1998-11-17,"1,139.32","1,135.87","1,151.71","1,129.67",-,0.30%
1998-11-18,"1,144.48","1,139.32","1,144.52","1,133.07",-,0.45%
1998-11-19,"1,152.61","1,144.48","1,155.10","1,144.42",-,0.71%
1998-11-20,"1,163.55","1,152.61","1,163.55","1,152.61",-,0.95%
1998-11-23,"1,188.21","1,163.55","1,188.21","1,163.55",-,2.12%
1998-11-24,"1,182.99","1,188.21","1,191.30","1,181.81",-,-0.44%
1998-11-25,"1,186.87","1,182.99","1,187.16","1,179.37",-,0.33%
1998-11-27,"1,192.33","1,186.87","1,192.97","1,186.83",-,0.46%
1998-11-30,"1,163.63","1,192.33","1,192.72","1,163.63",-,-2.41%
1998-12-1,"1,175.28","1,163.63","1,175.89","1,150.31",-,1.00%
1998-12-2,"1,171.25","1,175.28","1,175.28","1,157.76",-,-0.34%
1998-12-3,"1,150.14","1,171.25","1,176.99","1,149.61",-,-1.80%
1998-12-4,"1,176.74","1,150.14","1,176.74","1,150.14",-,2.31%
1998-12-7,"1,187.70","1,176.74","1,188.96","1,176.71",-,0.93%
1998-12-8,"1,181.38","1,187.70","1,193.53","1,172.78",-,-0.53%
1998-12-9,"1,183.49","1,181.38","1,185.22","1,175.89",-,0.18%
1998-12-10,"1,165.02","1,183.49","1,183.77","1,163.75",-,-1.56%
1998-12-11,"1,166.46","1,165.02","1,167.89","1,153.19",-,0.12%
1998-12-14,"1,141.20","1,166.46","1,166.46","1,136.89",-,-2.17%
1998-12-15,"1,162.83","1,141.20","1,162.83","1,141.20",-,1.90%
1998-12-16,"1,161.94","1,162.83","1,166.29","1,154.69",-,-0.08%
1998-12-17,"1,179.98","1,161.94","1,180.03","1,161.94",-,1.55%
1998-12-18,"1,188.03","1,179.98","1,188.89","1,178.27",-,0.68%
1998-12-21,"1,202.84","1,188.03","1,210.88","1,188.03",-,1.25%
1998-12-22,"1,203.57","1,202.84","1,209.22","1,192.72",-,0.06%
1998-12-23,"1,228.54","1,203.57","1,229.89","1,203.57",-,2.07%
1998-12-24,"1,226.27","1,228.54","1,229.72","1,224.85",-,-0.18%
1998-12-28,"1,225.49","1,226.27","1,231.52","1,221.17",-,-0.06%
1998-12-29,"1,241.81","1,225.49","1,241.86","1,220.78",-,1.33%
1998-12-30,"1,231.93","1,241.81","1,244.93","1,231.20",-,-0.80%
1998-12-31,"1,229.23","1,231.93","1,237.18","1,224.96",-,-0.22%
1999-1-4,"1,228.10","1,229.23","1,248.81","1,219.10",-,-0.09%
1999-1-5,"1,244.78","1,228.10","1,246.11","1,228.10",-,1.36%
1999-1-6,"1,272.34","1,244.78","1,272.50","1,244.78",-,2.21%
1999-1-7,"1,269.73","1,272.34","1,272.34","1,257.68",-,-0.21%
1999-1-8,"1,275.09","1,269.73","1,278.24","1,261.82",-,0.42%
1999-1-11,"1,263.88","1,275.09","1,276.22","1,253.34",-,-0.88%
1999-1-12,"1,239.51","1,263.88","1,264.45","1,238.29",-,-1.93%
1999-1-13,"1,234.40","1,239.51","1,247.75","1,205.46",-,-0.41%
1999-1-14,"1,212.19","1,234.40","1,236.81","1,209.54",-,-1.80%
1999-1-15,"1,243.26","1,212.19","1,243.26","1,212.19",-,2.56%
1999-1-19,"1,252.00","1,243.26","1,253.27","1,234.91",-,0.70%
1999-1-20,"1,256.62","1,252.00","1,274.07","1,251.54",-,0.37%
1999-1-21,"1,235.16","1,256.62","1,256.94","1,232.19",-,-1.71%
1999-1-22,"1,225.19","1,235.16","1,236.41","1,217.97",-,-0.81%
1999-1-25,"1,233.98","1,225.19","1,233.98","1,219.46",-,0.72%
1999-1-26,"1,252.31","1,233.98","1,253.25","1,233.98",-,1.49%
1999-1-27,"1,243.17","1,252.31","1,262.61","1,242.82",-,-0.73%
1999-1-28,"1,265.37","1,243.17","1,266.40","1,243.17",-,1.79%
1999-1-29,"1,279.64","1,265.37","1,280.37","1,255.18",-,1.13%
1999-2-1,"1,273.00","1,279.64","1,283.75","1,271.31",-,-0.52%
1999-2-2,"1,261.99","1,273.00","1,273.49","1,247.56",-,-0.86%
1999-2-3,"1,272.07","1,261.99","1,276.04","1,255.27",-,0.80%
1999-2-4,"1,248.49","1,272.07","1,272.23","1,248.36",-,-1.85%
1999-2-5,"1,239.40","1,248.49","1,251.86","1,232.28",-,-0.73%
1999-2-8,"1,243.77","1,239.40","1,246.93","1,231.98",-,0.35%
1999-2-9,"1,216.14","1,243.77","1,243.97","1,215.63",-,-2.22%
1999-2-10,"1,223.55","1,216.14","1,226.78","1,211.89",-,0.61%
1999-2-11,"1,254.04","1,223.55","1,254.05","1,223.19",-,2.49%
1999-2-12,"1,230.13","1,254.04","1,254.04","1,225.53",-,-1.91%
1999-2-16,"1,241.87","1,230.13","1,252.17","1,230.13",-,0.95%
1999-2-17,"1,224.03","1,241.87","1,249.31","1,220.92",-,-1.44%
1999-2-18,"1,237.28","1,224.03","1,239.13","1,220.70",-,1.08%
1999-2-19,"1,239.22","1,237.28","1,247.91","1,232.03",-,0.16%
1999-2-22,"1,272.14","1,239.22","1,272.22","1,239.22",-,2.66%
1999-2-23,"1,271.18","1,272.14","1,280.38","1,263.36",-,-0.08%
1999-2-24,"1,253.41","1,271.18","1,283.84","1,251.94",-,-1.40%
1999-2-25,"1,245.02","1,253.41","1,253.41","1,225.01",-,-0.67%
1999-2-26,"1,238.33","1,245.02","1,246.73","1,226.24",-,-0.54%
1999-3-1,"1,236.16","1,238.33","1,238.70","1,221.88",-,-0.18%
1999-3-2,"1,225.50","1,236.16","1,248.31","1,221.87",-,-0.86%
1999-3-3,"1,227.70","1,225.50","1,231.63","1,216.03",-,0.18%
1999-3-4,"1,246.64","1,227.70","1,247.74","1,227.70",-,1.54%
1999-3-5,"1,275.47","1,246.64","1,275.73","1,246.64",-,2.31%
1999-3-8,"1,282.73","1,275.47","1,282.74","1,271.58",-,0.57%
1999-3-9,"1,279.84","1,282.73","1,293.74","1,275.11",-,-0.23%
1999-3-10,"1,286.84","1,279.84","1,287.02","1,275.16",-,0.55%
1999-3-11,"1,297.68","1,286.84","1,306.43","1,286.84",-,0.84%
1999-3-12,"1,294.59","1,297.68","1,304.42","1,289.17",-,-0.24%
1999-3-15,"1,307.26","1,294.59","1,307.47","1,291.03",-,0.98%
1999-3-16,"1,306.38","1,307.26","1,311.11","1,302.29",-,-0.07%
1999-3-17,"1,297.82","1,306.38","1,306.55","1,292.63",-,-0.66%
1999-3-18,"1,316.55","1,297.82","1,317.62","1,294.75",-,1.44%
1999-3-19,"1,299.29","1,316.55","1,323.82","1,298.92",-,-1.31%
1999-3-22,"1,297.01","1,299.29","1,303.84","1,294.26",-,-0.18%
1999-3-23,"1,262.14","1,297.01","1,297.01","1,257.46",-,-2.69%
1999-3-24,"1,268.59","1,262.14","1,269.02","1,256.43",-,0.51%
1999-3-25,"1,289.99","1,268.59","1,289.99","1,268.59",-,1.69%
1999-3-26,"1,282.80","1,289.99","1,289.99","1,277.25",-,-0.56%
1999-3-29,"1,310.17","1,282.80","1,311.76","1,282.80",-,2.13%
1999-3-30,"1,300.75","1,310.17","1,310.17","1,295.47",-,-0.72%
1999-3-31,"1,286.37","1,300.75","1,313.60","1,285.87",-,-1.11%
1999-4-1,"1,293.72","1,286.37","1,294.54","1,282.56",-,0.57%
1999-4-5,"1,321.12","1,293.72","1,321.12","1,293.72",-,2.12%
1999-4-6,"1,317.89","1,321.12","1,326.76","1,311.07",-,-0.24%
1999-4-7,"1,326.89","1,317.89","1,329.58","1,312.59",-,0.68%
1999-4-8,"1,343.98","1,326.89","1,344.08","1,321.60",-,1.29%
1999-4-9,"1,348.35","1,343.98","1,351.22","1,335.24",-,0.33%
1999-4-12,"1,358.63","1,348.35","1,358.69","1,333.48",-,0.76%
1999-4-13,"1,349.82","1,358.64","1,362.38","1,344.03",-,-0.65%
1999-4-14,"1,328.44","1,349.82","1,357.24","1,326.41",-,-1.58%
1999-4-15,"1,322.85","1,328.44","1,332.41","1,308.38",-,-0.42%
1999-4-16,"1,319.00","1,322.86","1,325.03","1,311.40",-,-0.29%
1999-4-19,"1,289.48","1,319.00","1,340.10","1,284.48",-,-2.24%
1999-4-20,"1,306.17","1,289.48","1,306.30","1,284.21",-,1.29%
1999-4-21,"1,336.12","1,306.17","1,336.12","1,301.84",-,2.29%
1999-4-22,"1,358.82","1,336.12","1,358.84","1,336.12",-,1.70%
1999-4-23,"1,356.85","1,358.83","1,363.65","1,348.45",-,-0.14%
1999-4-26,"1,360.04","1,356.85","1,363.56","1,353.72",-,0.24%
1999-4-27,"1,362.80","1,360.04","1,371.56","1,356.55",-,0.20%
1999-4-28,"1,350.91","1,362.80","1,368.62","1,348.29",-,-0.87%
1999-4-29,"1,342.83","1,350.91","1,356.75","1,336.81",-,-0.60%
1999-4-30,"1,335.18","1,342.83","1,351.83","1,314.58",-,-0.57%
1999-5-3,"1,354.63","1,335.18","1,354.63","1,329.01",-,1.46%
1999-5-4,"1,332.00","1,354.63","1,354.64","1,330.64",-,-1.67%
1999-5-5,"1,347.31","1,332.00","1,347.32","1,317.44",-,1.15%
1999-5-6,"1,332.05","1,347.31","1,348.36","1,322.56",-,-1.13%
1999-5-7,"1,345.00","1,332.05","1,345.99","1,332.05",-,0.97%
1999-5-10,"1,340.30","1,345.00","1,352.01","1,334.00",-,-0.35%
1999-5-11,"1,355.61","1,340.30","1,360.00","1,340.30",-,1.14%
1999-5-12,"1,364.00","1,355.61","1,367.36","1,333.10",-,0.62%
1999-5-13,"1,367.56","1,364.00","1,375.98","1,364.00",-,0.26%
1999-5-14,"1,337.80","1,367.56","1,367.56","1,332.63",-,-2.18%
1999-5-17,"1,339.49","1,337.80","1,339.95","1,321.19",-,0.13%
1999-5-18,"1,333.32","1,339.49","1,345.44","1,323.46",-,-0.46%
1999-5-19,"1,344.23","1,333.32","1,344.23","1,327.05",-,0.82%
1999-5-20,"1,338.83","1,344.23","1,350.49","1,338.83",-,-0.40%
1999-5-21,"1,330.29","1,338.83","1,340.88","1,326.19",-,-0.64%
1999-5-24,"1,306.65","1,330.29","1,333.02","1,303.53",-,-1.78%
1999-5-25,"1,284.40","1,306.65","1,317.52","1,284.38",-,-1.70%
1999-5-26,"1,304.76","1,284.40","1,304.85","1,278.43",-,1.59%
1999-5-27,"1,281.41","1,304.76","1,304.76","1,277.31",-,-1.79%
1999-5-28,"1,301.84","1,281.41","1,304.00","1,281.41",-,1.59%
1999-6-1,"1,294.26","1,301.84","1,301.84","1,281.44",-,-0.58%
1999-6-2,"1,294.81","1,294.26","1,297.10","1,277.47",-,0.04%
1999-6-3,"1,299.54","1,294.81","1,304.15","1,294.20",-,0.37%
1999-6-4,"1,327.75","1,299.54","1,327.75","1,299.54",-,2.17%
1999-6-7,"1,334.52","1,327.75","1,336.42","1,325.89",-,0.51%
1999-6-8,"1,317.33","1,334.52","1,334.52","1,312.83",-,-1.29%
1999-6-9,"1,318.64","1,317.33","1,326.01","1,314.73",-,0.10%
1999-6-10,"1,302.82","1,318.64","1,318.64","1,293.28",-,-1.20%
1999-6-11,"1,293.64","1,302.82","1,311.97","1,287.88",-,-0.70%
1999-6-14,"1,294.00","1,293.64","1,301.99","1,292.20",-,0.03%
1999-6-15,"1,301.16","1,294.00","1,310.76","1,294.00",-,0.55%
1999-6-16,"1,330.41","1,301.16","1,332.83","1,301.16",-,2.25%
1999-6-17,"1,339.90","1,330.41","1,343.54","1,322.75",-,0.71%
1999-6-18,"1,342.84","1,339.90","1,344.48","1,333.52",-,0.22%
1999-6-21,"1,349.00","1,342.84","1,349.06","1,337.63",-,0.46%
1999-6-22,"1,335.88","1,349.00","1,351.12","1,335.52",-,-0.97%
1999-6-23,"1,333.06","1,335.87","1,335.88","1,322.55",-,-0.21%
1999-6-24,"1,315.78","1,333.06","1,333.06","1,308.47",-,-1.30%
1999-6-25,"1,315.31","1,315.78","1,329.13","1,312.64",-,-0.04%
1999-6-28,"1,331.35","1,315.31","1,333.68","1,315.31",-,1.22%
1999-6-29,"1,351.45","1,331.35","1,351.51","1,328.40",-,1.51%
1999-6-30,"1,372.71","1,351.45","1,372.93","1,338.78",-,1.57%
1999-7-1,"1,380.96","1,372.71","1,382.80","1,360.80",-,0.60%
1999-7-2,"1,391.22","1,380.96","1,391.22","1,379.57",-,0.74%
1999-7-6,"1,388.12","1,391.22","1,405.29","1,387.08",-,-0.22%
1999-7-7,"1,395.86","1,388.12","1,395.88","1,384.95",-,0.56%
1999-7-8,"1,394.42","1,395.86","1,403.25","1,386.69",-,-0.10%
1999-7-9,"1,403.28","1,394.42","1,403.28","1,394.42",-,0.64%
1999-7-12,"1,399.10","1,403.28","1,406.82","1,394.70",-,-0.30%
1999-7-13,"1,393.56","1,399.10","1,399.10","1,386.84",-,-0.40%
1999-7-14,"1,398.17","1,393.56","1,400.05","1,386.51",-,0.33%
1999-7-15,"1,409.62","1,398.17","1,409.84","1,398.17",-,0.82%
1999-7-16,"1,418.78","1,409.62","1,418.78","1,407.07",-,0.65%
1999-7-19,"1,407.65","1,418.78","1,420.33","1,404.56",-,-0.78%
1999-7-20,"1,377.10","1,407.65","1,407.65","1,375.15",-,-2.17%
1999-7-21,"1,379.29","1,377.10","1,386.66","1,372.63",-,0.16%
1999-7-22,"1,360.97","1,379.29","1,379.29","1,353.98",-,-1.33%
1999-7-23,"1,356.94","1,360.97","1,367.41","1,349.91",-,-0.30%
1999-7-26,"1,347.76","1,356.94","1,358.61","1,346.20",-,-0.68%
1999-7-27,"1,362.84","1,347.75","1,368.70","1,347.75",-,1.12%
1999-7-28,"1,365.40","1,362.84","1,370.53","1,355.54",-,0.19%
1999-7-29,"1,341.03","1,365.40","1,365.40","1,332.82",-,-1.78%
1999-7-30,"1,328.72","1,341.03","1,350.92","1,328.49",-,-0.92%
1999-8-2,"1,328.05","1,328.72","1,344.69","1,325.21",-,-0.05%
1999-8-3,"1,322.18","1,328.05","1,336.13","1,314.91",-,-0.44%
1999-8-4,"1,305.33","1,322.18","1,330.16","1,304.50",-,-1.27%
1999-8-5,"1,313.71","1,305.33","1,313.71","1,287.23",-,0.64%
1999-8-6,"1,300.29","1,313.71","1,316.74","1,293.19",-,-1.02%
1999-8-9,"1,297.80","1,300.29","1,306.68","1,295.99",-,-0.19%
1999-8-10,"1,281.43","1,297.80","1,298.62","1,267.73",-,-1.26%
1999-8-11,"1,301.93","1,281.43","1,301.93","1,281.43",-,1.60%
1999-8-12,"1,298.16","1,301.93","1,313.61","1,298.06",-,-0.29%
1999-8-13,"1,327.68","1,298.16","1,327.72","1,298.16",-,2.27%
1999-8-16,"1,330.77","1,327.68","1,331.05","1,320.51",-,0.23%
1999-8-17,"1,344.16","1,330.77","1,344.16","1,328.76",-,1.01%
1999-8-18,"1,332.84","1,344.16","1,344.16","1,332.13",-,-0.84%
1999-8-19,"1,323.59","1,332.84","1,332.84","1,315.35",-,-0.69%
1999-8-20,"1,336.61","1,323.59","1,336.61","1,323.59",-,0.98%
1999-8-23,"1,360.22","1,336.61","1,360.24","1,336.61",-,1.77%
1999-8-24,"1,363.50","1,360.22","1,373.32","1,353.63",-,0.24%
1999-8-25,"1,381.79","1,363.50","1,382.84","1,359.20",-,1.34%
1999-8-26,"1,362.01","1,381.79","1,381.79","1,361.53",-,-1.43%
1999-8-27,"1,348.27","1,362.01","1,365.63","1,347.35",-,-1.01%
1999-8-30,"1,324.02","1,348.27","1,350.70","1,322.80",-,-1.80%
1999-8-31,"1,320.41","1,324.02","1,333.27","1,306.96",-,-0.27%
1999-9-1,"1,331.07","1,320.41","1,331.18","1,320.39",-,0.81%
1999-9-2,"1,319.11","1,331.07","1,331.07","1,304.88",-,-0.90%
1999-9-3,"1,357.24","1,319.11","1,357.74","1,319.11",-,2.89%
1999-9-7,"1,350.45","1,357.24","1,361.39","1,349.59",-,-0.50%
1999-9-8,"1,344.15","1,350.45","1,355.18","1,337.36",-,-0.47%
1999-9-9,"1,347.66","1,344.15","1,347.66","1,333.91",-,0.26%
1999-9-10,"1,351.66","1,347.66","1,357.62","1,346.20",-,0.30%
1999-9-13,"1,344.13","1,351.66","1,351.66","1,341.70",-,-0.56%
1999-9-14,"1,336.29","1,344.13","1,344.18","1,330.61",-,-0.58%
1999-9-15,"1,317.97","1,336.29","1,347.21","1,317.97",-,-1.37%
1999-9-16,"1,318.48","1,317.97","1,322.51","1,299.97",-,0.04%
1999-9-17,"1,335.42","1,318.48","1,337.59","1,318.48",-,1.28%
1999-9-20,"1,335.53","1,335.42","1,338.38","1,330.61",-,0.01%
1999-9-21,"1,307.58","1,335.52","1,335.53","1,301.97",-,-2.09%
1999-9-22,"1,310.51","1,307.58","1,316.18","1,297.81",-,0.22%
1999-9-23,"1,280.41","1,310.51","1,315.25","1,277.30",-,-2.30%
1999-9-24,"1,277.36","1,280.41","1,281.17","1,263.84",-,-0.24%
1999-9-27,"1,283.31","1,277.36","1,295.03","1,277.36",-,0.47%
1999-9-28,"1,282.20","1,283.31","1,285.55","1,256.26",-,-0.09%
1999-9-29,"1,268.37","1,282.20","1,288.83","1,268.16",-,-1.08%
1999-9-30,"1,282.71","1,268.37","1,291.31","1,268.37",-,1.13%
1999-10-1,"1,282.81","1,282.71","1,283.17","1,265.78",-,0.01%
1999-10-4,"1,304.60","1,282.81","1,304.60","1,282.81",-,1.70%
1999-10-5,"1,301.35","1,304.60","1,316.41","1,286.44",-,-0.25%
